gi,1444309200000,242.5,245.0,242.5,245.0,0.60665438
gi,1444312800000,244.84,245.0,244.5,245.0,4.4536489307
gi,1444316400000,244.99,244.99,244.92,244.92,3.0169258277
gi,1444320000000,244.9,244.9,244.25,244.25,3.89525246
gi,1444323600000,244.02,244.99,244.02,244.99,3.9206320032
gi,1444327200000,244.99,244.99,244.0,244.0,3.69047209
gi,1444330800000,244.0,244.0,244.0,244.0,1.5314556791
gi,1444334400000,243.6,244.0,243.6,244.0,0.17704918
gi,1444338000000,243.95,243.95,243.95,243.95,0.04132231
gi,1444341600000,243.95,244.0,243.8,243.95,4.71303031
gi,1444345200000,243.9,243.95,243.72,243.95,5.7082594305
gi,1444348800000,243.72,243.72,243.6,243.6,3.0
gi,1444388400000,243.75,243.75,243.63,243.63,1.0
gi,1444395600000,244.0,244.0,244.0,244.0,3.9732542823
gi,1444399200000,244.0,244.0,244.0,244.0,4.17182852
gi,1444410000000,244.0,244.0,243.7,243.7,0.229184
gi,1444417200000,244.03,244.06,244.03,244.06,3.43344122
gi,1444420800000,244.06,249.97,244.06,249.97,35.6879165708
gi,1444424400000,244.75,245.99,244.75,245.39,4.5314161753
gi,1444431600000,245.39,245.39,245.39,245.39,0.0008
gi,1444438800000,245.51,245.54,245.51,245.54,8.1192267717
gi,1444442400000,245.53,245.53,245.51,245.51,0.44
gi,1444449600000,245.51,245.51,244.6,245.45,15.9744759083
gi,1444474800000,244.6,244.6,244.6,244.6,2.69
gi,1444482000000,245.18,245.18,245.18,245.18,0.9975062344
gi,1444489200000,245.0,245.4,245.0,245.37,6.23239377
gi,1444492800000,245.37,245.37,245.37,245.37,0.41265196
gi,1444510800000,245.37,245.75,245.37,245.75,0.07252265
gi,1444518000000,245.75,246.3,245.75,246.3,4.41
gi,1444528800000,246.3,246.3,246.3,246.3,0.08099878
gi,1444579200000,245.96,246.5,245.96,246.5,7.32378358
gi,1444582800000,247.45,248.24,247.45,248.24,2.597561964
gi,1444586400000,248.24,248.24,248.24,248.24,0.4018313867
gi,1444590000000,248.24,248.24,248.24,248.24,0.24165162
gi,1444597200000,248.24,248.24,247.77,247.77,0.5953185
gi,1444600800000,248.2,248.24,248.2,248.24,2.8438252793
gi,1444604400000,249.0,249.5,249.0,249.5,0.4028118331
gi,1444608000000,249.0,249.0,249.0,249.0,0.40160642
gi,1444618800000,248.98,248.98,248.98,248.98,7.9387
gi,1444622400000,248.71,248.71,248.71,248.71,0.23
gi,1444636800000,248.71,248.71,248.71,248.71,0.86
gi,1444644000000,248.71,248.71,248.71,248.71,0.41
gi,1444647600000,248.71,248.71,247.72,247.72,9.79027351
gi,1444654800000,247.72,247.72,247.62,247.62,25.638
gi,1444658400000,247.62,247.62,247.62,247.62,0.42
gi,1444662000000,247.9,247.9,247.62,247.62,4.91
gi,1444665600000,247.63,247.91,247.63,247.91,1.96
gi,1444669200000,247.62,247.62,247.62,247.62,0.2499
gi,1444676400000,247.6,247.6,247.6,247.6,4.399
gi,1444680000000,247.6,247.6,247.6,247.6,1.96
gi,1444683600000,247.61,247.61,247.6,247.6,0.22
gi,1444690800000,247.6,247.6,247.6,247.6,3.4
gi,1444694400000,247.6,247.6,247.24,247.24,5.22438856
gi,1444698000000,247.33,247.33,247.1,247.1,6.2021805314
gi,1444701600000,247.1,247.1,245.75,245.75,3.174
gi,1444705200000,245.75,245.75,245.75,245.75,2.0
gi,1444716000000,246.24,246.4,246.24,246.4,5.05097906
gi,1444719600000,247.22,248.0,247.22,248.0,13.29138404
gi,1444723200000,248.3,248.3,248.3,248.3,0.43
gi,1444730400000,248.3,248.3,248.3,248.3,0.88
gi,1444734000000,248.3,252.87,248.3,252.87,29.265771016
gi,1444737600000,251.45,251.45,251.45,251.45,2.805
gi,1444744800000,251.74,251.74,251.35,251.35,7.1108361374
gi,1444748400000,251.3,251.3,250.8,250.8,14.75108593
gi,1444752000000,250.28,250.28,250.28,250.28,0.00395556
gi,1444755600000,250.0,250.0,250.0,250.0,0.0365496
gi,1444759200000,250.0,250.0,249.92,249.92,4.79958152
gi,1444762800000,250.26,250.37,250.26,250.35,3.5506047985
gi,1444766400000,250.37,250.42,250.35,250.35,0.6854396415
gi,1444773600000,250.0,250.0,250.0,250.0,0.014
gi,1444777200000,250.03,250.42,250.0,250.42,16.15
gi,1444780800000,251.0,251.08,251.0,251.08,8.88401205
gi,1444784400000,250.8,251.0,250.8,251.0,46.9773968
gi,1444795200000,250.7,250.7,250.7,250.7,24.0
gi,1444798800000,250.89,250.89,250.89,250.89,25.0
gi,1444806000000,250.99,251.0,250.99,251.0,0.79797376
gi,1444809600000,251.86,251.86,251.14,251.15,27.5289678
gi,1444813200000,251.15,251.15,251.15,251.15,0.08
gi,1444820400000,251.15,251.15,251.15,251.15,7.137
gi,1444827600000,251.53,251.53,251.53,251.53,0.73
gi,1444834800000,251.9,253.0,251.9,253.0,7.4660299
gi,1444838400000,253.2,253.63,253.2,253.63,7.99
gi,1444842000000,253.69,254.55,253.69,254.55,2.01
gi,1444845600000,254.55,254.75,254.32,254.32,27.0
gi,1444849200000,253.92,253.92,253.92,253.92,0.30691048
gi,1444852800000,254.19,254.19,254.19,254.19,0.468111104
gi,1444856400000,254.07,254.07,254.07,254.07,0.04336008
gi,1444860000000,254.19,254.19,253.92,254.19,12.157
gi,1444863600000,253.75,253.75,253.0,253.0,12.98
gi,1444874400000,253.74,255.0,253.74,255.0,13.124208
gi,1444878000000,255.13,256.15,254.59,254.59,15.73250744
gi,1444885200000,255.9,255.9,255.9,255.9,0.05
gi,1444896000000,253.61,253.64,253.61,253.64,0.8064875
gi,1444899600000,253.7,255.47,253.0,255.47,22.3746703169
gi,1444914000000,255.47,255.47,255.47,255.47,8.4380296831
gi,1444917600000,255.45,255.45,255.45,255.45,10.0
gi,1444921200000,256.24,257.0,253.6,255.31,11.8512518658
gi,1444924800000,255.4,255.4,255.0,255.0,1.00049998
gi,1444928400000,255.4,255.4,255.4,255.4,15.58050002
gi,1444932000000,256.31,256.31,255.49,256.25,99.9605677478
gi,1444935600000,256.33,258.98,256.33,258.86,38.1999811983
gi,1444939200000,258.86,258.98,256.33,256.33,3.0811749678
gi,1444942800000,256.33,258.98,255.2,255.2,74.5872739224
gi,1444946400000,258.86,258.98,255.2,255.2,43.5129785657
gi,1444950000000,254.31,255.31,254.31,255.31,26.0748199228
gi,1444953600000,255.31,255.31,255.31,255.31,17.9908386955
gi,1444957200000,255.31,256.09,254.84,255.13,10.9934228835
gi,1444960800000,256.09,257.04,255.1,256.63,22.3038111685
gi,1444964400000,256.63,257.19,256.5,257.19,4.1556211323
gi,1444968000000,257.04,258.98,255.9,258.98,6.2438283026
gi,1444971600000,256.91,259.0,256.36,258.98,25.3473652309
gi,1444975200000,256.34,258.98,256.02,258.98,10.6753637091
gi,1444978800000,256.21,256.21,256.21,256.21,4.0
gi,1444986000000,258.98,260.0,258.98,260.0,8.6159322009
gi,1444989600000,260.53,260.53,259.2,259.2,9.784
gi,1444996800000,261.92,261.92,261.0,261.5,4.8713174326
gi,1445000400000,261.0,263.0,261.0,263.0,12.0095283104
gi,1445004000000,262.0,264.93,262.0,263.0,36.0892016887
gi,1445007600000,263.0,269.99,263.0,265.42,72.0173558645
gi,1445011200000,268.83,269.85,268.83,268.83,0.7884145689
gi,1445014800000,268.66,268.66,268.2,268.66,11.8546262801
gi,1445018400000,268.2,269.99,263.46,269.99,100.8713442112
gi,1445022000000,269.99,278.0,265.7,265.7,60.6549962657
gi,1445025600000,269.75,269.97,263.05,263.05,102.9569410928
gi,1445029200000,263.02,263.1,263.02,263.1,16.183
gi,1445032800000,263.1,269.98,262.89,263.25,10.2028833977
gi,1445036400000,263.25,269.99,263.14,264.0,4.7552152455
gi,1445040000000,264.0,264.38,264.0,264.38,4.92431789
gi,1445043600000,264.38,285.0,263.75,265.18,39.391581686
gi,1445047200000,265.38,279.0,265.38,270.0,7.3922434058
gi,1445050800000,270.0,270.0,270.0,270.0,2.5
gi,1445054400000,273.89,274.6,273.89,274.6,2.49
gi,1445058000000,274.98,274.98,270.91,270.91,84.62
gi,1445061600000,274.58,274.58,274.58,274.58,0.0997578891
gi,1445065200000,274.2,274.2,269.87,269.87,0.07171407
gi,1445068800000,272.57,274.19,267.81,274.19,1.27068
gi,1445072400000,274.19,274.19,274.19,274.19,3.23
gi,1445083200000,274.03,274.19,274.03,274.14,1.0049981954
gi,1445086800000,274.14,274.14,274.0,274.14,1.48
gi,1445090400000,274.14,274.89,274.0,274.0,33.4550018046
gi,1445094000000,272.42,273.5,271.68,273.5,20.06797367
gi,1445097600000,274.25,274.25,271.16,271.16,21.67256237
gi,1445104800000,270.0,270.0,270.0,270.0,0.0485
gi,1445108400000,270.0,270.0,268.0,268.0,0.89955
gi,1445112000000,268.0,268.0,267.71,267.71,1.94031
gi,1445115600000,269.99,270.0,269.99,270.0,2.38832999
gi,1445119200000,272.47,272.47,272.47,272.47,0.4040619631
gi,1445122800000,272.47,272.47,272.47,272.47,4.7182680269
gi,1445126400000,274.39,274.39,274.39,274.39,0.4891375918
gi,1445130000000,272.13,274.5,272.13,274.5,16.3857
gi,1445133600000,274.5,274.89,271.65,271.65,7.5087633831
gi,1445137200000,269.26,269.26,269.26,269.26,0.006
gi,1445140800000,274.22,274.22,274.22,274.22,0.0909124
gi,1445148000000,274.0,274.89,274.0,274.45,1.8153123881
gi,1445155200000,268.01,274.66,268.01,274.66,0.8
gi,1445162400000,272.44,272.44,272.44,272.44,0.09469975
gi,1445176800000,268.5,268.5,268.5,268.5,0.19523277
gi,1445180400000,268.75,268.75,268.75,268.75,2.3574558
gi,1445184000000,268.6,268.6,264.01,267.75,17.6568925811
gi,1445191200000,264.02,264.02,264.02,264.02,1.07
gi,1445202000000,268.46,268.46,268.46,268.46,0.3715660561
gi,1445220000000,269.99,269.99,269.99,269.99,0.5
gi,1445256000000,268.81,268.81,268.81,268.81,0.224
gi,1445259600000,265.0,274.38,265.0,267.39,17.5181301893
gi,1445263200000,267.39,269.86,267.39,267.89,42.495241078
gi,1445266800000,269.67,269.67,268.5,268.5,6.31573334
gi,1445270400000,268.55,274.77,268.5,274.77,7.4073123292
gi,1445274000000,274.77,274.77,270.0,270.0,31.2174430158
gi,1445277600000,272.99,272.99,268.51,268.51,8.2440506822
gi,1445281200000,268.5,274.12,268.5,272.5,7.84946123
gi,1445284800000,268.51,268.51,265.06,265.06,7.922
gi,1445288400000,272.49,272.5,265.05,272.5,3.2271820865
gi,1445292000000,272.5,272.5,266.02,266.02,0.004
gi,1445295600000,272.49,273.87,266.02,266.33,42.7392560115
gi,1445299200000,266.5,267.89,266.5,266.89,18.5081986448
gi,1445302800000,267.89,270.72,267.89,270.3,38.9741937801
gi,1445310000000,270.05,273.87,269.92,273.87,17.3046507533
gi,1445313600000,273.86,273.86,269.0,270.99,19.1319311265
gi,1445317200000,273.86,273.87,266.89,266.89,11.6878034669
gi,1445328000000,268.38,268.38,268.38,268.38,0.0508
gi,1445335200000,273.87,273.87,273.87,273.87,2.361
gi,1445346000000,268.76,268.76,268.76,268.76,0.28
gi,1445349600000,271.12,271.12,271.12,271.12,1.0
gi,1445353200000,273.5,275.99,273.5,275.99,7.114
gi,1445356800000,275.98,275.99,275.98,275.99,7.2
gi,1445360400000,270.48,270.97,270.0,270.97,1.2086516753
gi,1445364000000,270.97,274.3,270.97,272.35,0.1344976747
gi,1445367600000,275.5,275.5,271.92,274.0,4.22411678
gi,1445371200000,275.0,275.0,274.42,274.42,22.23858823
gi,1445374800000,274.87,274.87,272.0,272.0,7.61217526
gi,1445378400000,275.0,275.0,272.0,272.1,0.003
gi,1445382000000,272.1,272.25,272.0,272.0,2.63582215
gi,1445385600000,272.25,272.25,272.25,272.25,0.77
gi,1445389200000,272.25,272.25,272.25,272.25,2.06
gi,1445392800000,272.5,272.5,272.45,272.5,0.9480016701
gi,1445400000000,272.47,272.47,272.47,272.47,1.0
gi,1445407200000,272.5,272.75,272.47,272.47,16.2505166287
gi,1445410800000,272.47,272.47,272.47,272.47,1.15
gi,1445414400000,272.47,272.47,272.45,272.45,0.37
gi,1445421600000,272.45,272.45,269.5,269.5,31.2225871928
gi,1445425200000,272.7,272.7,272.0,272.0,13.85
gi,1445428800000,272.1,272.1,272.1,272.1,0.08
gi,1445432400000,272.05,272.05,272.0,272.0,10.00156495
gi,1445436000000,271.89,271.89,271.5,271.5,81.21135161
gi,1445439600000,271.5,271.5,271.5,271.5,10.0
gi,1445443200000,271.52,271.6,271.5,271.5,5.63949239
gi,1445446800000,271.0,271.3,271.0,271.3,23.4978311172
gi,1445450400000,271.25,271.25,271.25,271.25,3.68663594
gi,1445457600000,271.29,271.93,271.29,271.93,71.1038060276
gi,1445461200000,271.8,272.0,271.64,272.0,88.9339806469
gi,1445464800000,271.64,271.64,271.64,271.64,0.5
gi,1445468400000,271.64,272.0,271.26,272.0,13.68451744
gi,1445472000000,271.26,271.26,271.26,271.26,0.002
gi,1445475600000,271.26,271.26,271.26,271.26,5.12862009
gi,1445479200000,271.26,271.5,271.23,271.5,14.90910182
gi,1445493600000,271.5,271.63,271.5,271.63,44.96327809
gi,1445497200000,271.7,271.7,271.7,271.7,5.0
gi,1445500800000,271.76,273.0,271.76,273.0,61.2398558195
gi,1445504400000,275.0,275.0,275.0,275.0,0.12521819
gi,1445508000000,275.5,277.05,275.5,277.05,5.1617023061
gi,1445511600000,277.05,279.98,277.05,279.98,2.7855207839
gi,1445515200000,278.92,278.92,278.87,278.87,50.09744467
gi,1445518800000,278.86,278.88,278.8,278.88,103.06606198
gi,1445522400000,278.8,278.8,278.77,278.77,33.5600301
gi,1445526000000,278.74,278.74,278.66,278.7,32.25876338
gi,1445529600000,278.7,278.7,276.55,276.62,38.69153922
gi,1445533200000,276.79,278.25,276.73,276.75,25.0896232016
gi,1445536800000,276.73,276.75,276.72,276.75,21.00818913
gi,1445540400000,276.75,276.75,276.74,276.74,0.99312334
gi,1445544000000,276.74,276.85,276.74,276.85,122.74893093
gi,1445547600000,276.85,276.92,276.8,276.92,7.9526294523
gi,1445551200000,276.89,276.89,276.89,276.89,0.03778421
gi,1445554800000,276.92,276.92,276.92,276.92,0.27083634
gi,1445558400000,276.92,276.92,276.92,276.92,9.2022286477
gi,1445562000000,278.3,278.3,278.3,278.3,20.7330219
gi,1445565600000,278.33,278.33,278.33,278.33,0.7506473639
gi,1445569200000,278.33,278.33,278.25,278.25,44.1141969
gi,1445572800000,278.25,278.25,276.89,276.92,65.2
gi,1445576400000,276.92,279.89,276.92,279.89,41.6105089434
gi,1445580000000,279.88,279.88,279.88,279.88,0.25
gi,1445583600000,279.88,279.89,279.88,279.88,26.0371717104
gi,1445587200000,279.89,283.95,279.89,280.28,16.6127530262
gi,1445590800000,279.88,279.88,279.87,279.87,25.0
gi,1445601600000,279.87,281.0,279.86,279.86,109.83573088
gi,1445605200000,279.86,279.86,279.86,279.86,1.14
gi,1445608800000,280.95,281.0,280.89,281.0,50.4952066385
gi,1445612400000,280.89,280.92,280.89,280.91,26.47835228
gi,1445616000000,280.89,280.91,280.89,280.89,25.4737533013
gi,1445619600000,280.91,280.91,280.89,280.89,34.40494772
gi,1445623200000,280.8,280.8,280.51,280.51,24.77617521
gi,1445626800000,280.88,280.89,280.88,280.89,0.08
gi,1445630400000,280.89,280.89,280.19,280.19,66.6123625506
gi,1445634000000,280.22,280.22,280.19,280.19,0.11568624
gi,1445637600000,280.19,280.2,280.19,280.19,1.08
gi,1445641200000,280.2,280.25,280.19,280.25,44.49007
gi,1445644800000,280.25,280.25,280.22,280.25,77.2769015
gi,1445648400000,280.25,280.25,280.25,280.25,0.00702943
gi,1445652000000,280.25,280.25,280.23,280.23,39.2268770535
gi,1445655600000,280.25,281.78,280.25,281.78,72.48581193
gi,1445659200000,281.67,281.67,281.62,281.62,2.61182515
gi,1445662800000,281.0,281.0,280.97,280.97,25.0
gi,1445666400000,280.97,280.97,280.97,280.97,2.0541030965
gi,1445684400000,281.38,281.38,281.38,281.38,0.4037103204
gi,1445688000000,281.42,281.42,281.35,281.42,0.4961303467
gi,1445698800000,282.91,283.42,282.91,283.42,104.5997435843
gi,1445706000000,282.0,282.0,281.3,281.3,7.51705999
gi,1445716800000,281.2,282.93,281.14,281.14,1.8834457928
gi,1445720400000,282.64,282.64,282.64,282.64,25.0
gi,1445724000000,281.62,283.04,281.62,283.04,25.558
gi,1445727600000,283.89,285.0,283.89,285.0,9.4638466194
gi,1445731200000,285.99,287.0,285.99,287.0,0.32105467
gi,1445734800000,287.0,287.0,285.35,286.92,3.1094510641
gi,1445738400000,287.01,287.01,287.01,287.01,2.0
gi,1445742000000,287.69,290.0,287.69,290.0,1.44501526
gi,1445745600000,287.33,290.63,287.33,289.4,5.7637171352
gi,1445749200000,289.45,294.46,289.45,294.46,3.0203963311
gi,1445752800000,292.5,294.1,292.5,294.1,25.85142807
gi,1445778000000,293.87,293.87,293.87,293.87,0.0008485948
gi,1445781600000,294.83,295.0,294.83,295.0,7.89160092
gi,1445785200000,296.83,296.83,296.0,296.0,2.0
gi,1445788800000,297.0,297.0,295.5,296.22,6.9778192509
gi,1445796000000,294.63,294.63,294.59,294.59,0.002
gi,1445803200000,294.29,294.29,294.0,294.0,1.75609473
gi,1445806800000,293.09,293.09,287.39,287.39,6.14446619
gi,1445810400000,291.14,291.14,291.0,291.0,1.7066115106
gi,1445814000000,289.4,289.4,285.01,285.01,3.40737596
gi,1445821200000,286.84,287.6,286.84,287.59,47.7268591
gi,1445824800000,289.03,289.03,284.98,284.98,26.7081815407
gi,1445828400000,285.0,285.0,285.0,285.0,1.0
gi,1445832000000,285.07,285.07,283.99,283.99,25.515
gi,1445850000000,286.19,286.19,286.19,286.19,0.03494182
gi,1445864400000,284.55,284.55,284.55,284.55,0.44352135
gi,1445871600000,286.75,288.89,286.75,288.89,74.6047936655
gi,1445875200000,288.89,290.0,288.89,290.0,29.4415229976
gi,1445878800000,290.0,294.53,288.89,288.89,9.7609217111
gi,1445882400000,296.99,296.99,288.89,288.89,20.25685866
gi,1445886000000,288.52,288.52,286.0,286.0,43.03549147
gi,1445889600000,288.52,288.91,288.52,288.91,33.5841964313
gi,1445893200000,288.54,288.54,288.54,288.54,24.9376904311
gi,1445896800000,288.54,288.54,288.54,288.54,1.3764077786
gi,1445900400000,288.54,288.54,288.54,288.54,1.1970143954
gi,1445904000000,288.54,289.0,288.54,289.0,91.0251979136
gi,1445907600000,289.0,291.25,289.0,291.25,9.4540714157
gi,1445911200000,290.0,290.0,290.0,290.0,1.0773269199
gi,1445914800000,290.0,292.75,290.0,291.69,114.5348344325
gi,1445918400000,288.54,290.78,288.53,290.78,80.4413069953
gi,1445922000000,290.45,290.66,290.45,290.66,0.90449299
gi,1445925600000,290.33,290.33,290.33,290.33,0.025
gi,1445940000000,290.99,290.99,290.99,290.99,0.12
gi,1445943600000,291.7,291.7,291.7,291.7,11.9687069607
gi,1445947200000,291.7,292.5,291.7,292.5,16.1412930393
gi,1445950800000,293.0,294.98,293.0,294.98,10.6776778399
gi,1445954400000,294.32,294.99,294.32,294.99,25.0006328
gi,1445958000000,293.75,294.0,293.75,294.0,0.7155
gi,1445961600000,294.69,294.7,294.69,294.69,14.27513296
gi,1445965200000,294.7,294.7,294.7,294.7,15.6196673152
gi,1445968800000,294.68,295.0,294.68,294.82,34.5615685496
gi,1445972400000,294.82,295.0,294.82,295.0,27.2799179928
gi,1445979600000,294.99,299.0,294.99,298.38,120.99564496
gi,1445983200000,298.38,298.38,298.2,298.22,111.0733872598
gi,1445986800000,298.2,298.22,298.2,298.22,6.51545816
gi,1445990400000,298.2,298.2,298.2,298.2,0.4
gi,1445994000000,298.22,298.38,298.22,298.38,101.8981807002
gi,1445997600000,298.35,298.38,298.35,298.38,6.5519339623
gi,1446001200000,298.38,298.38,298.35,298.38,65.0753007877
gi,1446004800000,299.99,309.0,299.99,301.3,169.81640375
gi,1446008400000,301.3,301.3,301.3,301.3,26.675
gi,1446012000000,301.29,301.3,301.29,301.29,87.9191548
gi,1446022800000,301.3,303.85,301.3,303.85,69.03
gi,1446026400000,301.29,301.29,301.29,301.29,25.0
gi,1446030000000,303.82,303.82,303.75,303.75,0.7346670384
gi,1446033600000,304.33,305.59,304.33,305.59,6.5891898432
gi,1446037200000,305.82,306.5,305.79,306.5,21.1219147186
gi,1446040800000,306.39,307.8,306.39,307.8,16.7
gi,1446044400000,308.39,308.5,308.39,308.5,8.6670389979
gi,1446048000000,308.48,308.48,307.79,307.8,143.7909204388
gi,1446051600000,305.0,307.44,299.14,299.2,60.53875534
gi,1446055200000,299.2,299.2,299.2,299.2,58.237422616
gi,1446058800000,299.2,299.2,299.19,299.2,38.5371129623
gi,1446062400000,299.2,303.73,299.2,303.73,46.7108989217
gi,1446066000000,303.45,303.45,303.44,303.45,35.59916434
gi,1446069600000,303.44,307.1,303.44,307.05,225.8665423825
gi,1446073200000,307.05,307.1,307.05,307.1,7.44190641
gi,1446076800000,307.06,307.06,307.0,307.0,82.7073468667
gi,1446080400000,307.0,307.02,305.14,305.14,46.9311992642
gi,1446084000000,306.0,306.0,305.53,305.53,11.2
gi,1446087600000,307.0,307.0,306.99,306.99,14.7229518379
gi,1446091200000,307.0,307.0,307.0,307.0,41.7985199444
gi,1446094800000,307.0,307.14,307.0,307.14,222.9462695218
gi,1446098400000,307.13,307.14,307.13,307.14,67.9459627287
gi,1446102000000,307.14,307.35,307.13,307.35,101.676969513
gi,1446105600000,307.35,310.0,307.35,308.74,42.7429242539
gi,1446109200000,310.0,312.07,310.0,312.0,7.9529247961
gi,1446112800000,312.07,312.07,312.07,312.07,0.4463928364
gi,1446116400000,312.07,312.07,312.07,312.07,0.31
gi,1446120000000,312.07,312.07,307.79,307.79,17.4382549483
gi,1446123600000,310.05,315.0,310.05,315.0,35.0899861462
gi,1446127200000,314.84,315.0,314.84,315.0,0.1791671614
gi,1446130800000,315.0,320.01,315.0,320.01,222.4427569077
gi,1446134400000,320.0,320.01,320.0,320.0,181.3955889085
gi,1446138000000,312.26,319.43,310.98,314.75,91.1045811971
gi,1446141600000,312.75,314.89,310.51,314.89,141.0223812277
gi,1446145200000,314.59,314.77,261.51,314.06,210.7288075664
gi,1446152400000,314.1,314.89,314.1,314.89,173.308
gi,1446156000000,314.89,314.89,314.88,314.89,8.55
gi,1446159600000,314.89,314.89,314.89,314.89,0.8018
gi,1446163200000,314.89,317.62,314.89,317.57,177.6141957
gi,1446166800000,318.06,328.8,318.06,328.8,63.0193423833
gi,1446170400000,329.42,329.94,321.42,329.92,166.5572507427
gi,1446174000000,329.93,329.93,329.92,329.93,206.4510720748
gi,1446177600000,329.93,333.0,329.93,333.0,32.3098400852
gi,1446181200000,340.0,374.0,329.92,330.0,47.0553620422
gi,1446184800000,333.0,333.0,333.0,333.0,25.32
gi,1446188400000,333.0,343.0,333.0,343.0,67.59915185
gi,1446192000000,343.0,343.0,343.0,343.0,1.17180758
gi,1446195600000,337.69,337.69,332.9,332.9,185.216
gi,1446199200000,333.18,333.18,333.18,333.18,1.2
gi,1446202800000,332.9,333.02,332.9,332.9,53.48107561
gi,1446206400000,332.9,332.9,317.86,317.86,25.3922171
gi,1446210000000,321.0,330.0,320.0,327.0,26.6666356615
gi,1446213600000,322.0,330.0,322.0,330.0,131.215
gi,1446217200000,325.8,325.85,325.28,325.28,33.2688468777
gi,1446220800000,325.85,325.85,325.28,325.79,29.4069541316
gi,1446224400000,325.79,330.0,325.67,329.98,243.0617443087
gi,1446228000000,329.98,334.17,329.98,334.17,73.0735601153
gi,1446231600000,333.2,333.74,330.35,330.35,293.028524022
gi,1446235200000,330.35,330.35,321.8,321.8,158.41438047
gi,1446238800000,321.8,326.99,321.8,323.0,31.466
gi,1446246000000,326.43,330.36,326.43,330.36,6.63266902
gi,1446249600000,330.36,336.69,330.36,336.69,53.6386396054
gi,1446253200000,329.55,333.51,327.87,333.5,26.35282533
gi,1446256800000,333.79,333.79,333.01,333.01,25.9
gi,1446260400000,334.89,334.89,334.89,334.89,1.0
gi,1446264000000,327.3,327.3,327.0,327.0,0.03023362
gi,1446267600000,325.89,325.89,325.89,325.89,1.0
gi,1446271200000,327.3,332.73,327.3,332.73,0.1259360489
gi,1446285600000,327.64,327.64,327.64,327.64,0.02511903
gi,1446303600000,327.68,327.68,317.52,317.52,10.87472506
gi,1446307200000,322.86,322.86,322.86,322.86,1.5695136191
gi,1446310800000,322.23,322.23,315.93,315.94,6.5155
gi,1446314400000,315.94,315.94,310.0,315.0,10.301393822
gi,1446318000000,314.0,314.0,314.0,314.0,1.0
gi,1446321600000,310.0,310.0,310.0,310.0,0.01
gi,1446325200000,310.0,316.32,309.15,316.11,12.36451612
gi,1446328800000,315.01,315.01,315.0,315.0,25.0
gi,1446332400000,315.0,315.0,315.0,315.0,17.3051
gi,1446336000000,319.79,319.79,319.79,319.79,42.05
gi,1446339600000,319.79,319.79,319.79,319.79,175.27596
gi,1446343200000,319.79,319.8,319.0,319.0,83.5222620058
gi,1446346800000,315.14,315.14,315.14,315.14,0.68
gi,1446350400000,319.79,319.8,319.1,319.8,50.0
gi,1446354000000,319.8,322.67,319.8,322.67,85.9291127942
gi,1446368400000,319.55,319.55,319.55,319.55,0.64
gi,1446372000000,320.4,321.0,320.4,321.0,25.90000188
gi,1446390000000,320.0,320.0,320.0,320.0,2.0
gi,1446393600000,309.89,316.99,299.76,316.35,76.5982056848
gi,1446397200000,315.76,315.76,314.87,314.87,3.60660394
gi,1446404400000,316.99,319.27,314.21,319.27,89.04623748
gi,1446408000000,321.6,321.6,321.6,321.6,0.05
gi,1446411600000,323.5,327.66,323.49,327.66,35.405818013
gi,1446415200000,328.0,329.99,328.0,329.99,36.46
gi,1446418800000,324.76,330.0,324.76,330.0,47.1396
gi,1446422400000,330.0,330.0,329.9,329.99,172.24012488
gi,1446426000000,327.61,329.98,326.1,326.1,283.81946784
gi,1446429600000,326.1,326.1,326.1,326.1,130.4
gi,1446433200000,327.75,328.0,327.75,328.0,101.8
gi,1446436800000,327.75,330.0,327.75,330.0,114.93971422
gi,1446440400000,332.96,332.96,332.96,332.96,0.1666305164
gi,1446451200000,332.99,332.99,332.99,332.99,2.08263258
gi,1446458400000,332.02,335.42,332.02,335.42,14.148
gi,1446462000000,338.0,338.0,337.83,338.0,68.64
gi,1446465600000,339.99,340.0,339.99,340.0,7.6
gi,1446469200000,341.0,342.22,341.0,341.0,236.8854463644
gi,1446472800000,341.17,341.17,336.17,336.17,165.04741372
gi,1446476400000,336.25,341.0,336.17,336.58,332.8333454158
gi,1446480000000,336.57,336.65,336.57,336.65,357.7925007802
gi,1446483600000,336.61,340.0,336.6,336.61,317.3540642198
gi,1446487200000,341.8,342.75,341.8,342.74,260.66665412
gi,1446490800000,342.74,350.0,342.7,350.0,261.0010052
gi,1446494400000,350.0,358.99,347.01,355.0,70.4004921054
gi,1446498000000,355.74,367.9,355.31,362.0,2302.4076284472
gi,1446501600000,363.98,364.0,357.2,363.96,350.946883438
gi,1446505200000,364.0,370.0,362.25,363.0,560.9958262368
gi,1446508800000,363.0,367.99,363.0,363.9,538.4723332722
gi,1446512400000,363.9,367.82,363.9,365.6,248.4266371375
gi,1446516000000,365.6,369.89,365.56,369.89,80.4769373464
gi,1446519600000,368.24,376.54,368.24,375.0,28.3243728
gi,1446523200000,377.0,378.25,376.0,377.02,31.6349983904
gi,1446526800000,380.79,385.25,376.0,380.01,26.8315933556
gi,1446530400000,379.03,379.03,370.23,370.23,6.8276335186
gi,1446534000000,372.01,372.01,370.67,370.67,1.16
gi,1446537600000,374.01,376.0,373.82,374.65,198.66666666
gi,1446544800000,382.19,382.19,374.0,374.46,4.5490166038
gi,1446548400000,375.95,375.95,375.95,375.95,24.56
gi,1446552000000,380.0,390.95,380.0,390.95,112.5437483
gi,1446555600000,394.9,394.98,394.9,394.97,359.925304844
gi,1446559200000,394.98,394.98,391.97,392.0,123.6369125138
gi,1446562800000,394.98,394.98,392.0,394.96,65.0925428114
gi,1446566400000,394.98,399.13,394.96,399.11,613.3456852108
gi,1446570000000,399.11,419.84,399.1,415.99,487.2169739812
gi,1446573600000,413.75,421.16,409.56,420.98,149.9438133882
gi,1446577200000,424.62,424.62,385.05,398.85,565.3994864022
gi,1446580800000,398.85,399.0,385.05,399.0,1106.9255408386
gi,1446584400000,399.0,406.85,390.29,397.0,546.241022198
gi,1446588000000,398.0,405.1,398.0,402.5,584.566930981
gi,1446591600000,402.5,404.09,399.79,404.09,246.74
gi,1446595200000,404.1,413.69,404.09,408.18,212.895887102
gi,1446598800000,409.56,421.0,409.56,421.0,70.4191728584
gi,1446602400000,424.9,430.0,424.66,424.66,26.28608904
gi,1446606000000,430.0,441.87,429.0,439.0,34.9025768216
gi,1446609600000,440.66,450.54,430.45,449.08,142.0330283412
gi,1446613200000,447.86,451.53,435.33,442.99,169.8451526734
gi,1446616800000,444.66,444.99,422.0,433.49,341.16377906
gi,1446620400000,435.0,443.94,433.64,443.94,138.9567206088
gi,1446624000000,442.95,446.32,436.69,441.58,0.89071504
gi,1446627600000,443.3,445.0,443.3,443.52,2.08
gi,1446631200000,443.53,459.92,443.53,459.92,50.5202955
gi,1446634800000,462.38,477.75,459.0,477.75,92.1881475338
gi,1446638400000,474.7,493.0,474.7,493.0,54.9617381288
gi,1446642000000,492.99,500.0,490.04,496.77,49.6615450364
gi,1446645600000,482.9,492.45,472.01,492.45,492.2594901546
gi,1446649200000,488.64,496.62,483.53,483.53,196.8208291734
gi,1446652800000,484.0,492.0,475.25,475.25,667.1183855642
gi,1446656400000,484.0,484.0,450.01,472.0,349.6161926156
gi,1446660000000,460.01,464.9,442.0,461.63,421.681486421
gi,1446663600000,464.9,473.65,464.9,465.08,65.6664001328
gi,1446667200000,471.07,471.07,468.68,468.78,30.028017147
gi,1446670800000,466.0,466.0,402.08,420.0,138.9810064092
gi,1446674400000,422.0,440.29,365.0,394.79,105.9155484606
gi,1446678000000,384.0,430.0,377.0,415.0,245.6497313156
gi,1446681600000,415.5,415.5,409.0,411.0,183.2903931476
gi,1446685200000,405.0,430.0,405.0,429.25,129.240573232
gi,1446688800000,429.27,439.97,429.27,429.51,140.3748740962
gi,1446692400000,439.0,450.0,429.26,441.95,141.502400951
gi,1446696000000,429.25,430.0,414.73,414.73,173.34287464
gi,1446699600000,420.0,420.0,375.0,394.59,245.1815476
gi,1446703200000,394.51,394.51,375.0,390.01,103.04840806
gi,1446706800000,385.17,405.82,384.73,388.19,140.795434739
gi,1446710400000,390.16,390.16,369.73,375.0,71.27858922
gi,1446714000000,376.95,378.97,370.96,374.4,64.5573505
gi,1446717600000,383.7,393.75,377.01,392.01,127.2736135
gi,1446721200000,392.2,405.0,385.23,405.0,32.4887478918
gi,1446724800000,399.5,401.8,399.5,401.8,3.48432054
gi,1446728400000,400.0,400.0,392.32,400.0,201.49583998
gi,1446732000000,405.0,405.01,395.07,395.07,217.6524760318
gi,1446735600000,405.0,405.0,389.22,389.22,120.933256343
gi,1446739200000,397.0,400.32,395.88,399.25,337.544818425
gi,1446742800000,398.77,398.88,395.0,398.8,125.8566249688
gi,1446746400000,398.8,407.99,398.8,405.24,123.546280638
gi,1446750000000,406.69,420.99,406.69,413.6,288.9712381218
gi,1446753600000,413.6,413.6,404.67,404.67,12.48370872
gi,1446757200000,409.83,412.0,409.83,411.99,10.5353805812
gi,1446760800000,398.1,409.78,383.9,395.0,161.27481904
gi,1446764400000,396.0,396.0,379.42,388.0,67.6655644446
gi,1446768000000,388.0,388.0,376.63,376.63,3.6026126508
gi,1446771600000,377.0,387.99,356.01,384.99,78.711760433
gi,1446775200000,362.44,380.0,355.0,363.28,391.2068245352
gi,1446778800000,363.28,367.49,363.28,367.49,20.5602718338
gi,1446782400000,355.0,364.4,355.0,355.0,11.45715642
gi,1446786000000,355.0,360.0,354.01,360.0,119.700831244
gi,1446789600000,360.0,360.0,360.0,360.0,128.299168756
gi,1446793200000,380.0,388.0,380.0,388.0,86.2460343034
gi,1446796800000,381.81,382.48,369.93,372.32,2.4434
gi,1446800400000,372.32,374.55,370.0,372.27,3.61842564
gi,1446804000000,370.47,370.47,370.47,370.47,0.02
gi,1446807600000,372.34,372.34,372.33,372.33,27.2
gi,1446811200000,380.0,380.0,379.67,380.0,9.6904843112
gi,1446814800000,375.9,375.9,375.72,375.72,176.46225912
gi,1446818400000,373.83,376.0,373.06,373.78,33.7083039022
gi,1446822000000,373.78,387.18,373.78,387.18,213.9517466446
gi,1446825600000,388.0,399.7,388.0,397.01,325.5847566488
gi,1446829200000,399.31,399.31,394.0,395.0,28.7968317658
gi,1446832800000,396.0,396.0,380.68,395.99,95.5192788082
gi,1446836400000,394.99,394.99,366.73,366.73,218.3001543498
gi,1446840000000,388.0,388.0,365.0,376.99,27.0175132038
gi,1446843600000,376.99,385.0,375.0,375.0,174.4761575926
gi,1446847200000,381.0,381.0,375.01,379.98,126.7070788868
gi,1446850800000,379.98,379.98,370.1,376.0,58.22
gi,1446854400000,376.0,381.0,376.0,381.0,159.88
gi,1446858000000,381.0,381.0,376.75,376.75,282.0204987532
gi,1446861600000,381.07,381.09,379.64,379.64,33.62
gi,1446865200000,383.93,384.9,374.97,374.97,24.5996644178
gi,1446868800000,378.56,382.0,376.81,382.0,44.4189778918
gi,1446872400000,382.0,382.0,382.0,382.0,2.705202961
gi,1446876000000,382.0,388.0,382.0,385.12,247.2156930092
gi,1446879600000,381.9,381.9,381.9,381.9,1.04841312
gi,1446883200000,380.01,385.19,380.0,385.19,37.195
gi,1446886800000,384.28,384.28,384.28,384.28,2.5957797292
gi,1446890400000,389.0,390.0,388.0,390.0,4.93786776
gi,1446894000000,386.64,386.64,385.9,385.9,10.1
gi,1446897600000,385.9,385.9,385.9,385.9,4.84366196
gi,1446901200000,390.82,391.92,387.16,391.83,26.1117453092
gi,1446904800000,390.95,391.0,388.0,388.0,20.425018347
gi,1446908400000,389.68,389.68,383.5,383.5,14.7725481142
gi,1446912000000,382.98,383.0,382.98,383.0,40.6
gi,1446915600000,382.98,383.01,382.98,382.98,189.5849155294
gi,1446919200000,383.01,389.61,383.01,389.2,198.1699138194
gi,1446922800000,389.2,389.61,384.53,385.1,115.60736668
gi,1446926400000,387.99,388.0,382.07,385.0,45.1026855334
gi,1446930000000,385.0,385.0,384.99,385.0,56.688
gi,1446933600000,385.0,388.13,385.0,388.13,91.5628329866
gi,1446937200000,387.0,387.99,387.0,387.0,138.0479472812
gi,1446940800000,387.0,387.0,383.49,383.67,25.04788768
gi,1446948000000,388.5,389.61,388.5,389.61,53.1165923712
gi,1446955200000,388.0,388.0,387.25,387.25,4.4069268578
gi,1446966000000,382.07,382.07,377.77,377.77,46.0140987
gi,1446973200000,386.44,386.44,386.44,386.44,0.2
gi,1446984000000,386.89,386.89,386.89,386.89,2.6
gi,1446994800000,386.58,386.58,386.58,386.58,0.003251223
gi,1447002000000,385.0,385.0,384.0,384.0,5.16
gi,1447005600000,384.0,384.32,381.51,381.51,1.0369994676
gi,1447012800000,383.86,383.86,383.86,383.86,2.5
gi,1447016400000,382.78,382.78,370.0,370.0,25.01704146
gi,1447020000000,363.47,377.0,363.47,377.0,1.6403008
gi,1447023600000,369.24,369.24,369.24,369.24,10.0
gi,1447027200000,373.08,373.75,369.5,369.5,35.2088491146
gi,1447030800000,367.07,367.07,361.43,365.0,41.8397574146
gi,1447034400000,364.2,372.62,364.2,368.81,177.343577283
gi,1447038000000,368.81,369.07,368.8,369.07,218.1519119656
gi,1447041600000,368.81,373.09,368.0,368.0,251.3612080344
gi,1447048800000,367.64,367.64,367.63,367.63,40.0
gi,1447056000000,370.0,370.0,370.0,370.0,3.0
gi,1447059600000,370.0,371.0,370.0,371.0,0.2862187
gi,1447066800000,371.0,386.79,371.0,386.79,34.90835344
gi,1447070400000,385.0,385.0,385.0,385.0,0.5194805
gi,1447074000000,382.41,382.41,379.74,379.74,15.4415227
gi,1447077600000,378.22,383.37,378.22,383.37,13.47212884
gi,1447081200000,383.99,384.0,383.99,384.0,39.8049482126
gi,1447084800000,383.99,384.0,374.53,377.0,393.89413136
gi,1447088400000,377.0,380.86,372.92,372.92,19.3419443108
gi,1447092000000,380.32,380.99,377.69,377.91,28.00465457
gi,1447095600000,380.8,383.44,379.07,382.87,345.4908722448
gi,1447099200000,377.53,380.0,377.53,380.0,94.506
gi,1447102800000,379.9,379.94,376.37,379.94,125.49375674
gi,1447106400000,379.94,383.0,379.94,383.0,218.58552024
gi,1447110000000,382.0,382.01,377.1,377.1,164.38566928
gi,1447113600000,378.7,378.7,370.0,370.0,27.2
gi,1447120800000,376.1,376.99,376.1,376.99,18.04
gi,1447124400000,377.0,377.0,376.97,377.0,100.98
gi,1447128000000,376.99,377.0,376.19,377.0,67.3398383736
gi,1447131600000,377.0,383.0,377.0,379.93,50.5411767664
gi,1447135200000,378.59,380.87,378.0,378.0,14.3710300512
gi,1447138800000,376.67,379.79,376.67,379.66,59.35945564
gi,1447142400000,379.66,379.66,376.59,378.45,66.8430156384
gi,1447146000000,378.45,379.18,375.87,377.72,1.22
gi,1447149600000,376.44,378.54,374.89,377.6,0.42
gi,1447153200000,376.83,376.99,374.01,374.12,5.99291848
gi,1447156800000,374.34,377.02,374.34,374.38,54.53012768
gi,1447160400000,374.2,376.46,369.22,376.46,13.5625694014
gi,1447164000000,367.5,367.5,355.01,355.01,5.40070282
gi,1447167600000,354.0,361.37,236.0,351.43,254.4105138462
gi,1447171200000,354.21,358.88,349.75,358.18,36.7265239024
gi,1447174800000,354.92,358.91,352.36,352.36,22.5523120418
gi,1447178400000,353.99,354.0,350.77,353.5,22.43371994
gi,1447182000000,353.48,354.0,350.89,354.0,44.24180238
gi,1447185600000,352.52,353.0,346.93,346.93,164.537458653
gi,1447189200000,350.01,350.01,330.0,331.0,98.161678043
gi,1447192800000,338.38,344.8,326.31,344.8,247.5074976214
gi,1447196400000,340.0,340.0,332.14,336.46,103.447521873
gi,1447200000000,339.0,341.0,335.89,335.89,116.5737998974
gi,1447203600000,333.5,343.75,327.86,327.86,152.1544774176
gi,1447207200000,325.0,325.0,303.0,311.0,88.8861771742
gi,1447210800000,311.0,311.0,309.4,311.0,74.3597878952
gi,1447214400000,321.3,327.85,313.04,314.08,100.7041526232
gi,1447218000000,313.4,313.4,309.01,309.01,68.60651218
gi,1447221600000,314.55,314.57,312.4,314.2,30.04
gi,1447225200000,313.12,313.12,310.49,311.2,0.1375093378
gi,1447228800000,312.55,322.0,312.55,322.0,12.00043394
gi,1447232400000,323.47,323.48,323.47,323.48,16.0725776114
gi,1447236000000,326.6,326.63,326.6,326.61,39.98683444
gi,1447246800000,323.9,323.9,323.9,323.9,2.0
gi,1447250400000,311.72,314.0,311.72,314.0,205.84
gi,1447254000000,312.0,312.0,303.2,307.59,236.38542722
gi,1447257600000,305.21,310.34,304.8,307.99,14.14296
gi,1447261200000,308.0,313.0,308.0,308.92,371.8792735632
gi,1447264800000,308.92,309.64,308.21,309.0,179.002613891
gi,1447268400000,309.0,309.0,309.0,309.0,0.64591756
gi,1447272000000,312.99,312.99,312.99,312.99,8.67919498
gi,1447275600000,310.5,314.68,309.0,310.0,557.624248601
gi,1447279200000,310.0,310.0,300.0,306.0,147.41066878
gi,1447282800000,300.51,310.0,300.51,310.0,40.99511396
gi,1447286400000,310.0,316.01,310.0,314.5,270.8225147046
gi,1447290000000,314.5,317.73,314.5,317.73,103.8966941554
gi,1447293600000,322.0,328.55,317.96,317.96,215.3635277988
gi,1447297200000,318.75,320.01,318.75,320.0,92.7284
gi,1447300800000,320.71,320.71,320.71,320.71,1.1979654554
gi,1447304400000,316.01,324.95,316.01,324.95,193.005548
gi,1447308000000,328.54,330.2,328.54,330.2,65.72
gi,1447311600000,331.32,332.0,331.32,332.0,29.98680724
gi,1447315200000,333.37,333.37,333.37,333.37,0.02
gi,1447318800000,340.0,344.8,339.99,344.8,201.752492
gi,1447322400000,343.31,343.31,343.31,343.31,28.7766209712
gi,1447326000000,329.45,329.46,329.45,329.45,31.7188342
gi,1447329600000,334.0,334.0,334.0,334.0,30.0
gi,1447333200000,334.0,334.0,325.0,325.0,149.6532
gi,1447336800000,329.1,334.99,324.81,326.0,47.9826588408
gi,1447344000000,331.0,331.0,330.99,331.0,18.83
gi,1447351200000,329.0,339.37,328.22,328.29,438.0773047972
gi,1447354800000,327.76,329.69,327.69,328.04,105.3766
gi,1447358400000,327.99,328.12,326.43,328.12,114.2823525704
gi,1447362000000,329.69,329.69,329.69,329.69,23.496
gi,1447365600000,329.5,335.9,329.5,335.9,219.1651509812
gi,1447369200000,334.73,341.51,334.73,340.0,20.8341809022
gi,1447383600000,340.38,340.38,337.04,337.87,5.9726475884
gi,1447387200000,337.91,338.21,337.91,337.91,60.0
gi,1447390800000,339.56,340.0,339.56,340.0,51.02
gi,1447394400000,338.04,338.04,338.04,338.04,1.1803410654
gi,1447398000000,337.0,337.01,334.97,334.97,134.2
gi,1447401600000,329.0,329.0,329.0,329.0,0.88145896
gi,1447405200000,326.6,331.04,326.6,331.04,57.04
gi,1447408800000,330.97,330.97,329.12,329.12,17.82
gi,1447412400000,329.0,329.0,327.14,327.14,9.08
gi,1447416000000,330.14,348.58,330.12,348.0,3.9817849652
gi,1447419600000,330.14,330.14,330.14,330.14,1.12
gi,1447426800000,332.76,332.76,329.59,331.0,102.480607229
gi,1447430400000,330.99,331.0,330.05,330.05,60.8085420888
gi,1447434000000,330.17,331.0,330.17,331.0,16.0423795886
gi,1447437600000,331.0,333.01,331.0,333.0,72.1233750712
gi,1447441200000,334.0,334.0,333.0,333.0,110.94292612
gi,1447448400000,332.68,336.57,332.68,334.0,28.410090328
gi,1447452000000,333.6,339.65,333.6,339.65,206.2
gi,1447455600000,338.45,338.45,337.08,337.08,1.2004008608
gi,1447459200000,336.5,336.5,336.5,336.5,80.0
gi,1447462800000,336.5,336.5,332.92,332.92,47.68273318
gi,1447466400000,350.0,2200.0,336.24,337.6,517.6275784968
gi,1447470000000,345.0,350.0,339.0,340.0,95.73600796
gi,1447473600000,353.0,353.0,340.0,340.0,63.3558637322
gi,1447495200000,341.0,341.0,337.6,337.6,24.8
gi,1447506000000,340.1,340.1,337.6,337.6,41.9901124688
gi,1447509600000,337.6,337.6,337.6,337.6,26.48984304
gi,1447513200000,337.6,340.85,337.6,337.6,77.7207196322
gi,1447516800000,337.6,337.6,337.6,337.6,17.2
gi,1447520400000,334.0,337.6,333.58,333.58,6.306
gi,1447524000000,340.0,340.0,338.0,338.0,8.6923357958
gi,1447527600000,335.15,335.15,335.15,335.15,0.05
gi,1447531200000,335.0,341.0,335.0,341.0,30.1069429454
gi,1447534800000,343.51,343.51,340.99,343.51,15.8579048344
gi,1447542000000,348.27,349.99,340.5,349.99,179.3669420984
gi,1447545600000,344.98,351.15,344.8,351.15,33.1320056598
gi,1447549200000,349.97,351.16,349.94,351.16,59.7664220468
gi,1447552800000,337.69,337.69,337.69,337.69,0.58
gi,1447560000000,335.0,335.65,333.58,333.58,35.8
gi,1447567200000,335.39,335.39,334.22,334.22,1.2
gi,1447574400000,336.0,336.0,336.0,336.0,0.64
gi,1447578000000,336.0,336.0,336.0,336.0,0.03273808
gi,1447581600000,336.0,336.0,336.0,336.0,0.1876261726
gi,1447585200000,334.35,334.35,334.03,334.03,4.5025896
gi,1447588800000,336.0,336.0,336.0,336.0,0.2162314874
gi,1447592400000,333.58,333.58,331.0,331.0,4.99434852
gi,1447596000000,333.42,354.99,330.0,354.99,181.5174281538
gi,1447599600000,354.75,354.75,325.0,345.64,53.580258668
gi,1447603200000,327.0,346.0,326.5,342.98,102.9334521164
gi,1447606800000,327.9,342.99,323.41,323.41,141.98
gi,1447610400000,324.06,325.0,322.2,322.2,10.0750124688
gi,1447614000000,330.0,335.4,322.0,322.0,99.391389105
gi,1447617600000,322.51,332.72,321.52,332.0,30.62040404
gi,1447621200000,325.0,335.0,320.96,320.96,17.2755602366
gi,1447624800000,320.0,325.0,317.76,324.96,13.4563065186
gi,1447628400000,320.02,325.0,318.66,320.82,21.3072622276
gi,1447632000000,325.0,330.0,320.0,324.99,19.553798327
gi,1447635600000,324.99,324.99,318.52,318.52,40.55
gi,1447639200000,318.51,318.51,315.0,316.0,46.83798294
gi,1447642800000,321.35,324.06,321.35,324.06,1.0099456598
gi,1447657200000,322.53,322.53,322.53,322.53,0.19328434
gi,1447660800000,320.28,320.28,320.28,320.28,4.806
gi,1447678800000,323.48,325.0,323.48,325.0,10.195126477
gi,1447682400000,325.0,330.0,320.74,321.97,48.515779258
gi,1447686000000,321.61,330.0,321.0,321.54,64.0141207918
gi,1447689600000,321.85,335.0,321.0,321.01,223.4738085858
gi,1447693200000,323.0,335.0,322.02,331.77,338.4550188564
gi,1447696800000,333.55,338.99,332.83,332.83,7.6107028186
gi,1447700400000,331.58,335.17,331.58,335.17,14.4161082482
gi,1447704000000,335.02,335.02,330.0,330.0,3.6832
gi,1447707600000,335.03,337.58,334.28,336.99,112.3430551488
gi,1447714800000,333.5,334.99,330.26,334.99,50.5009153614
gi,1447718400000,329.67,334.61,328.33,334.61,160.0
gi,1447722000000,335.12,338.99,335.12,338.99,30.4081660314
gi,1447725600000,338.0,340.0,338.0,339.0,22.2
gi,1447729200000,338.48,338.98,336.52,337.37,47.8002
gi,1447732800000,336.52,336.84,335.51,335.51,43.64
gi,1447736400000,335.06,335.06,332.0,332.0,7.16
gi,1447740000000,333.01,333.01,333.01,333.01,1.71726044
gi,1447743600000,333.01,333.01,333.01,333.01,4.0
gi,1447750800000,333.01,333.09,333.01,333.09,6.78
gi,1447758000000,333.12,333.12,333.01,333.01,3.6009
gi,1447761600000,340.24,340.24,335.26,339.56,3.58385314
gi,1447765200000,339.81,339.81,339.69,339.7,22.83731976
gi,1447768800000,333.0,333.0,331.35,333.0,41.64837297
gi,1447772400000,333.0,337.0,333.0,336.0,226.14761904
gi,1447776000000,336.97,336.97,334.26,334.51,29.8894357054
gi,1447779600000,334.51,334.6,334.5,334.6,63.81481168
gi,1447783200000,334.6,338.54,334.6,335.7,256.9936049946
gi,1447786800000,338.89,338.89,335.7,338.0,122.106
gi,1447790400000,336.9,336.99,334.5,335.49,137.1880706268
gi,1447794000000,334.5,334.5,334.5,334.5,1.0
gi,1447797600000,336.99,337.0,336.0,336.0,328.76588486
gi,1447801200000,337.0,338.48,334.5,335.5,192.9415955286
gi,1447804800000,335.5,335.5,334.5,335.41,22.1
gi,1447808400000,335.41,336.0,335.41,335.9,159.038
gi,1447812000000,336.0,336.0,334.36,334.36,46.67777248
gi,1447815600000,335.37,335.37,335.36,335.36,25.6574
gi,1447822800000,335.37,335.37,330.01,330.01,9.38402164
gi,1447826400000,331.9,331.9,331.9,331.9,3.0
gi,1447830000000,331.91,331.91,330.15,330.15,39.74
gi,1447848000000,334.0,334.0,334.0,334.0,1.224
gi,1447851600000,335.37,335.37,335.37,335.37,2.97432684
gi,1447855200000,332.92,335.37,332.89,334.24,145.10267266
gi,1447858800000,332.99,333.0,332.86,332.9,9.39903022
gi,1447862400000,332.9,332.9,332.86,332.9,37.1986758292
gi,1447866000000,332.9,333.0,332.85,333.0,259.2723124708
gi,1447869600000,333.0,337.29,332.9,332.9,351.89420526
gi,1447873200000,332.9,333.0,332.9,333.0,20.70720938
gi,1447876800000,333.0,337.9,333.0,334.25,1283.6278395
gi,1447880400000,334.25,336.6,334.2,336.6,269.2
gi,1447884000000,336.7,336.7,334.9,334.9,297.048018178
gi,1447887600000,334.9,335.99,332.9,332.9,345.595187942
gi,1447891200000,335.79,335.79,333.47,333.5,112.9
gi,1447894800000,333.5,335.75,333.5,335.75,320.568
gi,1447898400000,334.8,334.8,332.8,332.8,163.40004778
gi,1447902000000,332.8,332.8,332.8,332.8,46.6
gi,1447905600000,334.1,334.1,334.1,334.1,125.7
gi,1447909200000,334.1,334.1,332.2,332.23,123.9
gi,1447912800000,332.0,332.0,332.0,332.0,2.0
gi,1447916400000,332.6,332.6,332.6,332.6,15.02
gi,1447923600000,332.6,332.6,332.6,332.6,184.98
gi,1447930800000,333.22,333.47,333.22,333.47,11.9635053
gi,1447934400000,332.0,332.0,327.5,327.5,20.14117122
gi,1447938000000,322.34,327.2,322.34,327.2,8.68264058
gi,1447941600000,327.99,328.0,327.0,328.0,59.9768132074
gi,1447945200000,325.24,326.37,325.24,326.24,0.70558356
gi,1447948800000,326.39,326.39,325.63,325.9,69.1585016058
gi,1447952400000,327.99,327.99,327.99,327.99,8.378
gi,1447956000000,327.99,328.0,326.16,326.16,38.1690265
gi,1447959600000,327.6,328.0,327.46,328.0,136.71390242
gi,1447963200000,327.01,328.0,327.01,328.0,7.1800924
gi,1447966800000,328.0,328.0,328.0,328.0,26.3572843726
gi,1447970400000,327.5,327.7,326.0,327.13,52.5326535
gi,1447974000000,329.0,329.0,325.01,325.01,3.27912388
gi,1447977600000,327.0,328.3,318.88,318.88,276.9272895
gi,1447981200000,323.97,323.97,312.0,316.03,34.01657298
gi,1447984800000,316.21,316.36,310.0,311.01,20.5499528066
gi,1447988400000,313.31,318.51,313.31,318.0,6.2825302
gi,1447992000000,319.04,319.04,319.04,319.04,0.0937976022
gi,1447995600000,319.32,319.32,317.98,317.98,242.0022
gi,1448002800000,317.09,317.09,317.09,317.09,8.0
gi,1448006400000,319.39,319.39,319.39,319.39,0.02
gi,1448010000000,319.99,320.0,319.99,320.0,18.56
gi,1448013600000,323.6,323.6,323.6,323.6,0.00605648
gi,1448017200000,323.37,323.37,323.37,323.37,0.06
gi,1448020800000,324.0,325.0,324.0,325.0,7.7314901848
gi,1448024400000,321.6,323.61,321.6,323.6,23.73701778
gi,1448028000000,320.86,320.86,320.86,320.86,8.0
gi,1448031600000,323.0,324.99,323.0,324.99,29.3461424586
gi,1448035200000,323.92,323.92,323.92,323.92,0.02
gi,1448038800000,323.59,323.59,323.59,323.59,0.55099042
gi,1448042400000,323.1,323.1,320.0,320.0,10.52
gi,1448046000000,319.99,320.0,319.99,320.0,0.5383488018
gi,1448049600000,319.99,321.0,319.4,321.0,37.73310082
gi,1448053200000,322.0,322.0,321.48,321.48,6.00915776
gi,1448056800000,321.77,322.0,320.51,320.51,12.62760992
gi,1448060400000,321.0,321.0,320.99,321.0,87.56
gi,1448064000000,320.99,321.0,320.5,320.5,145.8728
gi,1448067600000,320.83,320.99,318.28,320.99,1.8196
gi,1448071200000,320.99,321.0,320.98,321.0,0.48
gi,1448074800000,321.0,321.0,321.0,321.0,10.24432958
gi,1448078400000,322.42,323.88,322.42,323.88,0.82
gi,1448082000000,324.0,325.31,324.0,325.31,50.20006156
gi,1448085600000,325.31,327.0,325.31,326.99,60.24
gi,1448089200000,326.99,328.97,326.99,327.33,22.92
gi,1448092800000,327.14,327.14,326.81,326.81,0.14
gi,1448096400000,327.6,327.66,327.54,327.59,0.18
gi,1448100000000,326.29,326.29,326.29,326.29,0.57583672
gi,1448103600000,328.27,328.82,325.97,326.73,82.05457896
gi,1448107200000,327.37,327.5,326.92,327.23,44.51593838
gi,1448110800000,327.42,327.42,326.89,326.89,0.1
gi,1448114400000,326.19,326.27,324.57,324.64,20.2
gi,1448118000000,324.77,325.4,324.77,325.25,0.22
gi,1448121600000,325.39,325.93,325.39,325.93,0.89116864
gi,1448125200000,325.85,326.55,325.85,326.55,33.65113464
gi,1448128800000,328.66,328.66,325.21,325.84,60.12
gi,1448132400000,325.44,325.44,324.71,324.73,5.988
gi,1448136000000,324.73,325.34,324.73,325.34,17.058
gi,1448139600000,325.48,326.0,325.48,325.98,0.3
gi,1448143200000,325.99,326.0,325.21,325.22,3.38
gi,1448146800000,325.47,327.59,325.47,327.59,80.52
gi,1448150400000,327.37,327.37,326.0,326.0,103.4
gi,1448154000000,326.41,326.41,326.39,326.39,0.06
gi,1448157600000,326.29,326.29,326.14,326.14,0.44
gi,1448161200000,328.53,328.75,326.22,326.22,16.2427146386
gi,1448164800000,328.75,328.75,328.75,328.75,3.06928296
gi,1448172000000,326.0,326.0,325.48,325.48,0.02
gi,1448175600000,327.51,327.51,327.51,327.51,0.02
gi,1448179200000,326.43,326.43,326.43,326.43,0.02
gi,1448190000000,325.48,325.48,324.92,324.92,50.44236056
gi,1448193600000,324.22,324.22,324.22,324.22,0.1
gi,1448197200000,324.22,324.22,320.99,320.99,6.06
gi,1448200800000,321.0,323.46,321.0,323.46,6.1
gi,1448204400000,323.46,324.19,323.21,324.19,0.34
gi,1448215200000,323.07,323.07,323.07,323.07,0.02
gi,1448218800000,323.07,323.07,322.09,322.47,20.28
gi,1448222400000,322.47,323.07,321.94,323.07,22.55534342
gi,1448226000000,323.07,324.49,323.07,324.49,155.9092735
gi,1448229600000,324.49,324.49,322.51,324.38,124.0056
gi,1448233200000,324.0,324.38,324.0,324.37,13.14
gi,1448236800000,324.38,324.38,324.0,324.0,0.38
gi,1448244000000,324.17,324.17,324.17,324.17,0.02
gi,1448254800000,323.76,323.76,321.9,321.91,24.7306
gi,1448258400000,321.91,321.91,321.91,321.91,1.80654728
gi,1448262000000,321.91,323.76,321.9,323.59,126.44
gi,1448265600000,323.59,323.76,320.01,323.76,3.62
gi,1448269200000,323.76,323.76,323.76,323.76,0.56
gi,1448272800000,323.76,323.76,323.76,323.76,0.53
gi,1448276400000,323.76,323.76,323.76,323.76,0.52
gi,1448280000000,323.76,323.76,323.76,323.76,0.48
gi,1448283600000,323.76,323.76,323.76,323.76,0.5
gi,1448287200000,323.76,326.32,323.76,326.0,190.37465716
gi,1448290800000,326.0,326.0,325.0,325.97,89.7123794568
gi,1448294400000,325.97,325.97,323.77,325.0,5.02
gi,1448298000000,323.76,326.0,323.28,325.5,232.1016726
gi,1448301600000,325.25,326.0,323.49,325.51,57.2018514034
gi,1448305200000,325.8,325.8,325.8,325.8,1.06
gi,1448308800000,325.77,325.77,321.76,323.98,271.5538000198
gi,1448312400000,322.0,324.97,320.75,324.97,570.77726334
gi,1448316000000,324.71,324.71,320.01,322.87,431.689392235
gi,1448319600000,322.87,324.41,319.0,323.09,837.93820718
gi,1448323200000,322.75,324.53,320.88,321.52,52.931169418
gi,1448326800000,321.26,321.99,320.64,321.87,80.7152165186
gi,1448330400000,320.61,320.61,305.0,319.59,117.0563364782
gi,1448334000000,320.13,320.84,319.6,320.11,19.25116652
gi,1448337600000,320.92,320.92,319.61,319.61,3.2433082816
gi,1448348400000,320.0,320.99,319.94,319.94,49.2042
gi,1448352000000,320.74,320.74,320.74,320.74,6.8368993022
gi,1448355600000,320.3,320.3,320.3,320.3,9.82
gi,1448362800000,321.0,321.0,320.2,320.9,72.2112
gi,1448370000000,321.91,321.91,319.8,320.74,118.7151496216
gi,1448373600000,320.74,321.0,320.73,321.0,66.782
gi,1448377200000,320.9,321.12,320.9,321.12,42.7342
gi,1448380800000,321.59,321.99,321.0,321.99,27.9159705904
gi,1448384400000,321.99,322.19,321.99,322.19,79.5417064488
gi,1448388000000,323.27,324.0,321.75,322.01,154.76971468
gi,1448391600000,323.99,323.99,320.46,320.99,12.46883266
gi,1448395200000,320.99,320.99,319.68,319.68,48.50932828
gi,1448398800000,319.62,321.0,319.62,321.0,7.498
gi,1448402400000,320.25,320.25,319.61,319.61,3.54
gi,1448406000000,320.99,320.99,317.52,317.52,12.33
gi,1448413200000,319.33,319.33,319.22,319.22,2.62
gi,1448416800000,319.22,319.5,317.61,317.9,21.68
gi,1448420400000,317.61,317.61,315.21,315.21,3.36
gi,1448427600000,320.0,320.98,317.29,320.98,3.21654544
gi,1448442000000,317.94,317.96,317.33,317.33,1.93212404
gi,1448449200000,321.0,324.99,320.99,324.99,125.44303586
gi,1448452800000,323.07,323.07,323.07,323.07,0.78
gi,1448456400000,324.99,328.86,324.99,325.52,214.1
gi,1448460000000,324.44,324.45,323.72,323.72,5.84741862
gi,1448463600000,324.26,325.82,323.89,325.82,34.00284856
gi,1448467200000,325.82,325.82,323.86,324.4,79.32426544
gi,1448470800000,326.65,326.99,326.4,326.99,23.38335834
gi,1448474400000,326.4,326.4,324.34,326.01,19.04
gi,1448478000000,326.98,329.0,326.98,329.0,79.7
gi,1448481600000,328.76,332.0,327.95,330.0,145.63
gi,1448485200000,330.5,330.83,327.49,328.01,45.9923940422
gi,1448488800000,327.92,328.75,327.5,327.5,7.62
gi,1448492400000,329.0,331.0,327.5,327.58,310.4964307632
gi,1448496000000,330.1,334.93,327.58,334.93,28.18
gi,1448499600000,333.76,334.07,332.0,332.0,9.38
gi,1448503200000,332.0,332.01,329.98,329.98,1.2
gi,1448510400000,332.0,332.0,332.0,332.0,100.0
gi,1448514000000,334.0,334.0,332.5,332.5,75.24
gi,1448517600000,334.79,334.79,334.79,334.79,1.2860599
gi,1448521200000,334.8,335.01,334.8,335.01,15.88
gi,1448524800000,336.0,342.58,336.0,341.87,56.0138635984
gi,1448528400000,339.17,339.33,339.0,339.0,50.0
gi,1448532000000,343.5,348.88,343.5,347.5,164.7064143
gi,1448535600000,348.7,355.0,347.53,355.0,153.8227544836
gi,1448539200000,355.0,361.41,353.29,353.29,8.4884052364
gi,1448542800000,351.18,365.37,351.18,353.79,56.4801331476
gi,1448546400000,350.98,352.06,350.55,352.06,45.38726526
gi,1448550000000,350.01,350.02,345.0,345.0,12.83731868
gi,1448553600000,346.0,346.0,340.0,342.0,15.5208
gi,1448557200000,345.0,346.01,343.27,343.27,7.39501966
gi,1448560800000,345.23,350.0,345.16,350.0,7.40057788
gi,1448564400000,346.66,347.28,343.05,343.05,41.33118368
gi,1448568000000,343.11,345.87,343.11,345.87,3.2
gi,1448571600000,349.98,351.16,349.98,351.0,14.9925592552
gi,1448575200000,350.0,350.28,348.13,350.28,93.05142856
gi,1448578800000,354.0,360.0,350.57,355.78,29.89347216
gi,1448582400000,350.67,350.67,350.17,350.17,0.18
gi,1448586000000,347.76,351.69,347.76,351.69,6.90776548
gi,1448589600000,352.78,352.95,350.82,350.82,0.88629682
gi,1448596800000,348.96,348.96,348.79,348.79,0.57973984
gi,1448604000000,352.0,352.0,350.34,350.34,0.6
gi,1448607600000,350.83,350.83,350.33,350.33,2.05916676
gi,1448611200000,350.83,360.03,350.83,360.03,56.75651106
gi,1448614800000,362.1,362.97,361.13,361.13,31.4209580714
gi,1448622000000,361.59,361.59,359.13,359.13,8.33335598
gi,1448625600000,359.91,359.91,359.91,359.91,0.9578454462
gi,1448629200000,357.37,357.37,355.91,355.91,9.98180468
gi,1448632800000,359.11,360.25,352.01,352.01,85.79015296
gi,1448636400000,354.23,356.44,354.01,356.44,61.3895755766
gi,1448640000000,355.01,369.04,353.18,360.01,625.0267842038
gi,1448643600000,365.0,365.0,356.01,365.0,149.8827942876
gi,1448647200000,361.2,365.0,360.0,361.5,496.741477005
gi,1448650800000,362.5,364.0,358.0,358.0,393.4950309
gi,1448654400000,361.75,361.75,358.07,358.53,13.54
gi,1448658000000,362.1,363.98,362.09,363.98,50.28544778
gi,1448661600000,359.28,361.9,359.27,360.0,30.632
gi,1448665200000,360.58,360.76,359.26,359.26,50.74
gi,1448668800000,359.26,359.26,352.0,352.0,79.8918
gi,1448672400000,358.49,358.49,358.49,358.49,7.73590576
gi,1448676000000,355.9,355.9,355.13,355.13,0.32
gi,1448679600000,355.25,355.25,353.78,353.78,12.2
gi,1448683200000,355.0,355.0,355.0,355.0,0.26409424
gi,1448686800000,354.63,359.99,354.63,359.99,13.46
gi,1448690400000,356.17,359.9,356.17,356.17,105.99792122
gi,1448697600000,356.89,356.89,356.89,356.89,0.67661858
gi,1448701200000,356.21,356.21,353.9,353.9,0.4342673
gi,1448704800000,353.32,354.57,353.32,354.57,0.27932236
gi,1448708400000,354.57,354.57,354.25,354.25,0.24689142
gi,1448712000000,353.9,354.05,352.96,352.96,0.98102316
gi,1448715600000,353.0,353.0,352.53,352.53,9.55143274
gi,1448722800000,353.0,356.5,353.0,353.78,5.56948314
gi,1448726400000,354.0,354.0,354.0,354.0,0.44
gi,1448730000000,356.9,357.5,355.1,357.0,21.40900806
gi,1448737200000,357.01,357.21,357.01,357.2,14.4
gi,1448740800000,357.5,357.5,357.5,357.5,3.74
gi,1448748000000,355.33,357.5,355.33,355.33,6.94
gi,1448751600000,357.0,357.0,357.0,357.0,5.1
gi,1448766000000,357.02,357.02,357.01,357.01,13.22
gi,1448769600000,357.01,357.01,354.01,354.01,1.6198
gi,1448773200000,354.55,354.55,354.55,354.55,0.06
gi,1448776800000,355.41,355.41,355.41,355.41,0.2
gi,1448784000000,357.0,357.0,357.0,357.0,1.0512
gi,1448794800000,358.99,360.0,358.99,360.0,171.84498
gi,1448798400000,360.0,360.0,359.47,359.47,0.58009
gi,1448802000000,360.0,360.0,359.46,359.46,68.1327345
gi,1448805600000,360.38,360.76,359.85,359.85,80.0
gi,1448809200000,360.62,363.38,360.62,363.38,136.05371078
gi,1448812800000,362.89,363.39,362.59,363.39,23.26
gi,1448816400000,362.59,364.98,362.59,364.98,68.314486661
gi,1448820000000,362.82,362.82,362.59,362.59,1.25005832
gi,1448823600000,361.68,362.28,361.68,362.2,10.7498
gi,1448827200000,364.25,366.69,363.74,365.0,108.44
gi,1448830800000,366.69,366.69,365.0,366.69,83.2033587756
gi,1448834400000,366.69,380.0,366.69,373.0,143.4432920402
gi,1448838000000,370.6,370.61,368.11,370.0,16.0892
gi,1448841600000,372.48,380.0,372.48,380.0,94.763675037
gi,1448845200000,377.12,379.69,377.11,377.11,4.9464685384
gi,1448848800000,377.11,379.68,373.0,375.85,35.160417
gi,1448852400000,378.24,378.24,367.5,373.87,318.8234972922
gi,1448856000000,376.87,379.3,367.53,374.5,874.46419032
gi,1448859600000,374.5,377.0,371.98,377.0,405.36768066
gi,1448863200000,377.0,380.0,377.0,377.0,37.21013924
gi,1448866800000,380.23,380.23,377.0,377.0,1.3138573022
gi,1448870400000,378.01,378.7,378.01,378.23,11.414
gi,1448874000000,380.0,380.0,379.0,379.0,52.4
gi,1448877600000,377.75,377.75,377.75,377.75,2.76150046
gi,1448881200000,377.52,377.52,377.52,377.52,0.34550382
gi,1448888400000,377.33,378.74,375.0,375.0,84.6284837046
gi,1448892000000,375.0,376.03,369.01,375.72,105.0407791794
gi,1448895600000,374.25,377.0,373.0,377.0,235.3722453712
gi,1448899200000,376.99,376.99,373.01,373.01,185.88457316
gi,1448902800000,374.02,375.53,374.01,375.01,50.7062190506
gi,1448906400000,373.75,375.0,373.4,375.0,39.1000691196
gi,1448910000000,375.0,377.0,375.0,377.0,101.38400002
gi,1448913600000,375.19,375.67,375.0,375.0,65.46714668
gi,1448917200000,377.75,377.8,376.23,376.23,32.1568292874
gi,1448920800000,377.8,380.99,376.99,380.99,215.5032398526
gi,1448924400000,379.0,379.58,377.2,377.2,73.7707151084
gi,1448928000000,379.94,379.94,377.29,377.37,27.57451078
gi,1448931600000,377.36,377.36,377.02,377.02,0.74
gi,1448935200000,378.49,378.5,376.58,376.58,5.9914137
gi,1448938800000,377.83,378.5,376.59,377.32,84.00979582
gi,1448942400000,376.75,377.06,376.1,376.1,30.0
gi,1448946000000,378.5,379.99,377.2,377.2,0.9298663758
gi,1448949600000,376.32,377.2,376.32,376.32,0.6
gi,1448953200000,376.95,376.95,376.32,376.77,18.23331228
gi,1448956800000,378.17,378.17,360.01,360.01,64.6724828094
gi,1448960400000,365.0,365.46,364.11,364.3,8.75598426
gi,1448964000000,365.07,365.07,360.0,360.83,15.57849028
gi,1448967600000,356.01,360.45,356.01,360.45,5.0461042
gi,1448971200000,364.34,364.34,364.34,364.34,2.7378444156
gi,1448974800000,363.0,364.49,361.85,361.85,123.6027338426
gi,1448978400000,361.84,362.0,361.8,362.0,73.40603196
gi,1448982000000,363.99,365.0,363.98,364.56,44.8842
gi,1448985600000,364.52,364.52,360.0,360.87,61.60739676
gi,1448989200000,360.75,360.75,355.01,359.01,199.78924766
gi,1448992800000,359.82,364.18,359.82,364.0,71.44698831
gi,1448996400000,364.0,364.25,363.05,363.05,54.3444309
gi,1449000000000,363.39,364.0,361.6,361.76,67.951
gi,1449003600000,364.05,364.55,362.59,363.0,49.7573777
gi,1449007200000,363.0,364.0,363.0,364.0,6.1792
gi,1449010800000,364.0,364.0,363.01,363.9,4.169665
gi,1449014400000,363.9,364.03,352.0,352.0,162.72681276
gi,1449018000000,352.53,357.87,349.0,349.0,22.57815224
gi,1449021600000,354.83,355.0,352.45,352.45,7.0976
gi,1449025200000,356.99,356.99,352.45,352.52,1.5055325424
gi,1449028800000,352.45,352.45,352.19,352.19,0.16
gi,1449032400000,353.2,354.67,353.2,353.81,35.02819316
gi,1449039600000,354.91,354.91,353.97,354.76,47.23755082
gi,1449043200000,355.52,355.52,354.78,354.78,50.1286553
gi,1449046800000,354.41,354.41,352.37,352.37,50.3590283
gi,1449057600000,351.79,351.79,351.79,351.79,0.06965536
gi,1449061200000,351.79,351.79,351.79,351.79,0.53034464
gi,1449064800000,352.96,359.5,352.96,359.5,19.4437464092
gi,1449068400000,358.3,358.3,358.0,358.3,37.11447926
gi,1449072000000,359.0,359.0,359.0,359.0,6.0
gi,1449075600000,360.0,363.5,360.0,363.0,25.77140152
gi,1449079200000,361.77,362.0,359.25,359.25,126.44241
gi,1449082800000,360.88,360.88,359.25,359.25,54.233171232
gi,1449086400000,359.99,360.99,359.99,360.99,80.066
gi,1449090000000,362.03,362.03,359.26,361.99,99.966637771
gi,1449093600000,361.88,361.88,360.98,361.0,11.78
gi,1449097200000,361.55,361.82,358.61,361.01,176.1246765028
gi,1449100800000,359.0,359.9,359.0,359.9,31.1078717
gi,1449104400000,359.56,359.56,359.56,359.56,0.0516
gi,1449108000000,362.26,362.44,362.26,362.44,40.796
gi,1449111600000,363.0,366.53,363.0,365.21,156.34586328
gi,1449115200000,366.35,369.99,366.27,368.94,112.1610115
gi,1449118800000,369.3,369.3,367.52,369.14,1.90253234
gi,1449122400000,369.15,369.2,361.59,363.41,53.14814178
gi,1449126000000,364.99,365.06,364.76,364.99,0.18
gi,1449129600000,363.58,363.58,360.92,360.92,1.65537962
gi,1449133200000,363.98,363.98,363.5,363.5,50.02
gi,1449136800000,363.0,363.0,358.0,358.38,103.9409541
gi,1449140400000,359.5,360.0,359.5,360.0,50.04
gi,1449144000000,361.0,361.0,361.0,361.0,5.5
gi,1449147600000,361.65,362.19,361.65,362.19,0.76917046
gi,1449151200000,362.15,362.15,360.5,362.0,50.7511084168
gi,1449154800000,361.99,361.99,359.0,359.0,81.6181233254
gi,1449158400000,361.0,361.0,360.1,360.1,42.4910803
gi,1449162000000,361.5,364.0,361.5,364.0,105.80310526
gi,1449165600000,362.71,364.0,362.7,364.0,27.85955282
gi,1449169200000,363.28,364.0,363.02,363.02,85.1745192
gi,1449172800000,363.6,363.82,363.0,363.82,29.49023298
gi,1449176400000,363.51,363.76,360.87,361.06,232.8831863286
gi,1449180000000,361.0,363.0,361.0,362.6,490.8972593
gi,1449183600000,363.0,363.0,361.5,363.0,16.9444628
gi,1449187200000,362.68,362.68,362.5,362.5,8.14
gi,1449190800000,363.8,363.8,356.63,356.63,77.36
gi,1449194400000,357.1,357.1,356.0,356.0,4.28
gi,1449198000000,359.5,359.5,358.5,358.5,6.32
gi,1449201600000,360.0,360.0,360.0,360.0,0.14
gi,1449205200000,360.0,360.0,360.0,360.0,0.5
gi,1449208800000,360.0,360.0,358.77,360.0,0.56
gi,1449212400000,359.41,361.0,358.51,361.0,11.44678806
gi,1449216000000,361.0,361.0,357.56,359.99,124.44
gi,1449219600000,359.99,359.99,359.0,359.0,5.31304188
gi,1449223200000,359.0,360.01,359.0,360.01,54.42741382
gi,1449226800000,359.5,359.51,358.78,358.78,51.0898029
gi,1449230400000,360.6,360.6,359.56,359.56,82.32910354
gi,1449237600000,358.98,361.0,358.98,361.0,285.95265898
gi,1449241200000,363.33,363.79,363.0,363.0,88.4962976
gi,1449244800000,363.0,364.48,362.66,364.48,20.75261398
gi,1449248400000,362.66,362.66,361.6,362.06,51.70005522
gi,1449252000000,361.21,361.45,361.21,361.45,2.58
gi,1449255600000,361.99,363.81,361.99,363.81,103.2844392928
gi,1449259200000,362.39,362.39,361.89,362.0,6.7893503
gi,1449262800000,362.0,363.25,362.0,363.25,249.49226648
gi,1449266400000,362.15,362.52,357.84,359.45,283.48312456
gi,1449270000000,358.48,362.64,357.85,362.64,304.26127656
gi,1449273600000,362.6,362.6,362.6,362.6,0.3757209
gi,1449277200000,363.99,366.91,363.99,366.49,171.25679346
gi,1449280800000,369.14,369.14,366.46,367.31,1.39164656
gi,1449284400000,369.2,369.2,367.98,369.2,24.5064376952
gi,1449288000000,368.11,371.98,366.76,371.37,87.7211876848
gi,1449291600000,370.34,372.99,367.58,371.0,422.75843996
gi,1449295200000,373.35,374.36,371.0,374.35,315.77477684
gi,1449298800000,372.26,373.22,372.26,372.58,26.32
gi,1449302400000,371.98,372.58,371.0,371.0,0.12
gi,1449306000000,371.16,371.34,371.16,371.34,13.7893752
gi,1449309600000,375.0,379.0,374.22,379.0,20.731836
gi,1449313200000,379.34,382.0,379.34,381.43,6.62646114
gi,1449316800000,382.39,382.39,375.84,375.84,0.74045286
gi,1449320400000,379.99,379.99,377.94,377.94,0.3862393502
gi,1449324000000,375.64,375.64,361.53,372.4,105.87731506
gi,1449327600000,377.44,377.44,377.05,377.05,0.0461301
gi,1449331200000,377.44,378.0,377.43,377.44,4.63529206
gi,1449334800000,379.0,379.15,378.0,378.04,12.5505434
gi,1449338400000,378.36,378.36,376.53,376.53,30.08063826
gi,1449345600000,378.5,378.5,377.95,377.95,5.35184328
gi,1449349200000,377.0,378.03,377.0,378.03,56.90585402
gi,1449352800000,379.99,389.9,379.99,389.9,172.37958976
gi,1449356400000,388.91,388.91,385.82,385.82,6.8111743666
gi,1449360000000,389.0,393.06,387.21,393.06,125.2206292
gi,1449363600000,392.0,394.99,391.82,394.99,15.37473004
gi,1449367200000,393.48,393.55,390.55,391.91,10.39794105
gi,1449370800000,390.5,392.66,390.5,392.66,11.15511208
gi,1449374400000,394.0,394.99,391.55,393.65,58.9
gi,1449378000000,394.99,403.33,394.99,401.48,95.3381311136
gi,1449381600000,398.3,398.3,398.3,398.3,8.26
gi,1449385200000,396.17,396.17,391.71,391.71,20.8113565
gi,1449392400000,395.25,395.25,392.87,392.87,0.64058438
gi,1449396000000,392.16,392.16,389.87,389.87,22.38776518
gi,1449399600000,393.79,393.79,393.79,393.79,2.0
gi,1449403200000,391.39,391.39,389.38,389.53,2.5586811
gi,1449406800000,388.22,390.74,387.68,390.74,2.0134902972
gi,1449410400000,389.71,391.63,389.71,391.63,4.0044
gi,1449414000000,391.0,391.0,391.0,391.0,0.02
gi,1449421200000,395.0,395.0,392.83,392.83,4.62941694
gi,1449428400000,394.77,397.46,394.74,394.74,20.98064572
gi,1449432000000,394.36,395.54,393.98,394.67,8.07854354
gi,1449435600000,396.25,396.25,396.24,396.24,5.62871662
gi,1449439200000,395.95,395.95,394.44,394.44,0.94396778
gi,1449442800000,394.44,395.5,388.0,388.0,34.85601344
gi,1449446400000,388.0,390.25,385.01,390.25,4.2901636638
gi,1449450000000,390.35,392.86,390.35,392.85,50.715926801
gi,1449453600000,390.55,392.89,389.84,392.89,23.1360553
gi,1449457200000,392.18,392.18,392.18,392.18,0.08048728
gi,1449460800000,391.86,391.86,387.46,387.46,42.54242368
gi,1449464400000,390.77,392.44,389.05,389.54,14.818
gi,1449468000000,390.99,391.56,390.98,391.56,7.51564
gi,1449471600000,391.56,391.56,390.23,390.23,40.52378374
gi,1449475200000,389.77,391.47,388.61,389.34,78.3797045552
gi,1449478800000,389.12,389.9,387.84,389.5,213.2762815
gi,1449482400000,392.97,396.69,392.97,395.15,206.463
gi,1449486000000,394.05,394.05,393.82,393.83,100.03751448
gi,1449489600000,396.99,399.14,396.99,399.14,86.24
gi,1449493200000,398.92,399.99,395.89,395.89,95.18653782
gi,1449496800000,399.09,399.61,394.49,395.75,104.31999968
gi,1449500400000,396.12,399.15,395.45,396.0,108.4668268902
gi,1449504000000,396.0,398.5,395.72,396.84,8.4035839166
gi,1449507600000,394.9,397.54,394.01,397.54,2.768847146
gi,1449511200000,398.4,400.0,398.4,399.77,50.1040185
gi,1449514800000,398.25,398.6,397.69,397.69,12.69008094
gi,1449518400000,398.98,399.17,391.06,392.92,173.8778633614
gi,1449522000000,394.13,397.84,393.61,396.45,9.39182644
gi,1449525600000,396.41,399.23,395.0,398.0,114.72964252
gi,1449529200000,398.07,399.39,396.66,397.9,1.03548738
gi,1449532800000,398.64,398.64,396.45,396.45,2.17836076
gi,1449536400000,395.27,395.27,395.0,395.0,6.60599034
gi,1449540000000,396.45,396.45,394.63,395.0,3.1469820888
gi,1449543600000,394.72,395.0,394.72,395.0,7.8011897512
gi,1449550800000,395.63,395.63,394.54,394.54,4.11460428
gi,1449554400000,394.32,394.32,390.84,392.62,1.6995166866
gi,1449561600000,396.45,396.45,396.45,396.45,14.71799834
gi,1449579600000,397.01,397.01,394.97,395.3,0.35769478
gi,1449583200000,397.0,399.32,397.0,399.32,63.52468282
gi,1449586800000,397.23,397.23,397.0,397.0,5.86742746
gi,1449590400000,397.55,397.55,396.13,396.99,35.776
gi,1449594000000,396.99,396.99,396.99,396.99,32.208
gi,1449597600000,396.9,397.74,396.5,396.99,182.87272432
gi,1449601200000,396.99,396.99,396.99,396.99,39.91759732
gi,1449604800000,397.13,398.98,397.01,398.74,127.30832854
gi,1449608400000,398.72,399.06,398.72,399.06,27.5173522798
gi,1449612000000,397.98,397.98,396.69,396.69,15.2331148
gi,1449615600000,397.99,420.0,397.99,420.0,564.8180891
gi,1449619200000,420.0,420.0,415.0,416.77,24.509515066
gi,1449622800000,416.01,418.76,414.0,414.01,10.80594402
gi,1449626400000,414.01,419.47,414.01,419.47,19.546801
gi,1449630000000,417.12,422.2,415.51,422.2,46.49216326
gi,1449633600000,422.36,422.36,416.52,416.52,4.0711204898
gi,1449637200000,419.41,422.37,417.75,422.36,56.2345098916
gi,1449640800000,422.56,423.96,421.98,421.98,1.6728256
gi,1449644400000,421.86,422.0,420.0,420.0,14.1943131592
gi,1449648000000,419.99,421.92,347.5,421.92,257.2782528
gi,1449651600000,419.94,419.94,417.46,417.46,106.55692438
gi,1449655200000,418.73,420.77,418.01,420.71,82.2
gi,1449658800000,420.23,423.42,420.22,422.78,31.3161595138
gi,1449662400000,424.48,424.48,420.21,420.21,46.75895526
gi,1449666000000,421.11,421.11,420.83,420.83,0.1965702
gi,1449669600000,420.83,423.0,420.74,420.74,149.9594842
gi,1449673200000,421.25,421.25,414.99,414.99,10.969508
gi,1449676800000,413.13,413.27,406.34,410.0,28.1
gi,1449680400000,407.11,414.99,406.45,414.99,67.8054235
gi,1449684000000,414.0,416.09,412.68,412.68,132.6920292
gi,1449687600000,415.79,415.79,413.1,414.9,35.92665014
gi,1449691200000,414.9,414.9,414.1,414.1,33.71038166
gi,1449694800000,415.4,418.72,415.4,418.72,71.6709644
gi,1449698400000,419.0,419.53,419.0,419.5,11.951877
gi,1449702000000,419.0,420.0,418.25,420.0,34.261301454
gi,1449705600000,420.0,422.89,417.0,417.0,69.3427148634
gi,1449709200000,418.6,420.37,417.88,419.38,12.717665891
gi,1449712800000,419.43,419.51,416.0,417.0,63.25124884
gi,1449716400000,417.46,417.46,415.0,415.0,0.74826618
gi,1449720000000,415.45,417.22,415.45,417.22,12.5816798542
gi,1449723600000,417.58,418.41,415.0,415.0,105.2222154284
gi,1449727200000,414.04,414.34,414.04,414.06,0.9896
gi,1449730800000,414.09,414.75,412.54,413.79,118.95565388
gi,1449734400000,415.0,415.0,415.0,415.0,50.0
gi,1449738000000,417.0,417.0,417.0,417.0,0.9093525
gi,1449745200000,415.57,415.57,415.57,415.57,0.67126222
gi,1449748800000,416.35,416.35,415.31,415.5,21.97775746
gi,1449752400000,415.35,420.1,415.35,420.1,32.74256802
gi,1449756000000,420.82,420.82,419.87,419.87,2.8878750974
gi,1449759600000,420.23,420.23,415.51,415.51,58.30983786
gi,1449763200000,416.25,417.0,415.6,416.78,117.11834536
gi,1449766800000,416.0,417.47,416.0,417.47,15.9476306
gi,1449770400000,417.0,418.01,417.0,417.8,49.16960472
gi,1449774000000,418.11,419.28,416.0,418.0,414.38286052
gi,1449777600000,417.26,417.26,416.97,416.97,1.00794086
gi,1449781200000,418.98,418.99,418.0,418.49,106.354
gi,1449784800000,418.0,419.99,418.0,418.0,64.2712796
gi,1449788400000,418.99,418.99,416.4,418.14,40.561013172
gi,1449792000000,418.15,418.15,418.15,418.15,1.4998
gi,1449795600000,418.99,419.99,418.99,419.99,77.054824
gi,1449802800000,420.0,421.0,419.99,420.79,112.1704061
gi,1449806400000,421.0,421.0,421.0,421.0,24.0198
gi,1449810000000,422.74,422.74,422.0,422.0,91.9772082
gi,1449820800000,422.99,434.0,422.99,434.0,249.59300846
gi,1449824400000,434.89,435.0,434.89,435.0,2.3615913548
gi,1449828000000,435.0,438.01,434.79,438.0,45.3324002924
gi,1449831600000,438.88,438.93,436.38,436.38,16.6535578332
gi,1449835200000,436.71,436.71,436.71,436.71,0.76
gi,1449838800000,435.32,437.26,433.62,433.62,4.5612656872
gi,1449842400000,436.12,436.17,431.68,433.33,70.45524684
gi,1449846000000,433.73,434.0,433.73,434.0,104.87
gi,1449849600000,435.0,439.59,435.0,436.51,221.905512869
gi,1449853200000,438.0,439.0,435.99,439.0,94.0410937238
gi,1449856800000,439.0,444.64,439.0,442.01,214.8655995
gi,1449860400000,443.5,448.79,442.01,448.79,74.4514577976
gi,1449864000000,448.79,454.97,448.79,454.97,249.2902311088
gi,1449867600000,452.01,452.02,445.84,447.56,69.77096976
gi,1449871200000,451.5,452.0,447.38,449.5,22.567885919
gi,1449874800000,450.25,454.99,449.96,454.99,113.857135321
gi,1449878400000,452.0,455.36,452.0,452.24,87.3839336316
gi,1449882000000,456.18,456.18,453.3,453.98,9.83139664
gi,1449885600000,457.05,467.39,457.05,467.39,38.9476151092
gi,1449889200000,466.25,473.34,465.37,467.3,36.5840844
gi,1449892800000,472.17,472.17,422.1,430.0,299.2311398996
gi,1449896400000,429.0,431.39,408.45,410.0,171.97174068
gi,1449900000000,411.01,426.21,411.01,417.77,70.04821618
gi,1449903600000,426.27,426.27,426.27,426.27,3.6
gi,1449907200000,426.7,426.7,422.14,423.92,0.37216395
gi,1449910800000,423.75,424.74,423.75,424.74,0.0324878
gi,1449914400000,424.74,434.87,424.74,434.12,110.8782117
gi,1449918000000,432.01,432.61,432.01,432.57,40.96
gi,1449921600000,432.5,434.0,429.12,429.12,6.008939931
gi,1449925200000,428.74,428.74,420.0,420.0,11.60253016
gi,1449928800000,426.9,426.9,425.44,425.56,51.64
gi,1449932400000,424.39,427.43,424.17,427.43,2.6499576
gi,1449936000000,426.63,430.0,426.63,430.0,11.9472142
gi,1449939600000,430.0,430.26,430.0,430.26,0.27389918
gi,1449943200000,430.2,430.2,424.28,424.28,55.43396546
gi,1449946800000,425.76,428.81,425.76,428.81,41.72175526
gi,1449950400000,426.31,426.31,423.33,423.33,11.562
gi,1449954000000,426.11,426.11,426.11,426.11,0.12
gi,1449957600000,430.0,430.0,430.0,430.0,4.16736136
gi,1449961200000,435.0,435.0,435.0,435.0,1.95008494
gi,1449964800000,435.14,436.69,433.0,436.69,5.43317598
gi,1449968400000,435.45,435.45,435.45,435.45,0.59908142
gi,1449972000000,437.0,437.0,437.0,437.0,0.01
gi,1449975600000,436.34,437.75,435.55,435.55,58.51888396
gi,1449979200000,434.07,434.07,422.0,428.03,89.56051502
gi,1449986400000,431.53,431.53,431.53,431.53,0.012
gi,1449993600000,433.53,436.0,433.53,436.0,0.08
gi,1449997200000,437.89,437.9,437.89,437.9,30.2378419786
gi,1450000800000,433.35,433.35,431.96,431.96,0.68897426
gi,1450011600000,434.91,435.0,434.69,435.0,11.6852669
gi,1450015200000,436.65,440.0,436.65,439.94,2.67831926
gi,1450018800000,439.89,439.89,439.89,439.89,0.05932846
gi,1450022400000,438.31,440.0,437.37,438.81,9.33211974
gi,1450033200000,439.57,439.57,439.56,439.56,0.5
gi,1450036800000,441.53,441.53,438.02,438.02,25.67140986
gi,1450040400000,437.27,437.28,432.0,433.83,4.52943698
gi,1450044000000,436.72,436.72,436.25,436.25,0.5783358
gi,1450047600000,435.9,435.9,434.34,434.34,0.6629070358
gi,1450051200000,432.93,432.93,429.86,429.86,4.14989834
gi,1450054800000,433.91,436.67,433.66,436.67,4.542
gi,1450065600000,436.03,438.86,436.03,438.86,2.0158089338
gi,1450069200000,437.77,437.77,437.01,437.01,0.22866
gi,1450072800000,438.63,439.03,438.62,439.03,12.562
gi,1450076400000,440.0,441.0,440.0,441.0,12.6079365
gi,1450080000000,439.03,440.75,439.03,440.62,1.62072234
gi,1450083600000,443.99,444.0,443.02,443.02,27.52
gi,1450087200000,443.5,445.0,442.01,445.0,78.2662
gi,1450090800000,447.0,448.0,444.22,444.84,10.92
gi,1450094400000,442.02,444.22,442.01,442.01,4.40959334
gi,1450098000000,447.99,449.99,447.99,449.99,54.2242662814
gi,1450101600000,446.5,446.9,445.59,446.9,57.4379037
gi,1450105200000,446.9,446.99,443.95,446.9,269.91081514
gi,1450108800000,445.0,450.36,445.0,450.0,1062.3724525798
gi,1450112400000,449.45,449.82,447.71,448.0,57.6
gi,1450116000000,448.23,448.23,445.68,446.4,89.80838902
gi,1450119600000,446.3,446.83,445.0,445.36,147.0857315452
gi,1450123200000,445.79,445.79,442.81,445.01,14.2569587
gi,1450126800000,445.21,446.86,442.79,442.79,81.8315258026
gi,1450130400000,441.66,447.77,441.66,445.5,34.7333680758
gi,1450134000000,446.01,447.61,445.1,447.61,33.8502903076
gi,1450137600000,446.0,453.0,446.0,449.0,140.9662022
gi,1450141200000,452.99,452.99,450.0,450.0,9.8697302374
gi,1450144800000,450.0,454.99,450.0,454.99,120.3445386426
gi,1450148400000,454.99,455.5,451.81,452.52,18.06456858
gi,1450152000000,455.5,455.5,452.08,452.67,7.55913066
gi,1450155600000,452.67,454.75,452.67,454.75,25.97966934
gi,1450159200000,454.0,459.34,454.0,458.34,27.515638321
gi,1450162800000,456.3,457.66,454.53,456.72,85.10460158
gi,1450166400000,456.73,456.73,456.71,456.71,21.27777936
gi,1450170000000,454.98,454.98,453.87,453.87,0.26414252
gi,1450173600000,452.92,452.92,452.92,452.92,0.0575978
gi,1450177200000,454.72,454.72,454.24,454.59,20.98
gi,1450180800000,454.65,455.68,454.65,454.89,1.82
gi,1450184400000,455.54,459.42,455.53,459.4,45.5802
gi,1450188000000,457.18,459.28,456.63,456.63,12.4958
gi,1450191600000,459.1,463.5,459.1,462.0,463.3597616242
gi,1450195200000,460.39,462.95,460.32,461.37,139.8955367352
gi,1450198800000,460.71,462.92,460.71,461.65,128.7341603918
gi,1450202400000,461.53,462.0,461.0,461.05,20.10511574
gi,1450206000000,461.0,462.0,459.95,462.0,60.9683222616
gi,1450209600000,461.75,462.71,461.12,462.0,145.815699507
gi,1450213200000,462.0,480.0,462.0,464.63,134.691914602
gi,1450216800000,464.0,466.1,464.0,464.3,156.8660795822
gi,1450220400000,464.28,465.99,464.0,465.99,145.4756387034
gi,1450224000000,465.99,465.99,463.14,463.91,11.593803226
gi,1450227600000,465.98,466.03,462.0,463.77,90.0520560806
gi,1450231200000,464.47,466.09,464.47,466.09,10.0107007898
gi,1450234800000,466.24,466.24,445.18,445.18,36.2800181782
gi,1450238400000,445.0,454.33,440.0,451.66,32.878387693
gi,1450242000000,450.7,454.98,448.82,454.0,14.0264
gi,1450245600000,454.0,454.0,451.31,452.83,2.35176256
gi,1450249200000,454.44,455.38,454.44,455.38,41.80896836
gi,1450252800000,454.87,457.0,454.87,457.0,17.46120172
gi,1450256400000,457.95,463.93,457.95,463.93,10.87283344
gi,1450260000000,460.72,460.72,458.78,459.51,2.37653192
gi,1450263600000,459.89,461.46,459.89,461.46,3.8418715
gi,1450267200000,460.76,460.76,460.76,460.76,0.15471492
gi,1450270800000,459.34,459.49,453.59,455.14,45.8358359
gi,1450274400000,454.0,455.75,452.58,455.23,15.9296536604
gi,1450278000000,456.97,457.48,456.48,457.48,1.146349313
gi,1450281600000,459.31,459.9,457.27,457.27,83.4188403576
gi,1450285200000,457.25,457.25,454.46,454.46,46.5705014
gi,1450288800000,455.85,455.99,455.85,455.99,1.7902027
gi,1450292400000,454.29,458.64,448.34,455.78,233.4437246266
gi,1450296000000,456.54,457.79,456.54,457.79,50.80454268
gi,1450299600000,458.07,459.83,457.11,459.5,81.44012862
gi,1450303200000,458.79,458.79,455.0,455.0,18.2913453878
gi,1450306800000,456.34,457.95,456.0,456.0,79.92634414
gi,1450310400000,456.35,457.86,455.5,457.86,2.1099206
gi,1450314000000,455.5,455.5,450.25,450.25,7.06849768
gi,1450317600000,456.0,456.0,452.4,452.4,17.0656
gi,1450321200000,452.57,456.0,451.2,451.2,2.95327876
gi,1450324800000,452.32,452.32,452.32,452.32,0.16
gi,1450328400000,458.9,458.9,458.13,458.13,10.94
gi,1450332000000,459.89,459.89,456.07,456.07,1.3668681104
gi,1450335600000,457.36,457.36,457.36,457.36,4.03932
gi,1450353600000,458.22,458.37,457.02,457.94,98.0033176
gi,1450357200000,458.0,458.0,458.0,458.0,2.6094506856
gi,1450360800000,458.0,458.0,458.0,458.0,2.6979612104
gi,1450364400000,458.0,459.04,458.0,459.04,92.484
gi,1450368000000,458.5,458.5,456.88,456.88,72.03372166
gi,1450371600000,457.47,457.47,455.6,455.6,15.14529082
gi,1450375200000,456.91,456.91,455.11,455.11,10.92435
gi,1450378800000,455.0,456.0,453.08,455.0,115.13122058
gi,1450382400000,454.09,455.0,454.09,455.0,65.4103349
gi,1450386000000,454.86,455.0,454.86,455.0,7.47193684
gi,1450389600000,455.0,458.0,455.0,458.0,66.824345
gi,1450393200000,457.5,457.5,457.15,457.15,13.181
gi,1450396800000,457.0,457.0,457.0,457.0,1.188
gi,1450400400000,457.0,457.0,457.0,457.0,5.0658697758
gi,1450404000000,457.0,457.0,457.0,457.0,11.4565558642
gi,1450407600000,458.75,458.75,458.75,458.75,0.00013078
gi,1450414800000,459.89,463.35,459.89,463.35,44.0895338896
gi,1450418400000,465.3,465.3,465.3,465.3,0.03
gi,1450422000000,464.45,465.21,464.13,465.21,4.0274934
gi,1450425600000,465.3,465.73,456.56,463.72,28.7583248482
gi,1450432800000,462.57,462.57,460.16,460.16,13.59751128
gi,1450436400000,460.16,461.51,459.26,460.81,58.12411268
gi,1450443600000,463.96,463.96,460.56,462.95,22.1680179848
gi,1450447200000,463.4,463.4,461.51,461.51,8.2132272352
gi,1450450800000,461.5,461.5,461.0,461.0,85.6651122504
gi,1450454400000,461.0,461.0,460.5,461.0,54.8986
gi,1450458000000,460.39,461.0,458.52,460.01,137.4084837
gi,1450461600000,460.75,460.75,460.75,460.75,6.4758342882
gi,1450465200000,460.35,460.5,460.02,460.02,31.32723994
gi,1450468800000,460.5,464.99,460.5,464.26,132.2626065808
gi,1450472400000,464.5,464.56,464.0,464.0,83.65164974
gi,1450476000000,465.2,465.2,462.53,463.02,253.88378494
gi,1450479600000,464.99,464.99,464.0,464.0,2.074913
gi,1450483200000,464.0,464.89,464.0,464.5,13.14566886
gi,1450486800000,465.0,466.93,464.5,464.5,70.57630072
gi,1450494000000,464.51,464.51,464.5,464.5,10.129
gi,1450501200000,466.39,466.39,464.03,464.03,43.99998
gi,1450508400000,464.5,464.5,461.5,461.5,4.0
gi,1450512000000,463.5,463.5,463.5,463.5,4.0
gi,1450515600000,464.0,464.0,464.0,464.0,4.0
gi,1450530000000,463.5,463.5,463.5,463.5,1.8
gi,1450540800000,463.25,463.25,455.0,455.0,30.8191882
gi,1450544400000,458.43,461.53,458.43,461.53,5.46
gi,1450548000000,462.81,463.03,462.81,462.81,6.548
gi,1450551600000,461.01,461.01,460.18,460.41,4.82292092
gi,1450555200000,462.5,462.5,460.4,460.4,11.8567702364
gi,1450558800000,461.12,462.27,460.35,460.35,14.8377134828
gi,1450562400000,461.8,461.8,461.8,461.8,0.1
gi,1450569600000,462.99,462.99,462.01,462.01,8.954
gi,1450573200000,462.0,462.0,462.0,462.0,2.38
gi,1450576800000,460.5,460.5,460.5,460.5,0.5216
gi,1450580400000,459.13,459.13,458.83,458.83,4.39412728
gi,1450584000000,460.1,460.1,460.1,460.1,2.32
gi,1450587600000,460.73,461.66,460.73,461.66,5.031772335
gi,1450609200000,460.1,460.1,460.1,460.1,0.006
gi,1450620000000,458.15,458.15,451.81,456.67,29.91468624
gi,1450623600000,453.08,455.92,452.99,455.74,68.788085485
gi,1450627200000,454.72,454.72,445.0,450.92,145.0497663
gi,1450630800000,450.02,455.62,435.5,435.5,131.426
gi,1450634400000,436.0,441.87,432.33,441.87,11.38964408
gi,1450638000000,439.02,446.18,439.02,446.18,33.6895148946
gi,1450641600000,443.0,445.0,443.0,444.79,18.7
gi,1450645200000,440.03,441.1,439.38,441.1,145.0558086698
gi,1450648800000,440.17,441.74,440.17,441.74,30.29759182
gi,1450652400000,443.19,449.34,439.51,443.6,16.2836608982
gi,1450656000000,442.06,442.06,428.52,428.95,56.15235488
gi,1450659600000,430.0,431.0,429.01,429.01,11.59824874
gi,1450663200000,431.15,433.0,431.15,433.0,10.62119942
gi,1450666800000,431.28,436.0,431.01,436.0,12.61428044
gi,1450670400000,439.11,449.99,438.97,449.99,0.00016
gi,1450674000000,437.88,438.35,436.0,438.35,10.5580375
gi,1450677600000,437.82,437.82,436.71,437.78,6.6840945452
gi,1450681200000,437.4,437.4,437.0,437.0,2.0064
gi,1450684800000,437.0,439.0,435.54,439.0,2.1804
gi,1450688400000,436.73,436.73,435.86,435.86,0.309
gi,1450692000000,439.0,439.0,439.0,439.0,0.0218
gi,1450695600000,447.79,447.79,447.79,447.79,1.11659482
gi,1450699200000,444.87,444.87,439.71,439.71,1.00115938
gi,1450702800000,443.71,443.71,443.71,443.71,9.0148971174
gi,1450706400000,442.5,442.5,441.46,441.46,6.31442418
gi,1450710000000,439.02,439.12,436.97,436.97,1.02240384
gi,1450713600000,441.6,441.63,439.0,439.0,20.0588456394
gi,1450717200000,441.61,441.61,439.73,439.73,50.89362106
gi,1450720800000,441.37,443.6,436.87,436.87,19.82359158
gi,1450724400000,438.99,438.99,438.61,438.61,1.2283056
gi,1450728000000,439.59,441.99,435.82,438.95,11.6675639714
gi,1450731600000,440.95,440.95,437.04,437.04,9.1687015254
gi,1450735200000,436.18,438.2,436.18,436.63,53.26259048
gi,1450738800000,437.99,438.99,437.99,438.87,86.55591242
gi,1450742400000,437.92,438.99,437.92,438.99,2.23562866
gi,1450746000000,438.99,439.99,438.99,439.99,78.90888758
gi,1450749600000,439.9,439.9,438.63,438.63,1.09964468
gi,1450760400000,439.71,439.99,438.62,438.62,16.2923303688
gi,1450767600000,439.99,440.96,439.99,440.96,73.56487356
gi,1450771200000,440.99,440.99,440.96,440.99,54.773
gi,1450774800000,440.99,442.46,440.99,441.73,17.7678260512
gi,1450778400000,442.43,442.43,440.65,440.65,30.81550626
gi,1450782000000,440.42,440.42,439.8,439.8,1.56279032
gi,1450789200000,439.48,439.51,437.02,437.02,2.05861792
gi,1450792800000,436.79,436.79,436.79,436.79,0.06044094
gi,1450796400000,436.69,436.69,435.6,435.6,2.2844665834
gi,1450800000000,438.22,438.22,438.21,438.22,1.145
gi,1450803600000,437.64,437.64,435.6,436.6,12.365
gi,1450807200000,437.7,438.88,436.09,436.09,72.7585461724
gi,1450810800000,435.6,436.09,435.42,436.09,14.63208238
gi,1450814400000,436.5,436.5,436.29,436.29,113.0729175
gi,1450818000000,436.88,437.99,436.29,437.99,52.652420726
gi,1450821600000,437.99,437.99,434.79,434.79,17.4333753436
gi,1450825200000,435.82,437.35,435.82,437.35,3.1888101654
gi,1450828800000,436.72,437.0,436.72,437.0,12.44864186
gi,1450832400000,436.73,437.1,435.75,435.75,29.1437473
gi,1450836000000,435.96,436.74,435.96,435.98,0.66270732
gi,1450843200000,436.74,437.06,436.74,437.06,2.13608018
gi,1450846800000,437.12,437.38,437.12,437.38,46.3562
gi,1450850400000,437.38,437.39,436.82,437.39,13.84600694
gi,1450854000000,437.87,439.97,437.39,437.68,71.22
gi,1450864800000,437.68,439.98,437.68,439.98,2.32118742
gi,1450868400000,439.99,439.99,439.07,439.99,58.0731744712
gi,1450872000000,439.45,439.45,439.45,439.45,0.59758598
gi,1450875600000,439.99,439.99,439.99,439.99,0.07863814
gi,1450879200000,439.8,439.99,439.8,439.8,7.0671111488
gi,1450882800000,439.99,440.69,438.39,439.26,97.5036822734
gi,1450886400000,438.18,439.89,438.03,439.72,51.35872138
gi,1450890000000,439.92,441.92,439.92,441.92,83.5825818206
gi,1450893600000,441.66,443.78,441.66,443.78,27.6654945564
gi,1450897200000,443.79,443.8,440.0,443.15,109.6771942324
gi,1450900800000,442.17,443.99,442.17,443.99,116.4488477686
gi,1450904400000,444.28,444.71,444.18,444.18,49.601838977
gi,1450908000000,444.26,444.26,442.17,443.0,65.6892717104
gi,1450911600000,443.0,444.59,442.13,444.54,28.8116250566
gi,1450918800000,444.99,444.99,444.99,444.99,50.0
gi,1450922400000,444.99,450.27,444.99,450.27,144.04
gi,1450926000000,451.0,455.0,449.66,454.75,53.552627793
gi,1450929600000,450.45,454.74,448.24,448.24,63.1816
gi,1450933200000,449.75,454.26,449.52,454.26,4.4073158212
gi,1450936800000,451.46,455.0,451.43,455.0,6.53170352
gi,1450940400000,456.11,456.92,455.0,455.0,14.7114199854
gi,1450954800000,455.62,457.22,455.32,457.22,85.22
gi,1450958400000,455.02,455.02,453.4,453.41,34.60384032
gi,1450962000000,452.88,452.91,451.49,451.49,9.0148972
gi,1450965600000,454.94,454.94,454.56,454.56,4.453
gi,1450969200000,454.56,454.99,452.55,454.99,7.982484218
gi,1450972800000,455.0,455.0,454.84,455.0,90.46601994
gi,1450976400000,455.72,456.57,455.0,456.28,64.02924876
gi,1450980000000,455.25,455.75,454.12,455.38,69.8096203706
gi,1450983600000,454.84,456.61,454.84,456.61,30.8014655662
gi,1450987200000,454.56,456.01,454.47,455.78,8.95528
gi,1450990800000,455.83,455.83,455.83,455.83,8.751
gi,1450994400000,455.83,455.83,455.38,455.38,0.2236763934
gi,1450998000000,455.46,455.46,455.46,455.46,0.14
gi,1451001600000,456.52,459.0,456.26,459.0,19.93063462
gi,1451005200000,458.55,461.86,458.55,461.86,55.10899404
gi,1451008800000,459.49,459.49,457.36,457.36,10.0
gi,1451012400000,458.23,458.5,456.01,457.75,38.633
gi,1451019600000,460.91,460.91,460.91,460.91,0.0476126296
gi,1451023200000,458.3,458.3,458.3,458.3,0.5
gi,1451030400000,458.8,458.8,454.13,454.13,11.12664296
gi,1451037600000,454.95,454.95,454.95,454.95,0.91826742
gi,1451044800000,454.02,454.02,454.02,454.02,0.22209448
gi,1451048400000,453.99,453.99,453.99,453.99,4.394397385
gi,1451052000000,454.0,454.0,454.0,454.0,10.1998
gi,1451062800000,454.93,454.93,454.93,454.93,0.56588544
gi,1451066400000,457.05,457.89,457.05,457.71,2.17904916
gi,1451070000000,457.71,457.71,457.71,457.71,2.5
gi,1451073600000,457.7,457.7,457.7,457.7,0.18
gi,1451080800000,458.59,458.59,458.59,458.59,2.1751591494
gi,1451091600000,457.55,457.55,457.55,457.55,0.2736702
gi,1451095200000,455.9,455.9,451.39,451.39,56.86
gi,1451098800000,453.57,453.57,445.1,445.1,21.24803476
gi,1451102400000,442.63,443.38,438.96,442.09,21.84
gi,1451106000000,440.91,440.97,437.93,437.93,11.55302102
gi,1451109600000,439.65,439.65,439.65,439.65,0.66535314
gi,1451116800000,440.6,440.6,435.0,435.0,15.01130378
gi,1451120400000,434.93,435.51,434.0,434.0,9.56740542
gi,1451124000000,427.52,431.68,418.0,418.0,232.2038634946
gi,1451127600000,446.2,446.2,425.27,425.27,1.2756
gi,1451131200000,424.33,428.0,424.33,428.0,0.47485332
gi,1451134800000,428.0,428.0,420.52,421.97,50.57278538
gi,1451138400000,425.1,425.1,425.1,425.1,1.8584
gi,1451142000000,423.85,431.5,421.91,431.5,70.7971811836
gi,1451145600000,424.5,424.5,412.55,412.55,164.58428218
gi,1451149200000,413.1,422.81,407.07,422.81,62.17535886
gi,1451152800000,420.42,420.49,413.18,420.49,16.5023822212
gi,1451156400000,420.49,428.78,415.21,428.78,18.5652153528
gi,1451163600000,422.92,422.92,414.75,416.96,11.14856128
gi,1451167200000,416.48,420.04,415.53,417.0,5.2683274
gi,1451170800000,417.0,423.64,417.0,418.3,100.7204726
gi,1451174400000,417.86,417.86,407.77,407.77,172.5134265
gi,1451178000000,412.3,412.3,412.25,412.25,0.82546682
gi,1451188800000,416.24,416.26,416.24,416.26,0.7639449988
gi,1451192400000,413.14,414.3,413.14,414.3,0.71047684
gi,1451196000000,411.62,411.62,411.62,411.62,0.124
gi,1451199600000,418.83,418.83,418.83,418.83,39.744822934
gi,1451203200000,419.36,419.36,417.58,417.58,0.8020876
gi,1451210400000,419.8,421.5,419.8,421.5,11.9692
gi,1451214000000,421.33,421.34,421.33,421.33,0.14034136
gi,1451217600000,421.11,421.11,421.11,421.11,0.40084534
gi,1451221200000,416.38,416.38,416.38,416.38,0.19856354
gi,1451224800000,415.08,415.08,415.08,415.08,1.1669445
gi,1451228400000,420.0,420.0,420.0,420.0,10.0
gi,1451232000000,416.75,416.75,416.63,416.63,0.19200922
gi,1451239200000,419.22,419.22,419.22,419.22,6.0
gi,1451246400000,420.88,420.88,420.88,420.88,0.56072988
gi,1451250000000,421.28,422.06,421.28,422.06,0.4794147822
gi,1451257200000,421.63,421.63,421.51,421.51,1.78606164
gi,1451260800000,424.23,426.0,424.23,426.0,0.599352774
gi,1451264400000,424.5,425.78,424.5,425.78,0.4042
gi,1451268000000,426.0,429.31,426.0,429.31,7.399102976
gi,1451271600000,427.23,428.69,426.8,428.69,19.1677569206
gi,1451275200000,425.91,425.91,425.01,425.01,0.29000662
gi,1451282400000,427.83,427.83,427.83,427.83,1.7156
gi,1451289600000,426.63,426.63,426.51,426.51,0.8106029
gi,1451293200000,425.97,425.98,425.0,425.0,6.32538336
gi,1451296800000,422.94,422.94,422.94,422.94,0.1863545
gi,1451304000000,423.42,424.91,422.05,424.91,9.42252894
gi,1451307600000,424.2,424.2,424.2,424.2,4.0
gi,1451311200000,424.55,424.55,423.35,423.35,13.6113826122
gi,1451314800000,424.14,424.14,423.41,423.41,1.63250186
gi,1451318400000,423.02,424.44,423.0,423.16,2.33045912
gi,1451322000000,423.12,423.61,421.53,422.43,44.4647663944
gi,1451325600000,422.43,422.43,422.43,422.43,0.23878138
gi,1451329200000,422.32,423.22,421.07,421.07,19.9370139772
gi,1451332800000,418.87,418.87,418.79,418.79,2.9244816
gi,1451336400000,418.53,421.47,418.53,421.47,39.0507820514
gi,1451340000000,420.8,420.8,420.8,420.8,2.7539558
gi,1451343600000,421.79,421.79,421.79,421.79,2.3746792482
gi,1451347200000,421.79,421.79,421.79,421.79,117.6253207518
gi,1451350800000,422.04,424.87,422.04,424.87,9.47876188
gi,1451354400000,423.16,424.47,423.16,424.14,2.4710854012
gi,1451358000000,421.86,423.16,421.86,421.86,4.09376246
gi,1451368800000,422.03,422.03,421.79,421.79,50.45568722
gi,1451372400000,421.89,421.99,421.89,421.89,11.218
gi,1451376000000,421.79,421.79,421.79,421.79,362.367983103
gi,1451383200000,421.79,421.79,421.79,421.79,19.812216897
gi,1451394000000,422.98,422.98,422.98,422.98,0.6765663
gi,1451397600000,422.96,422.98,422.96,422.98,35.6101038394
gi,1451401200000,422.98,429.46,422.98,429.46,152.3100513572
gi,1451404800000,430.36,430.61,429.3,430.61,42.7755098244
gi,1451408400000,431.15,433.37,431.15,433.37,56.24
gi,1451412000000,433.38,434.26,430.71,432.75,543.99246956
gi,1451415600000,432.66,432.66,431.0,431.0,2.77270836
gi,1451419200000,431.0,431.0,429.05,429.05,12.65649558
gi,1451422800000,430.4,431.0,430.19,431.0,39.6750231844
gi,1451426400000,431.0,431.0,431.0,431.0,0.5
gi,1451430000000,430.59,433.0,430.13,432.9,42.8751947956
gi,1451433600000,434.21,434.21,434.21,434.21,2.2972898698
gi,1451437200000,436.79,436.79,433.01,433.01,58.5920512766
gi,1451440800000,432.01,432.02,430.67,431.6,4.60442902
gi,1451448000000,431.64,431.64,431.64,431.64,5.5
gi,1451455200000,430.84,430.84,430.84,430.84,0.08
gi,1451458800000,431.59,431.59,431.59,431.59,0.47730484
gi,1451462400000,431.56,431.56,431.56,431.56,0.67834784
gi,1451466000000,432.31,432.31,432.31,432.31,0.0092295456
gi,1451476800000,430.85,430.85,430.85,430.85,0.15754454
gi,1451480400000,425.18,425.18,422.1,422.1,8.5961191
gi,1451487600000,423.0,426.4,422.7,425.82,32.1834683072
gi,1451491200000,425.82,427.0,425.82,427.0,52.062
gi,1451494800000,427.0,429.99,427.0,428.76,122.3330323344
gi,1451498400000,429.13,429.99,428.76,429.99,64.80481406
gi,1451502000000,429.0,429.99,428.4,428.4,34.593917982
gi,1451509200000,428.4,428.4,428.4,428.4,10.4551747
gi,1451512800000,428.24,428.24,428.24,428.24,0.0624
gi,1451516400000,429.98,429.98,428.4,429.98,3.5975930584
gi,1451520000000,429.99,429.99,427.57,427.57,6.9362049412
gi,1451523600000,428.66,429.99,428.66,429.99,1.6246584518
gi,1451527200000,429.06,429.06,429.06,429.06,0.46
gi,1451530800000,429.06,429.06,429.06,429.06,0.027
gi,1451534400000,429.06,429.06,429.06,429.06,0.0752
gi,1451538000000,429.06,429.06,422.01,422.01,14.64
gi,1451541600000,422.01,422.01,422.01,422.01,0.83822296
gi,1451552400000,422.01,422.01,422.01,422.01,0.46177704
gi,1451570400000,425.85,429.94,425.85,429.94,7.389
gi,1451574000000,429.5,430.99,425.85,426.5,138.6281561136
gi,1451577600000,426.5,431.99,426.5,431.99,99.7028
gi,1451581200000,432.0,432.99,432.0,432.21,62.1759728666
gi,1451584800000,432.21,432.21,432.21,432.21,2.30790586
gi,1451592000000,430.41,434.09,429.79,434.09,44.459046
gi,1451595600000,434.99,434.99,433.79,433.79,28.17884892
gi,1451599200000,433.5,433.5,432.5,432.5,1.5369614
gi,1451602800000,432.5,432.5,429.95,429.95,1.21362722
