ha,1588950000000,10006.797385,10006.797385,10006.797385,10006.797385,0.001069758
ha,1588978800000,9674.40374,9674.40374,9674.40374,9674.40374,0.002
ha,1589011200000,9687.447293000001,9687.447293000001,9687.447293000001,9687.447293000001,0.003716149
ha,1589065200000,9400.514124,9400.514124,9400.514124,9400.514124,1e-06
ha,1589068800000,9357.428279,9357.428279,8666.14817,8666.14817,0.014364795
ha,1589104800000,8558.784744,8558.784744,8558.784744,8558.784744,0.0001
ha,1589112000000,8502.061193000001,8502.061193000001,8497.352307,8497.352307,0.0003
ha,1589115600000,8518.976253,8593.843551,8518.976253,8593.843551,0.0002
ha,1589122800000,8680.118241,8680.118241,8680.118241,8680.118241,0.0008631060000000001
ha,1589126400000,8555.555554999999,8555.555554999999,8555.555554999999,8555.555554999999,0.0123
ha,1589130000000,8253.298829000001,8350.0,8253.298829000001,8350.0,0.0003
ha,1589137200000,8350.0,8350.0,8350.0,8350.0,0.00031636
ha,1589140800000,8350.0,8350.0,8350.0,8350.0,1.6e-05
ha,1589166000000,8567.806821,8567.806821,8502.709901999999,8502.709901999999,4.4e-05
ha,1589169600000,8502.709901999999,8502.709901999999,8502.709901999999,8502.709901999999,0.0003
ha,1589173200000,8458.499273000001,8458.499273000001,8458.499273000001,8458.499273000001,0.0002
ha,1589176800000,8491.693895999999,8491.693895999999,8491.693895999999,8491.693895999999,0.0002
ha,1589180400000,8491.693895999999,8491.693895999999,8491.693895999999,8491.693895999999,0.0002
ha,1589184000000,8410.401159000001,8410.401159000001,8410.401159000001,8410.401159000001,0.0004
ha,1589187600000,8374.812593,8374.812593,8374.812593,8374.812593,0.0004
ha,1589191200000,8524.514895999999,8574.646539,8524.514895999999,8574.646539,0.00031
ha,1589194800000,8614.430373000001,8614.430373000001,8614.430373000001,8614.430373000001,0.0003
ha,1589198400000,8890.625011,8890.625011,8890.625011,8890.625011,4e-06
ha,1589212800000,8674.006994,8674.006994,8674.006994,8674.006994,0.0075
ha,1589220000000,8350.0,8457.981492,8232.807675,8232.807675,0.002398275
ha,1589248800000,8414.523262,8414.523262,8407.978706,8407.978706,0.0002
ha,1589252400000,8470.572701000001,8470.572701000001,8470.572701000001,8470.572701000001,0.0004
ha,1589263200000,8488.196546,8493.503702,8488.196546,8493.503702,0.0006
ha,1589288400000,8563.773687,8563.773687,8563.773687,8563.773687,2e-05
ha,1589292000000,8661.499165000001,8661.499165000001,8661.499165000001,8661.499165000001,0.0001
ha,1589295600000,8695.260072,8695.260072,8695.260072,8695.260072,0.0001
ha,1589299200000,8695.260072,8695.260072,8686.219906999999,8686.219906999999,0.00026472
ha,1589302800000,8711.311324,8980.808062,8711.311324,8737.198867000001,0.0029552470000000003
ha,1589306400000,8891.082535,8891.082535,8642.518654000001,8880.19593,0.012
ha,1589310000000,8880.19593,8927.841962999999,8880.19593,8927.841962999999,0.002486696
ha,1589324400000,8629.164087000001,8859.229385999999,8629.164087000001,8859.229385999999,0.000269723
ha,1589364000000,8724.168381,8724.168381,8724.168381,8724.168381,0.0019649389999999997
ha,1589374800000,8897.495484000001,8897.495484000001,8897.495484000001,8897.495484000001,3.821e-05
ha,1589378400000,8869.68452,8916.595546999999,8869.68452,8916.595546999999,0.00022822
ha,1589382000000,8916.595546999999,8916.595546999999,8916.595546999999,8916.595546999999,3.357e-05
ha,1589410800000,9334.169017,9334.169017,9334.169017,9334.169017,0.0032853409999999998
ha,1589432400000,9132.905291,9132.905291,9132.905291,9132.905291,0.0001
ha,1589450400000,9482.292754,9560.0,9461.289835,9461.289835,0.0009
ha,1589464800000,9418.97984,9530.495364,9418.97984,9530.495364,0.0006
ha,1589468400000,9489.675932,9503.947087,9489.675932,9502.036798000001,0.00122
ha,1589472000000,9544.249399,9544.249399,9544.249399,9544.249399,0.0001
ha,1589522400000,9320.0,9320.0,9320.0,9320.0,0.0005
ha,1589526000000,9320.0,9401.013954,9320.0,9401.013954,0.00060012
ha,1589529600000,9447.619445999999,9447.619445999999,9412.813297,9412.813297,0.005341826
ha,1589533200000,9401.013954,9401.013954,9401.013954,9401.013954,0.0001
ha,1589554800000,9373.223506999999,9373.223506999999,9350.179259999999,9350.179259999999,0.001007837
ha,1589558400000,9320.0,9320.0,9231.424045,9231.424045,0.00478326
ha,1589587200000,9294.634525,9294.634525,9294.634525,9294.634525,0.02151779
ha,1589648400000,9416.658558,9416.658558,9416.658558,9416.658558,0.00011318
ha,1589662800000,9425.573883,9425.573883,9425.573883,9425.573883,0.000318283
ha,1589709600000,9305.814427,9305.814427,9304.227885,9304.227885,0.000621879
ha,1589713200000,9306.591059999999,9306.591059999999,9304.227885,9304.227885,0.00045592800000000003
ha,1589727600000,9595.0,9595.0,9595.0,9595.0,0.000102231
ha,1589767200000,9694.965027,9955.581275,9694.965027,9955.581275,0.0032809540000000004
ha,1589817600000,9545.032357,9783.081683,9545.032357,9783.081683,1.65e-06
ha,1589828400000,9720.226663,9720.226663,9720.226663,9720.226663,0.000814796
ha,1589839200000,9776.163321,9776.163321,9776.163321,9776.163321,2.709e-05
ha,1589842800000,9610.87783,9799.634224,9610.87783,9799.634224,0.003062316
ha,1589846400000,9697.452271,9697.452271,9697.452271,9697.452271,0.0045281340000000005
ha,1589853600000,9678.383447,9678.383447,9667.325641,9667.325641,0.01048595
ha,1589860800000,9624.085078,9624.085078,9624.085078,9624.085078,0.005622564
ha,1589864400000,9624.395272,9624.395272,9624.395272,9624.395272,0.000203634
ha,1589875200000,9730.678457,9730.678457,9730.678457,9730.678457,0.001150652
ha,1589914800000,9626.733195,9626.733195,9626.733195,9626.733195,2e-05
ha,1589947200000,9566.598031,9566.598031,9566.598031,9566.598031,0.00026497
ha,1590062400000,9372.364818,9376.376972,9372.364818,9376.376972,0.0057548519999999995
ha,1590069600000,9202.0,9225.395154,9202.0,9225.395154,0.01867679
ha,1590105600000,9025.536103,9025.536103,9025.536103,9025.536103,0.00443345
ha,1590112800000,9097.067023,9102.25612,9097.067023,9102.25612,0.044215
ha,1590166800000,9146.645784,9146.645784,9146.645784,9146.645784,1e-05
ha,1590199200000,9178.584295999999,9178.584295999999,9178.584295999999,9178.584295999999,0.000174318
ha,1590202800000,9226.383608,9226.383608,9226.383608,9226.383608,3.9018000000000005e-05
ha,1590235200000,9193.363995,9193.363995,9107.078272,9107.078272,0.021726396000000002
ha,1590238800000,9107.0,9107.0,9107.0,9107.0,2e-05
ha,1590256800000,9140.152863,9140.152863,9124.387505,9124.387505,0.015872973000000002
ha,1590382800000,8733.725696,8733.725696,8714.323059999999,8714.323059999999,7.768e-05
ha,1590397200000,8724.147392,8724.147392,8724.147392,8724.147392,8.738e-06
ha,1590483600000,8972.96028,8972.96028,8972.96028,8972.96028,3.7858e-05
ha,1590577200000,9066.796102,9066.796102,9066.796102,9066.796102,0.012061667
ha,1590627600000,9166.242247,9166.242247,9166.242247,9166.242247,0.001543385
ha,1590667200000,9257.976537,9298.463769,9257.976537,9267.321518,0.013759789
ha,1590670800000,9257.976537,9315.940227,9257.976537,9293.611906999999,0.016262675
ha,1590674400000,9295.537756,9337.336665,9295.537756,9303.74703,0.00836665
ha,1590678000000,9317.719754000002,9332.295327,9317.719754000002,9332.295327,0.019534976000000003
ha,1590681600000,9478.702016,9478.702016,9478.702016,9478.702016,0.05
ha,1590685200000,9356.205522,9356.205522,9353.495839,9353.495839,0.01279972
ha,1590692400000,9316.646713,9316.646713,9313.743391,9313.743391,0.020232411000000002
ha,1590703200000,9295.244609000001,9295.244609000001,9295.244609000001,9295.244609000001,8.3275e-05
ha,1590717600000,9346.539929,9346.539929,9346.539929,9346.539929,0.00025
ha,1590735600000,9353.780825,9374.60843,9353.780825,9353.780825,7.5260000000000004e-06
ha,1590778800000,9253.858229000001,9253.858229000001,9251.967105,9251.967105,0.001652228
ha,1590854400000,9377.848564,9377.848564,9377.848564,9377.848564,0.0011
ha,1590858000000,9547.668147,9579.298449,9389.796372,9389.796372,0.039829414
ha,1590876000000,9443.254831999999,9443.254831999999,9443.254831999999,9443.254831999999,4.8e-07
ha,1590926400000,9587.204827,9587.204827,9587.204827,9587.204827,0.0185
ha,1590930000000,9587.204827,9587.204827,9587.204827,9587.204827,0.00842547
ha,1590958800000,9531.441508,9531.441508,9531.441508,9531.441508,5.9999999999999995e-05
ha,1590966000000,9386.685,9386.685,9386.685,9386.685,5.2096000000000004e-05
ha,1590973200000,9519.958378,9519.958378,9492.362859,9492.362859,0.023663015
ha,1591027200000,9464.032628,9464.032628,9464.032628,9464.032628,0.0041890040000000005
ha,1591048800000,9594.048709,9594.048709,9594.048709,9594.048709,0.010641877
ha,1591052400000,9669.819051999999,10141.512099,9669.819051999999,10141.512099,0.026649977000000002
ha,1591056000000,10021.024159999999,10021.024159999999,10021.024159999999,10021.024159999999,0.008131835
ha,1591059600000,10104.405702,10104.405702,10104.405702,10104.405702,0.0034163320000000002
ha,1591084800000,9955.484666,9955.484666,9942.606229,9942.606229,0.0063879209999999995
ha,1591117200000,9492.059783,9492.059783,9492.059783,9492.059783,0.006674121999999999
ha,1591120800000,9524.032478000001,9537.667029,9524.032478000001,9537.667029,0.04674394900000001
ha,1591124400000,9524.348967,9524.348967,9402.264697,9402.264697,0.033013873
ha,1591164000000,9527.744744,9527.744744,9527.744744,9527.744744,0.001049566
ha,1591182000000,9482.227534,9482.227534,9482.227534,9482.227534,0.005772711999999999
ha,1591200000000,9461.892397,9461.892397,9461.892397,9461.892397,1e-05
ha,1591203600000,9463.534641,9463.534641,9463.534641,9463.534641,5.5e-05
ha,1591225200000,9527.0,9527.0,9527.0,9527.0,0.00015475799999999998
ha,1591246800000,9669.912552,9672.03737,9669.912552,9672.03737,0.0595682
ha,1591264800000,9504.389623000001,9504.389623000001,9504.389623000001,9504.389623000001,0.0024746
ha,1591268400000,9506.725026,9506.725026,9502.835491,9502.835491,0.0003
ha,1591293600000,9770.623932999999,9770.623932999999,9770.623932999999,9770.623932999999,0.000623676
ha,1591297200000,9736.0508,9742.319195999999,9736.0508,9736.0508,0.00589042
ha,1591318800000,9761.169767,9761.169767,9761.169767,9761.169767,0.00025
ha,1591322400000,9747.162893,9747.162893,9746.445361,9746.445361,0.003494125
ha,1591340400000,9699.246785,9699.246785,9699.246785,9699.246785,0.00061171
ha,1591358400000,9613.609059999999,9613.609059999999,9613.609059999999,9613.609059999999,0.00197532
ha,1591380000000,9657.197259,9657.197259,9657.197259,9657.197259,0.002217994
ha,1591383600000,9743.055140999999,9743.055140999999,9743.055140999999,9743.055140999999,0.060006
ha,1591398000000,9654.484574,9654.484574,9654.484574,9654.484574,0.0298
ha,1591401600000,9603.661058,9603.661058,9603.661058,9603.661058,0.000621806
ha,1591405200000,9560.210848,9567.686087,9555.614652,9567.686087,0.0018383070000000002
ha,1591430400000,9621.732901000001,9621.732901000001,9621.732901000001,9621.732901000001,0.009588560999999999
ha,1591448400000,9673.334539,9673.334539,9673.334539,9673.334539,0.01548587
ha,1591455600000,9673.295107,9673.295107,9673.295107,9673.295107,0.022519731
ha,1591459200000,9637.378127,9637.378127,9635.900044,9635.900044,0.022449317000000003
ha,1591462800000,9588.555525,9588.555525,9588.555525,9588.555525,0.019597877
ha,1591473600000,9678.676261,9678.676261,9678.676261,9678.676261,0.010331991
ha,1591524000000,9608.363476,9608.363476,9608.363476,9608.363476,1.224e-06
ha,1591527600000,9661.748114,9661.748114,9661.748114,9661.748114,1.2140000000000002e-06
ha,1591538400000,9435.367125,9435.367125,9435.367125,9435.367125,0.006679465
ha,1591549200000,9489.887423999999,9489.887423999999,9489.887423999999,9489.887423999999,0.000155208
ha,1591556400000,9517.405253,9517.405253,9517.405253,9517.405253,0.000139772
ha,1591560000000,9770.00996,9770.00996,9770.00996,9770.00996,0.006431328
ha,1591578000000,9781.305381,9781.305381,9781.305381,9781.305381,0.009201226
ha,1591628400000,9665.095958,9665.095958,9665.095958,9665.095958,0.01968384
ha,1591632000000,9699.448021,9707.722673,9699.448021,9707.722673,1.0202999999999999e-05
ha,1591711200000,9651.121134,9651.121134,9651.121134,9651.121134,0.022565744
ha,1591714800000,9639.009340999999,9639.009340999999,9639.009340999999,9639.009340999999,0.0076289109999999995
ha,1591722000000,9351.140416,9620.862172,8216.0,8350.0,0.050752687000000005
ha,1591747200000,9639.0941,9639.0941,9639.0941,9639.0941,4.7000000000000004e-08
ha,1591812000000,9783.746008,9783.746008,9675.214555,9675.214555,0.0009285789999999999
ha,1591815600000,9828.538213,9987.083529000001,9828.538213,9941.703384999999,0.0012161239999999999
ha,1591819200000,9746.564123999999,9746.564123999999,9746.564123999999,9746.564123999999,0.00050114
ha,1591840800000,9803.310873,9803.310873,9803.310873,9803.310873,5.9999999999999995e-05
ha,1591851600000,9901.308681,9901.308681,9901.308681,9901.308681,0.005049838
ha,1591873200000,9819.000923,9819.000923,9811.08027,9817.496307,0.043098937000000004
ha,1591891200000,9440.237985,9440.237985,9356.314731,9356.314731,0.0721
ha,1591920000000,9200.0001,9200.0001,9154.80775,9154.80775,0.0006622889999999999
ha,1592006400000,9463.403137000001,9463.403137000001,9463.403137000001,9463.403137000001,0.00057091
ha,1592118000000,9421.229083,9421.229083,9421.229083,9421.229083,0.0008223460000000001
ha,1592121600000,9421.229083,9444.656982999999,9421.229083,9444.656982999999,0.0031406470000000003
ha,1592154000000,9402.165085999999,9402.165085999999,9402.165085999999,9402.165085999999,6.9646e-05
ha,1592164800000,9406.374921999999,9406.374921999999,9406.374921999999,9406.374921999999,0.00022564299999999998
ha,1592193600000,9050.351762999999,9050.351762999999,9026.935303,9026.935303,0.01019031
ha,1592200800000,8854.015782999999,8854.015782999999,8854.015782999999,8854.015782999999,0.0172
ha,1592229600000,9271.922543,9271.922543,9248.18483,9248.18483,0.003123411
ha,1592312400000,9335.409268000001,9335.409268000001,9335.409268000001,9335.409268000001,0.000193941
ha,1592316000000,9091.253742,9355.877931,8250.0,8279.000001999999,0.02712768
ha,1592319600000,9249.497243000002,9249.497243000002,9249.497243000002,9249.497243000002,0.000258687
ha,1592323200000,9230.937558,9230.937558,9230.937558,9230.937558,0.0001
ha,1592402400000,9474.613196,9474.613196,9474.613196,9474.613196,8.6209e-05
ha,1592413200000,9196.017813,9196.017813,9196.017813,9196.017813,0.0030608859999999996
ha,1592416800000,9180.276672,9180.276672,9180.276672,9180.276672,0.0055
ha,1592420400000,9180.276672,9180.276672,9180.276672,9180.276672,0.00638453
ha,1592424000000,9092.643281,9147.713069,9066.079446,9147.713069,0.006042194
ha,1592427600000,9038.447667,9038.447667,1234.099592,8250.0,0.025304157999999997
ha,1592434800000,8250.0,8250.0,8250.0,8250.0,0.062923458
ha,1592452800000,8260.0,8260.0,8260.0,8260.0,0.001874591
ha,1592463600000,9180.276672,9180.276672,9180.276672,9180.276672,0.00454617
ha,1592478000000,9214.903148000001,9487.158695999999,9214.903148000001,9487.158695999999,0.00319267
ha,1592481600000,9477.342951,9477.342951,9477.342951,9477.342951,0.000174663
ha,1592496000000,9167.441223,9167.441223,9126.0,9126.0,0.01774843
ha,1592506800000,9442.31575,9442.31575,9442.31575,9442.31575,0.007215421
ha,1592596800000,9085.610468,9085.610468,9073.120056,9073.120056,0.000642773
ha,1592679600000,9348.422029000001,9348.422029000001,9348.422029000001,9348.422029000001,0.000614053
ha,1592838000000,9248.2689,9248.2689,9244.8121,9248.2689,3.782e-06
ha,1592848800000,9512.02,9512.02,9512.02,9512.02,7.299999999999999e-08
ha,1592856000000,9383.408476999999,9383.408476999999,9383.408476999999,9383.408476999999,0.00025
ha,1592859600000,9512.02,9512.02,9512.02,9512.02,1.4002e-05
ha,1592870400000,9492.030858,9492.030858,9492.030858,9492.030858,0.0034750009999999997
ha,1592892000000,9437.285902,9439.577598,9434.027812,9434.027812,0.0016755
ha,1592895600000,9438.297115000001,9438.297115000001,9438.297115000001,9438.297115000001,0.0004255
ha,1592913600000,9668.099178,9668.099178,9668.099178,9668.099178,0.002287077
ha,1592917200000,9444.887768999999,9444.887768999999,9444.887768999999,9444.887768999999,4.46e-05
ha,1592920800000,9444.887768999999,9444.887768999999,9444.887768999999,9444.887768999999,5.539999999999999e-05
ha,1592924400000,9459.149392,9480.744412,9459.149392,9480.744412,0.00033
ha,1592928000000,9480.744412,9489.884043,9465.798268999999,9473.946531,0.001422
ha,1592931600000,9464.700137,9466.084422,9464.700137,9466.084422,0.00078
ha,1592935200000,9463.364223,9477.479534,9452.793403,9477.479534,0.0010400000000000001
ha,1592938800000,9461.937322,9461.937322,9461.937322,9461.937322,0.00026000000000000003
ha,1592942400000,9444.015076,9444.015076,9434.76078,9442.900937999999,0.00137
ha,1592978400000,9454.734254,9454.734254,9453.116943,9453.116943,0.00066061
ha,1592992800000,9400.0,9400.0,9400.0,9400.0,1.4228e-05
ha,1592996400000,9158.803891,9182.226016,9054.960969,9182.226016,0.0005706
ha,1593000000000,9388.363214,9388.363214,9175.284322,9185.832293000001,0.008914512
ha,1593003600000,9185.832293000001,9221.206972,9185.832293000001,9208.519083,0.00132
ha,1593007200000,9198.667657,9198.667657,9140.540761,9140.540761,0.0035
ha,1593068400000,8982.436893,8982.436893,8982.436893,8982.436893,0.00016
ha,1593072000000,9069.403819,9102.637046,9064.825356,9102.637046,0.00078368
ha,1593075600000,9102.637046,9104.731779000002,9084.90496,9086.461465999999,0.00133
ha,1593079200000,9064.825356,9074.403191,9064.825356,9074.403191,0.00075
ha,1593082800000,9082.391907,9082.391907,9078.986456,9078.986456,0.0007099999999999999
ha,1593086400000,9074.616444,9074.616444,9069.776474,9069.776474,0.00051397
ha,1593093600000,9252.48173,9293.1569,9252.48173,9293.1569,0.006946665
ha,1593097200000,9055.164056,9270.34132,9050.161207,9267.227459,0.006419043
ha,1593100800000,9262.239959,9570.406704,9033.409945,9033.409945,0.077973538
ha,1593162000000,9156.869956999999,9156.869956999999,9124.515677,9124.515677,0.0027116490000000004
ha,1593172800000,9242.991948,9242.991948,9110.320395,9110.320395,0.0032164520000000003
ha,1593248400000,9073.687151,9073.687151,9071.288812,9071.288812,0.0005099999999999999
ha,1593252000000,9063.129885,9070.695226,9058.247714,9070.695226,0.0012
ha,1593255600000,9050.215101,9186.124168,9044.923440999999,9186.124168,0.003624804
ha,1593262800000,9081.712249,9192.173723,9081.712249,9192.173723,0.000397004
ha,1593266400000,9189.644570999999,9189.644570999999,9189.644570999999,9189.644570999999,2.1144e-05
ha,1593280800000,9113.964227,9113.964227,9113.964227,9113.964227,3.346e-05
ha,1593298800000,8916.739879,8916.739879,8916.739879,8916.739879,0.00016
ha,1593306000000,8886.442425,8886.442425,8886.442425,8886.442425,0.0005
ha,1593316800000,8892.887313,8892.887313,8866.053478,8866.053478,0.011916349
ha,1593457200000,9187.669973,9187.669973,9187.669973,9187.669973,0.012815001000000001
ha,1593460800000,9057.553358,9057.553358,9057.553358,9057.553358,0.0020043689999999998
ha,1593511200000,9058.301675,9058.301675,9058.301675,9058.301675,0.002194975
ha,1593543600000,9178.214120999999,9178.214120999999,9178.214120999999,9178.214120999999,2.2999999999999998e-08
ha,1593597600000,9055.640951000001,9055.640951000001,9055.640951000001,9055.640951000001,0.00276071
ha,1593615600000,9146.214322,9146.214322,9129.037606999998,9129.037606999998,0.011231571999999999
ha,1593626400000,9138.357688,9138.357688,9138.357688,9138.357688,8.714e-06
ha,1593720000000,8940.035421999999,8940.035421999999,8940.035421999999,8940.035421999999,0.001
ha,1593730800000,8976.850001,9125.601945999999,8976.850001,9125.601945999999,0.043172804
ha,1593752400000,8967.796404,8967.796404,8967.796404,8967.796404,2.263e-06
ha,1593759600000,8963.022319,8966.611245,8963.022319,8966.611245,0.00040389699999999996
ha,1593763200000,8967.881626,8967.881626,8967.881626,8967.881626,0.000370624
ha,1593824400000,9095.143995999999,9095.143995999999,9095.143995999999,9095.143995999999,2.1443e-05
ha,1593936000000,13000.0,13000.0,13000.0,13000.0,0.074216265
ha,1593943200000,9203.505012,9203.505012,9203.505012,9203.505012,0.006854633000000001
ha,1593972000000,9184.157718,9186.400556,9184.157718,9186.400556,0.001098583
ha,1594036800000,9393.514140000001,9393.514140000001,9393.514140000001,9393.514140000001,0.009140686
ha,1594044000000,9399.391773000001,9399.391773000001,9399.391773000001,9399.391773000001,0.000978814
ha,1594047600000,9227.113304,9227.113304,9227.113304,9227.113304,1.9312e-05
ha,1594051200000,9460.763590999999,9460.763590999999,9460.763590999999,9460.763590999999,0.000241478
ha,1594083600000,9497.369258,9515.303896,9477.973199,9477.973199,0.11108193
ha,1594087200000,9477.973199,9477.973199,9477.973199,9477.973199,0.038942767
ha,1594105200000,9441.207335,9441.207335,9441.207335,9441.207335,0.00022882599999999998
ha,1594155600000,9421.800129000001,9421.800129000001,9421.800129000001,9421.800129000001,3.7712e-05
ha,1594231200000,9377.963228,9377.963228,9377.963228,9377.963228,2e-07
ha,1594256400000,9363.088077,9575.053723,9363.088077,9575.053723,0.003104098
ha,1594303200000,9566.521631,9566.521631,9353.206995,9353.206995,0.000348981
ha,1594310400000,9250.0,9250.0,9250.0,9250.0,0.0040877
ha,1594321200000,9397.683363,9397.683363,9397.683363,9397.683363,1.208e-06
ha,1594328400000,9250.0,9250.0,9210.027476000001,9210.027476000001,0.013082234
ha,1594353600000,9185.361651000001,9393.32689,9185.361651000001,9393.32689,0.005892726
ha,1594357200000,9114.378607999999,9114.378607999999,9114.378607999999,9114.378607999999,0.0015828860000000001
ha,1594368000000,9147.017403,9148.664859,9147.017403,9148.664859,0.00019966799999999999
ha,1594382400000,9346.378502,9346.378502,9346.378502,9346.378502,3.02e-06
ha,1594386000000,9137.480593,9137.480593,9137.480593,9137.480593,9.7e-05
ha,1594393200000,9152.024415,9153.993662,9152.024415,9153.993662,0.013534589
ha,1594396800000,9194.182354,9389.553608,9194.182354,9389.553608,0.001799292
ha,1594429200000,9235.573392,9235.573392,9235.573392,9235.573392,0.01952209
ha,1594465200000,9200.0,9200.0,9185.871502,9185.871502,0.014124956999999999
ha,1594479600000,9389.961781,9389.961781,9389.961781,9389.961781,1e-09
ha,1594501200000,9174.864955,9174.864955,9174.864955,9174.864955,4.498e-06
ha,1594515600000,9218.47222,9218.47222,9218.47222,9218.47222,0.001121325
ha,1594526400000,9234.664768999999,9234.664768999999,9234.664768999999,9234.664768999999,0.000506932
ha,1594540800000,9221.901,9221.901,9221.901,9221.901,0.001187427
ha,1594620000000,9232.927768000001,9232.927768000001,9232.927768000001,9232.927768000001,0.002
ha,1594630800000,9243.899269,9243.899269,9243.899269,9243.899269,0.004
ha,1594652400000,9379.0,9475.719896999999,9273.273647,9273.273647,0.028175197000000003
ha,1594656000000,9256.905893000001,9256.905893000001,9256.905893000001,9256.905893000001,0.013327298000000001
ha,1594702800000,9156.920624,9156.920624,9156.920624,9156.920624,0.000724397
ha,1594710000000,9146.916661,9146.916661,9146.916661,9146.916661,0.005
ha,1594803600000,9168.925606,9168.925606,9168.925606,9168.925606,0.005606692
ha,1594861200000,9150.0,9150.0,9150.0,9150.0,0.001657764
ha,1594879200000,9170.016262000001,9170.016262000001,9167.913111,9167.913111,0.013971021
ha,1594958400000,9076.386181,9076.386181,9076.386181,9076.386181,6.807e-06
ha,1595008800000,9114.852276000001,9114.852276000001,9114.852276000001,9114.852276000001,3.072e-06
ha,1595012400000,9124.532809999999,9124.532809999999,9124.532809999999,9124.532809999999,3.302e-06
ha,1595052000000,9102.156583,9102.156583,9102.156583,9102.156583,4.2e-08
ha,1595098800000,9153.326520999999,9153.326520999999,9153.326520999999,9153.326520999999,0.010614331999999999
ha,1595102400000,9136.64322,9136.64322,9133.744209,9133.744209,0.001722506
ha,1595127600000,9119.634125,9119.634125,9119.634125,9119.634125,0.001571712
ha,1595199600000,9170.098843000002,9170.098843000002,9170.098843000002,9170.098843000002,0.008845188
ha,1595217600000,9143.95548,9289.687761,9142.011003,9142.011003,0.0059752
ha,1595221200000,9139.546317,9143.345577,9139.546317,9143.345577,0.011249044
ha,1595242800000,9125.94011,9125.94011,9125.94011,9125.94011,0.002159502
ha,1595246400000,9125.94011,9125.94011,9125.94011,9125.94011,0.0024015679999999998
ha,1595268000000,9290.607675,9290.607675,9290.607675,9290.607675,0.004154182
ha,1595293200000,9135.274322,9135.274322,9135.274322,9135.274322,0.050121399999999997
ha,1595350800000,9304.814118,9320.751018,9304.814118,9320.751018,0.06526145400000001
ha,1595368800000,9335.759933,9335.759933,9335.759933,9335.759933,0.002178074
ha,1595379600000,9417.1,9434.342506,9339.134935,9339.134935,0.044239319000000006
ha,1595394000000,9264.719538,9531.71923,9230.853125,9314.208473,0.001811584
ha,1595404800000,9407.374495,9407.374495,9407.374495,9407.374495,0.0027637890000000004
ha,1595412000000,9421.426437,9421.426437,9421.426437,9421.426437,0.001105276
ha,1595430000000,9434.246396999999,9434.246396999999,9434.246396999999,9434.246396999999,0.00147053
ha,1595437200000,9309.360301,9309.360301,9309.360301,9309.360301,0.01121
ha,1595462400000,9472.486724,9472.486724,9472.486724,9472.486724,0.001729957
ha,1595520000000,9485.814153,9501.0,9485.814153,9501.0,0.000535276
ha,1595527200000,9576.168466,9576.168466,9576.168466,9576.168466,0.002052823
ha,1595566800000,9510.601379000002,9510.601379000002,9508.621309,9508.621309,0.0010449189999999998
ha,1595584800000,9507.192749,9507.192749,9507.192749,9507.192749,0.013208756
ha,1595595600000,9640.0,9640.0,9640.0,9640.0,0.0031120329999999997
ha,1595599200000,9640.0,9640.0,9640.0,9640.0,0.009875669
ha,1595606400000,9491.710566,9491.710566,9491.710566,9491.710566,0.020794628
ha,1595613600000,9514.645211,9514.645211,9514.645211,9514.645211,7e-05
ha,1595624400000,9571.573221999999,9571.573221999999,9571.573221999999,9571.573221999999,0.001155924
ha,1595628000000,9600.0,9668.205834999999,9600.0,9668.205834999999,0.002167182
ha,1595631600000,9513.294267,9513.294267,9513.294267,9513.294267,0.001451632
ha,1595682000000,9535.390344,9535.390344,9535.390344,9535.390344,0.0192
ha,1595685600000,9536.189521,9648.168642,9536.189521,9648.168642,8.768e-06
ha,1595707200000,9665.0,9665.0,9665.0,9665.0,0.00011803299999999999
ha,1595710800000,9665.0,9665.0,9665.0,9665.0,0.00039929699999999995
ha,1595718000000,9668.677252,9668.677252,9668.677252,9668.677252,3.3e-05
ha,1595725200000,9720.0,9720.0,9720.0,9720.0,0.002057613
ha,1595728800000,9730.937664000001,9730.937664000001,9730.937664000001,9730.937664000001,0.008522802
ha,1595750400000,9765.0,9765.0,9765.0,9765.0,0.000512028
ha,1595757600000,9765.0,9860.0,9765.0,9860.0,0.0005071030000000001
ha,1595764800000,9890.39871,9890.39871,9890.39871,9890.39871,0.00515
ha,1595775600000,9885.002048,9910.0,9885.002048,9910.0,0.0022090820000000002
ha,1595779200000,9888.143215,9888.143215,9888.143215,9888.143215,0.00010706700000000001
ha,1595793600000,9826.399624,9826.399624,9826.399624,9826.399624,0.000139894
ha,1595800800000,9847.408007,9847.408007,9847.408007,9847.408007,0.00056264
ha,1595808000000,9881.347575,9938.0,9881.347575,9938.0,0.00038639800000000004
ha,1595811600000,9938.0,10000.0,9938.0,10000.0,0.0017784270000000002
ha,1595815200000,10000.0,10080.384384,10000.0,10080.384384,0.029802658
ha,1595822400000,10222.196671,10222.196671,10179.824267,10179.824267,0.005951093
ha,1595833200000,10195.210801000001,10195.210801000001,10154.247723999999,10154.247723999999,0.004374989
ha,1595840400000,10210.0,10255.047074,10210.0,10255.047074,0.035984527999999995
ha,1595854800000,10282.0,10282.0,10282.0,10282.0,0.0005099999999999999
ha,1595858400000,10282.0,10322.814783,10282.0,10322.814783,0.005996776
ha,1595869200000,10325.0,10760.0,10324.0,10758.158136,0.021699734
ha,1595872800000,10828.998548,10850.0,10764.354703,10764.354703,0.011621868999999998
ha,1595876400000,10736.510864,10736.510864,10692.255957,10692.255957,0.009006387
ha,1595880000000,10742.706717000001,10742.706717000001,10742.706717000001,10742.706717000001,0.000300765
ha,1595887200000,10853.453648,11299.020177,10799.198534000001,11100.098056,0.037353882000000005
ha,1595890800000,11100.098056,11106.804795,11100.098056,11100.098056,0.013211496000000001
ha,1595894400000,11154.698307999999,11154.698307999999,11154.698307999999,11154.698307999999,0.000244183
ha,1595898000000,11085.763073,11085.763073,11085.763073,11085.763073,0.000907512
ha,1595905200000,11005.619111,11005.619111,10985.060423,10985.060423,0.002944805
ha,1595919600000,10908.632389,10908.632389,10908.632389,10908.632389,0.000916705
ha,1595923200000,10820.624889,10820.624889,10820.624889,10820.624889,1.11e-07
ha,1595926800000,10704.503404000001,10707.293913,10704.503404000001,10707.293913,0.001401157
ha,1595930400000,10655.258009000001,10655.258009000001,10616.491703,10616.491703,0.001880433
ha,1595934000000,10839.0,10839.0,10839.0,10839.0,0.0009225939999999999
ha,1595937600000,10924.492548999999,10924.492548999999,10924.492548999999,10924.492548999999,0.0009153739999999999
ha,1595941200000,10925.178958,10925.178958,10925.178958,10925.178958,0.0032036079999999997
ha,1595944800000,11004.038756,11243.385183,10962.0,11243.385183,0.19106924399999997
ha,1595952000000,11079.563275,11180.121324,11008.971222,11180.121324,0.09369950199999999
ha,1595955600000,10954.343963,10954.343963,10954.343963,10954.343963,0.036828245
ha,1595959200000,10918.292590000001,10918.292590000001,10918.292590000001,10918.292590000001,0.018873611000000002
ha,1595962800000,10850.025946,10850.025946,10840.639259,10840.639259,0.010021189
ha,1595966400000,10902.0,10936.500051,10902.0,10936.500051,0.000914405
ha,1595973600000,11057.026442,11057.026442,10907.408548000001,10923.275498,0.003051781
ha,1595980800000,10981.326487999999,10992.934205,10981.326487999999,10992.934205,0.013986522
ha,1595988000000,10875.413238,10875.413238,10875.413238,10875.413238,0.00183901
ha,1595998800000,10883.188801,10883.188801,10883.188801,10883.188801,0.001837696
ha,1596002400000,10899.348828,10899.348828,10899.348828,10899.348828,0.001834972
ha,1596006000000,11014.6945,11014.6945,11014.6945,11014.6945,0.001815756
ha,1596024000000,11056.97009,11056.97009,11046.690086,11053.699197,0.001821619
ha,1596031200000,11043.726928,11197.783590000001,11043.726928,11070.272464,0.153564896
ha,1596038400000,11133.176473,11133.176473,11133.176473,11133.176473,0.0003
ha,1596049200000,11148.589711,11148.589711,11145.915315,11145.915315,0.0018186160000000001
ha,1596056400000,11157.669996999999,11157.669996999999,11157.669996999999,11157.669996999999,8.4226e-05
ha,1596060000000,11209.961184,11209.961184,11209.961184,11209.961184,0.0007792210000000001
ha,1596063600000,11180.978049,11245.0,11180.978049,11245.0,0.0006809489999999999
ha,1596081600000,11045.131494,11045.131494,11045.131494,11045.131494,0.000452688
ha,1596085200000,11093.641903,11093.641903,11093.641903,11093.641903,0.053519085999999993
ha,1596092400000,11045.131494,11045.131494,11045.131494,11045.131494,0.014343706000000001
ha,1596096000000,10877.325868,10877.325868,10877.325868,10877.325868,7.2e-08
ha,1596117600000,10922.546375,10922.546375,10922.546375,10922.546375,0.0009155360000000001
ha,1596121200000,10935.182448,10935.182448,10935.182448,10935.182448,0.000914478
ha,1596132000000,11008.162619,11008.162619,11008.162619,11008.162619,0.0009084160000000001
ha,1596139200000,11072.641628,11091.853476,11072.641628,11091.853476,0.081224008
ha,1596150000000,11067.085733,11067.085733,11057.972475,11057.972475,0.001999014
ha,1596160800000,10948.292226000001,10948.292226000001,10948.292226000001,10948.292226000001,1.6764e-05
ha,1596164400000,10950.874451,10950.874451,10950.874451,10950.874451,0.000913168
ha,1596175200000,11102.65734,11102.65734,11102.65734,11102.65734,0.000796762
ha,1596182400000,11072.367248,11072.367248,11072.367248,11072.367248,0.000902002
ha,1596189600000,11053.222988,11102.65734,11053.222988,11102.65734,0.000527516
ha,1596193200000,11102.65734,11102.65734,11102.65734,11102.65734,0.001246642
ha,1596196800000,11111.0,11111.0,11111.0,11111.0,0.0005
ha,1596200400000,11102.846312,11102.846312,11102.846312,11102.846312,0.000900668
ha,1596204000000,11100.963381,11245.0,11100.963381,11245.0,6.3766e-05
ha,1596207600000,11236.411538,11236.411538,11191.53336,11191.53336,0.004863918
ha,1596211200000,11278.0,11278.0,11248.02,11248.02,0.0013508910000000001
ha,1596225600000,11415.0,11453.140695,11378.4,11453.140695,0.03183143
ha,1596232800000,11360.0,11360.0,11360.0,11360.0,1.063e-05
ha,1596236400000,11249.48825,11249.48825,11249.48825,11249.48825,0.086860152
ha,1596254400000,11350.0,11360.0,11321.938834,11321.938834,0.000937641
ha,1596258000000,11360.0,11500.0,11360.0,11500.0,0.004391237
ha,1596276000000,11634.957024,11634.957024,11634.957024,11634.957024,0.000429739
ha,1596301200000,11620.0,11620.0,11620.0,11620.0,2.1794000000000002e-05
ha,1596308400000,11637.291995,11755.0,11637.291995,11755.0,0.001284405
ha,1596312000000,11750.149619,11750.149619,11750.149619,11750.149619,0.00093945
ha,1596330000000,11800.0,11820.0,11800.0,11800.0,0.011268406000000002
ha,1596340800000,11966.366785,11966.366785,11497.689106,11942.334185,0.097092209
ha,1596344400000,11240.200251,11314.763522,10300.000001,11314.763522,0.030000002
ha,1596351600000,11404.36332,11404.36332,11404.36332,11404.36332,9.687799999999999e-05
ha,1596423600000,11000.202715000001,11000.202715000001,10917.316397,10917.316397,0.055596256
ha,1596445200000,11262.727483,11262.727483,11262.727483,11262.727483,3.406e-06
ha,1596470400000,11224.419609,11224.419609,11224.419609,11224.419609,0.0009699999999999999
ha,1596474000000,11169.718387,11169.718387,11169.718387,11169.718387,0.01730654
ha,1596499200000,11062.236331,11062.236331,11062.236331,11062.236331,0.008855952
ha,1596502800000,11154.664166,11154.664166,11154.664166,11154.664166,0.000201958
ha,1596600000000,11040.699063,11040.699063,11040.699063,11040.699063,3.5780000000000003e-06
ha,1596625200000,11203.0,11203.0,11203.0,11203.0,0.00024232
ha,1596632400000,11258.761934999999,11258.761934999999,11258.761934999999,11258.761934999999,0.0035484170000000003
ha,1596646800000,11442.244998999999,11622.0,11426.947717000001,11622.0,0.009567697
ha,1596650400000,11440.171241,11440.426868,11202.782275,11202.782275,0.025327362000000003
ha,1596693600000,11401.825887,11401.825887,11399.610818000001,11399.610818000001,0.0062954
ha,1596711600000,11600.0,11622.0,11600.0,11622.0,0.0072631119999999995
ha,1596733200000,11544.898301000001,11544.898301000001,11544.898301000001,11544.898301000001,0.000470994
ha,1596740400000,11612.16703,11800.0,11612.16703,11800.0,6.909999999999999e-07
ha,1596769200000,11461.499936,11577.272662000001,10307.393845999999,10307.393845999999,0.017144961
ha,1596794400000,11832.0,11832.0,11832.0,11832.0,0.0005933059999999999
ha,1596805200000,11811.474849,11811.474849,11811.474849,11811.474849,0.0008640639999999999
ha,1596808800000,11406.489441,11406.489441,11290.415163,11290.415163,0.005819256
ha,1596812400000,11290.415163,11355.896713,11290.415162000001,11290.415162000001,0.003513821
ha,1596819600000,11270.064462999999,11270.064462999999,10307.393845999999,10307.393845999999,0.008257381
ha,1596823200000,10926.201375,11418.553238,10307.393845999999,11418.553238,0.021546965
ha,1596830400000,11315.511909,11315.511909,11202.35679,11202.35679,0.007652890999999999
ha,1596902400000,11405.162391,11405.162391,11405.162391,11405.162391,0.005467248
ha,1596906000000,11412.2,11467.1,11412.2,11467.1,0.0052286270000000004
ha,1596981600000,11686.873322,11689.573268,11686.873322,11689.573268,0.020267696
ha,1596992400000,11525.12,11525.12,11525.12,11525.12,2.1108000000000002e-05
ha,1596999600000,11525.12,11525.12,11525.0,11525.0,0.00032649700000000003
ha,1597010400000,11648.0,11648.0,11648.0,11648.0,0.00429296
ha,1597014000000,11425.841312999999,11425.841312999999,11414.619707,11414.619707,0.001282184
ha,1597024800000,11550.0,11648.0,11550.0,11648.0,0.009411814000000001
ha,1597032000000,11832.0,11832.0,11832.0,11832.0,6.694e-06
ha,1597039200000,11832.0,11832.0,11832.0,11832.0,0.00035455199999999995
ha,1597042800000,11832.0,11832.0,11832.0,11832.0,0.00023145200000000002
ha,1597057200000,11441.351609000001,11832.0,11441.351609000001,11832.0,3.6696e-05
ha,1597068000000,11964.867538,11964.867538,11824.681778,11824.681778,0.005027429
ha,1597082400000,11635.957062000001,11635.957062000001,11635.957062000001,11635.957062000001,0.00032052
ha,1597089600000,11910.593192,11910.593192,11910.593192,11910.593192,0.000335835
ha,1597104000000,11643.363820999999,11643.363820999999,11643.363820999999,11643.363820999999,0.00023151099999999997
ha,1597147200000,11463.638463,11463.638463,11457.622825,11457.622825,0.000130011
ha,1597150800000,11454.400255,11454.400255,11454.400255,11454.400255,0.00019575599999999997
ha,1597172400000,11744.4477,11744.4477,11744.4477,11744.4477,0.001
ha,1597176000000,11454.400255,11454.400255,11186.912625,11270.0,0.025180845
ha,1597183200000,11600.0,11600.0,11600.0,11600.0,0.001248067
ha,1597186800000,11200.0,11200.0,11200.0,11200.0,1e-07
ha,1597197600000,11600.0,11600.0,11600.0,11600.0,1.6e-06
ha,1597208400000,11600.0,11600.0,11600.0,11600.0,4.2936000000000004e-05
ha,1597222800000,8433.945333,11200.0,8433.945333,11122.853556999999,0.024038305
ha,1597251600000,11500.0,11500.0,11500.0,11500.0,3.14e-07
ha,1597276800000,10000.0,11500.0,10000.0,11500.0,0.00031187
ha,1597294800000,11600.0,11600.0,11599.99,11600.0,0.000109857
ha,1597366800000,11600.0,11600.0,11599.99,11600.0,0.007674708000000001
ha,1597413600000,11744.4477,11744.4477,11300.0,11300.0,0.000947848
ha,1597420800000,11500.0,11744.4477,11500.0,11744.4477,0.052604606
ha,1597428000000,11300.0,11600.0,11300.0,11600.0,0.0038383790000000003
ha,1597442400000,11300.0,11798.02,11300.0,11798.02,0.001132978
ha,1597446000000,11798.02,11798.02,11798.02,11798.02,1e-09
ha,1597449600000,10011.0,10011.0,10011.0,10011.0,0.0011451360000000002
ha,1597464000000,11600.0,11600.0,11600.0,11600.0,0.0019371660000000001
ha,1597467600000,11798.0,11798.0,10011.0,10011.0,0.001988911
ha,1597471200000,11798.02,11825.908884,11798.02,11798.02,0.019352702
ha,1597485600000,11900.682797,11900.682797,11853.0985,11898.0,0.008017994
ha,1597543200000,11900.682797,11900.682797,11011.0,11011.0,0.001773597
ha,1597564800000,11011.0,11011.0,11011.0,11011.0,0.0008384760000000001
ha,1597590000000,11011.0,11011.0,11011.0,11011.0,0.000299982
ha,1597593600000,11800.0,11800.0,11800.0,11800.0,0.001117016
ha,1597597200000,11850.682797,11850.682797,11850.682797,11850.682797,0.003218162
ha,1597604400000,11900.682797,11900.682797,11900.682797,11900.682797,0.003272324
ha,1597669200000,11800.0,11900.682797,11800.0,11900.682797,0.012987014
ha,1597676400000,11011.0,11011.0,11011.0,11011.0,5.58e-07
ha,1597683600000,12123.157084999999,12123.157084999999,11850.0,12123.157084999999,0.012569761
ha,1597687200000,12222.0,12308.165044,11011.0,12308.165044,0.003427071
ha,1597690800000,12308.165044,12331.0,12308.165044,12331.0,0.000181498
ha,1597701600000,12100.0,12100.0,12100.0,12100.0,0.000263962
ha,1597708800000,12100.0,12664.0,12100.0,12664.0,0.001871129
ha,1597752000000,11022.0,12661.0,11022.0,12661.0,0.00013036299999999998
ha,1597759200000,12664.0,12664.0,12661.0,12661.0,0.0009109669999999999
ha,1597762800000,12089.095825,12089.095825,12089.095825,12089.095825,0.000212965
ha,1597770000000,11933.279283,11933.279283,11933.279283,11933.279283,0.000139232
ha,1597784400000,11984.782352,11984.782352,11607.188144,11834.320528,0.133178882
ha,1597788000000,12095.93456,12095.93456,12095.93456,12095.93456,0.000261958
ha,1597802400000,11994.537696,11994.537696,11994.537696,11994.537696,0.054451452000000004
ha,1597806000000,11971.322855,11971.322855,11971.322855,11971.322855,0.001617836
ha,1597852800000,11653.983886,11653.983886,11653.983886,11653.983886,0.000563238
ha,1597856400000,11653.983886,11653.983886,11653.983886,11653.983886,0.00011240000000000001
ha,1597874400000,11653.983886,11653.983886,11653.983886,11653.983886,0.008329399999999999
ha,1597881600000,11796.993951999999,11796.993951999999,11569.452791,11569.452791,5.2751000000000004e-05
ha,1597888800000,11811.158325,11811.158325,11811.158325,11811.158325,0.001185318
ha,1597899600000,11760.676577,11760.676577,11760.676577,11760.676577,0.00383549
ha,1597903200000,11760.676577,11760.676577,11760.676577,11760.676577,0.0017083060000000001
ha,1597924800000,11573.67387,11853.387362000001,11573.67387,11853.387362000001,0.00887919
ha,1597964400000,11656.077989,11656.077989,11656.077989,11656.077989,0.00022716599999999997
ha,1597968000000,11635.888423999999,11635.888423999999,11635.888423999999,11635.888423999999,0.000600384
ha,1597971600000,11643.368215999999,11643.368215999999,11622.754024,11622.754024,0.000243514
ha,1597975200000,11630.327912,11630.327912,11630.327912,11630.327912,1.8116e-05
ha,1597978800000,11619.704481,11619.704481,11606.376151999999,11606.376151999999,0.013269899999999998
ha,1597993200000,11626.564328,11626.564328,11626.564328,11626.564328,0.00086027
ha,1598086800000,11633.661433,11633.661433,11633.661433,11633.661433,0.007970465
ha,1598104800000,11381.361187,11381.361187,11381.361187,11381.361187,0.000569065
ha,1598115600000,11413.519254,11413.519254,11413.519254,11413.519254,2.5654000000000002e-05
ha,1598126400000,11413.519254,11413.519254,11384.24065,11384.24065,0.00040567
ha,1598130000000,11657.893056,11657.893056,11509.063043,11509.063043,0.025906591
ha,1598140800000,11504.085348999999,11504.085348999999,11504.085348999999,11504.085348999999,5.2399e-05
ha,1598144400000,11476.629079999999,11476.629079999999,11459.795473,11459.795473,4.9543e-05
ha,1598151600000,11460.519397,11460.519397,11438.493235,11438.493235,0.003805022
ha,1598166000000,11453.325313,11455.752645999999,11453.325313,11455.752645999999,0.000208198
ha,1598169600000,11437.43523,11437.43523,11437.43523,11437.43523,0.0018684679999999999
ha,1598176800000,11418.453000000001,11418.453000000001,11418.453000000001,11418.453000000001,0.000196938
ha,1598187600000,11613.24919,11613.24919,11613.24919,11613.24919,0.00060158
ha,1598194800000,11505.187418000001,11505.187418000001,11505.187418000001,11505.187418000001,0.00013013600000000002
ha,1598202000000,11667.0,11667.0,11667.0,11667.0,7.483899999999999e-05
ha,1598209200000,11700.0,11707.659344,11700.0,11707.659344,0.000225493
ha,1598212800000,11667.0,11667.0,11555.340159000001,11555.340159000001,0.00024135099999999997
ha,1598216400000,11530.020683,11708.460789,11530.020683,11708.460789,0.000199893
ha,1598223600000,11550.836919,11550.836919,11550.836919,11550.836919,4.177e-06
ha,1598248800000,11591.453628,11591.453628,11591.453628,11591.453628,2.0965e-05
ha,1598284800000,11611.757285,11611.757285,11611.757285,11611.757285,3.496e-06
ha,1598295600000,11570.876036,11570.876036,11570.876036,11570.876036,6.24e-07
ha,1598306400000,11643.819352,11643.819352,11636.068517,11636.068517,0.011814686999999999
ha,1598328000000,11518.869328,11518.869328,11518.869328,11518.869328,0.008550941999999999
ha,1598356800000,11328.917652,11328.917652,11328.917652,11328.917652,0.002558396
ha,1598367600000,11431.826823000001,11431.826823000001,11431.826823000001,11431.826823000001,0.000554592
ha,1598378400000,11319.13546,11319.13546,11233.162183,11233.162183,0.00021334299999999998
ha,1598382000000,11341.540982999999,11341.540982999999,11341.540982999999,11341.540982999999,1.1284e-05
ha,1598389200000,11471.431462,22222.0,11342.0,12300.0,0.068936655
ha,1598454000000,11400.0,11400.0,11400.0,11400.0,0.003924864
ha,1598461200000,11522.519919,11522.519919,11522.519919,11522.519919,5.3e-08
ha,1598472000000,11518.171209,11518.171209,11383.095232,11383.095232,2.2101e-05
ha,1598475600000,11407.504807,11407.504807,11407.504807,11407.504807,0.002558206
ha,1598518800000,11430.095826,11430.095826,11430.095826,11430.095826,0.014873016000000001
ha,1598522400000,11485.031364,11485.031364,11485.031364,11485.031364,0.006753219
ha,1598529600000,11383.08,11383.08,11383.08,11383.08,1.1e-05
ha,1598540400000,11336.1,11480.765311,11336.1,11480.765311,0.036782639
ha,1598544000000,11336.1,11336.1,11336.1,11336.1,0.001036855
ha,1598547600000,11336.1,11336.1,11336.1,11336.1,0.006980037
ha,1598605200000,11572.364207999999,11572.364207999999,11572.364207999999,11572.364207999999,0.001108251
ha,1598623200000,11387.436088,11387.436088,11387.436088,11387.436088,0.001630095
ha,1598641200000,11605.739812,11605.739812,11605.739812,11605.739812,0.010631161
ha,1598673600000,11445.648084,11445.648084,11445.648084,11445.648084,0.008097178
ha,1598695200000,11654.449963,11654.449963,11654.449963,11654.449963,7.0179999999999996e-06
ha,1598828400000,11859.704344,11859.704344,11859.704344,11859.704344,5.8861000000000004e-05
ha,1598853600000,11604.715446,11604.715446,11604.715446,11604.715446,0.0005280980000000001
ha,1598886000000,11987.977751999999,11987.977751999999,11987.977751999999,11987.977751999999,0.001099434
ha,1598900400000,12027.479504,13386.805287000001,12027.479504,12044.237153,0.024331914
ha,1598904000000,12027.839915999999,12041.85886,12027.839915999999,12041.85886,0.0071102480000000004
ha,1598922000000,11775.0,11775.0,11775.0,11775.0,0.007887158
ha,1598932800000,11711.156234,11711.156234,11684.407773,11684.407773,0.007704877
ha,1598947200000,12065.0,12237.397164,12065.0,12237.397164,0.005494873000000001
ha,1598972400000,11912.830081,11912.830081,11912.830081,11912.830081,0.008041223
ha,1598976000000,12202.02,12202.02,12202.02,12202.02,7.008e-06
ha,1598979600000,12212.0,12227.677961,12212.0,12227.677961,0.002032254
ha,1599012000000,11878.188387999999,11878.188387999999,11878.188387999999,11878.188387999999,0.007968509
ha,1599019200000,12155.234628,12155.234628,12155.234628,12155.234628,0.001
ha,1599044400000,11536.0,11536.0,11338.097095000001,11536.0,0.000199593
ha,1599087600000,11413.925366,11413.925366,11413.925366,11413.925366,0.00259063
ha,1599109200000,11418.0,11418.0,11418.0,11418.0,0.001808063
ha,1599112800000,11337.287140999999,11337.287140999999,11337.287140999999,11337.287140999999,0.000176972
ha,1599116400000,11337.287140999999,11337.287140999999,11337.287140999999,11337.287140999999,0.05
ha,1599120000000,11337.287140999999,11337.287140999999,11337.287140999999,11337.287140999999,0.023
ha,1599123600000,11337.287140999999,11337.287140999999,11337.287140999999,11337.287140999999,0.02736528
ha,1599130800000,11233.162183,11233.162183,10000.0,10636.660555,0.02703231
ha,1599156000000,10813.385149,10813.385149,10813.385149,10813.385149,0.001384395
ha,1599159600000,10778.781858,10787.319345,10778.781858,10787.319345,0.00084
ha,1599174000000,10045.463662999999,10045.463662999999,10045.463662999999,10045.463662999999,0.008499835
ha,1599188400000,10387.990328,10387.990328,10387.990328,10387.990328,2.1252e-05
ha,1599206400000,10496.450608,10496.450608,10496.450608,10496.450608,0.00046668
ha,1599210000000,10284.742634,10284.742634,10280.088208,10280.088208,0.009352858
ha,1599228000000,10260.121532,10260.121532,10157.747066,10206.74394,0.031549441
ha,1599278400000,10499.653497,10499.653497,10499.653497,10499.653497,0.000981545
ha,1599300000000,10392.721056999999,10392.721056999999,10392.721056999999,10392.721056999999,0.00042
ha,1599307200000,10150.483039,10150.483039,10150.483039,10150.483039,0.00042687800000000006
ha,1599375600000,10261.020944,10261.020944,10261.020944,10261.020944,0.00042
ha,1599400800000,10083.345465,10083.345465,10076.944334,10076.944334,0.0011055260000000001
ha,1599433200000,10089.189948000001,10089.189948000001,10089.189948000001,10089.189948000001,0.014433000000000001
ha,1599436800000,10096.31605,10114.326684,10082.213954,10114.326684,0.000402054
ha,1599440400000,10388.756365000001,10388.756365000001,10388.756365000001,10388.756365000001,0.00137372
ha,1599480000000,10000.0,10000.0,10000.0,10000.0,0.005025918
ha,1599508800000,10008.519105,10008.519105,10008.519105,10008.519105,0.004541
ha,1599523200000,10245.0,10471.109846,10245.0,10471.109846,0.009069076
ha,1599548400000,10121.479766,10121.479766,10121.479766,10121.479766,0.008589666
ha,1599566400000,10054.662498,10096.230336,10054.662498,10068.845996,0.12414901199999999
ha,1599588000000,10291.59191,10291.59191,10278.609553,10291.59191,0.00589187
ha,1599606000000,10236.087167,10236.087167,10236.087167,10236.087167,0.052804095999999995
ha,1599692400000,10192.935511,10192.935511,10192.935511,10192.935511,3.942e-06
ha,1599706800000,10335.087985,10335.087985,10335.087985,10335.087985,0.018182652
ha,1599746400000,10425.966841,10425.966841,10425.966841,10425.966841,0.007926522
ha,1599753600000,10396.322553,10396.322553,10366.427056,10366.427056,0.039417272
ha,1599786000000,10341.17031,10341.17031,10327.077758,10327.077758,0.009126946
ha,1599789600000,10264.099173,10264.099173,10264.099173,10264.099173,0.010732201
ha,1599807600000,10246.191533,10246.191533,10244.92504,10244.92504,0.03132135
ha,1599854400000,10406.295535,10406.295535,10406.295535,10406.295535,4.758e-06
ha,1600012800000,10300.2,10300.2,10300.2,10300.2,0.00029680099999999997
ha,1600016400000,10300.2,10300.2,10300.0,10300.0,0.009984567
ha,1600020000000,10275.0,10275.0,10275.0,10275.0,0.000606622
ha,1600128000000,10631.216284999999,10631.216284999999,10631.216284999999,10631.216284999999,0.000190237
ha,1600135200000,10541.006926,10764.550398000001,10541.006926,10764.550398000001,0.011892273
ha,1600282800000,10843.244037999999,11080.136753,10843.244037999999,11080.136753,0.084233669
ha,1600290000000,10982.253612,10982.253612,10982.253612,10982.253612,0.010399024
ha,1600318800000,10869.947137000001,10869.947137000001,10869.947137000001,10869.947137000001,0.00750366
ha,1600322400000,10995.869833,10995.869833,10994.224414,10994.224414,0.036543278
ha,1600354800000,10835.648271,10835.648271,10835.648271,10835.648271,0.037084
ha,1600380000000,10899.917262,11036.135746,10899.917262,11036.135746,0.0038816840000000003
ha,1600419600000,10939.514773,10939.514773,10939.514773,10939.514773,0.001445352
ha,1600462800000,10813.618087,10813.618087,10813.618087,10813.618087,0.009000000000000001
ha,1600502400000,10810.669332,10810.669332,10810.669332,10810.669332,0.0013058780000000001
ha,1600509600000,11027.0495,11027.0495,11027.0495,11027.0495,0.001276412
ha,1600556400000,10988.552425,11017.734365,10933.778172,10933.778172,0.038997488
ha,1600563600000,11150.0,11150.0,11150.0,11150.0,2.4966999999999997e-05
ha,1600621200000,11018.194851,11028.340839,11018.194851,11028.340839,0.000108016
ha,1600686000000,10658.455501999999,10658.455501999999,10576.582362000001,10576.582362000001,0.021112
ha,1600689600000,10599.154197,10599.154197,10599.154197,10599.154197,0.000152189
ha,1600696800000,10550.735338,10550.735338,10489.193135,10489.193135,1.9318e-05
ha,1600700400000,10468.312192,10468.312192,10468.312192,10468.312192,0.000368932
ha,1600704000000,10275.0,10275.0,10275.0,10275.0,0.0009597999999999999
ha,1600707600000,10275.0,10275.0,10275.0,10275.0,0.0012490000000000001
ha,1600729200000,10333.657153,10559.878592000001,10333.657153,10559.878592000001,0.0028745579999999997
ha,1600786800000,10554.476681999999,10554.476681999999,10534.268425,10534.268425,0.03617567
ha,1600804800000,10423.395466,10423.395466,10423.395466,10423.395466,7.629999999999999e-07
ha,1600848000000,10506.42467,10506.42467,10506.42467,10506.42467,0.0007308439999999999
ha,1600891200000,10275.0,10275.0,10275.0,10275.0,0.002022
ha,1600902000000,10275.0,10275.0,10275.0,10275.0,0.000797153
ha,1600945200000,10392.070606000001,10392.070606000001,10392.070606000001,10392.070606000001,0.002357419
ha,1600963200000,10460.0,10460.0,10460.0,10460.0,0.00337168
ha,1600977600000,10725.928445,10725.928445,10725.928445,10725.928445,0.001271088
ha,1601071200000,10780.934802,10780.934802,10780.934802,10780.934802,0.000149558
ha,1601114400000,10618.072982,10618.072982,10618.072982,10618.072982,0.0005
ha,1601118000000,10785.33446,10785.33446,10785.33446,10785.33446,0.0004907690000000001
ha,1601121600000,10591.578684,10756.885328,10591.578684,10756.885328,7.3857e-05
ha,1601143200000,10808.260859,10808.260859,10633.948901,10633.948901,0.002093872
ha,1601395200000,10554.557138,10554.557138,10554.557138,10554.557138,3.0465e-05
ha,1601442000000,10593.100253,10593.100253,10593.100253,10593.100253,0.00027789599999999997
ha,1601481600000,10441.084101,10855.631315,100.0,10855.631315,0.041851395
ha,1601485200000,10631.578939,10631.578939,10631.578939,10631.578939,1.9e-06
ha,1601510400000,10808.108029,10808.108029,10808.108029,10808.108029,2.8898e-05
ha,1601546400000,10741.911253,10741.911253,10741.911253,10741.911253,0.00071736
ha,1601571600000,10602.675743000002,10989.450623,10601.965128,10707.984779,0.047028994000000005
ha,1601575200000,10742.293856999999,10742.293856999999,10742.293856999999,10742.293856999999,0.0008982160000000001
ha,1601654400000,10701.749138,10704.506738,10701.749138,10704.506738,0.0019380329999999998
ha,1601661600000,10707.412323999999,10707.412323999999,10707.412323999999,10707.412323999999,0.0003
ha,1601690400000,10705.342794,10705.342794,10705.342794,10705.342794,0.0136
ha,1601712000000,10715.842777,10715.842777,10715.842777,10715.842777,0.006458054
ha,1601776800000,10496.277483,10496.277483,10496.277483,10496.277483,0.002164182
ha,1601784000000,10721.521045,10721.521045,10721.521045,10721.521045,0.011392451999999999
ha,1601931600000,10724.837,10724.837,10724.837,10724.837,0.002111706
ha,1601938800000,10724.837,10724.837,10724.837,10724.837,0.0004716
ha,1601942400000,10724.837,10724.837,10710.968041,10724.837,0.0038097359999999998
ha,1601956800000,10986.197989,10986.197989,10777.0,10777.0,0.01370111
ha,1601960400000,10986.197989,10986.197989,10986.197989,10986.197989,0.003206978
ha,1602039600000,10553.271162000001,10553.271162000001,10553.271162000001,10553.271162000001,0.00010381299999999999
ha,1602086400000,10588.10975,10588.10975,10588.10975,10588.10975,0.002148523
ha,1602100800000,10870.031672,10875.535965000001,10870.031672,10875.535965000001,0.004795197
ha,1602104400000,10623.966628,10623.966628,10623.966628,10623.966628,1.111e-06
ha,1602154800000,10559.759634,10559.759634,10559.759634,10559.759634,2e-06
ha,1602172800000,11083.033587,11083.033587,10975.05027,10991.798226,0.01687595
ha,1602190800000,10838.007754,10838.007754,10828.796094,10828.796094,0.0184
ha,1602194400000,10828.796094,10982.704823,10828.796094,10982.704823,0.011281873999999999
ha,1602212400000,11007.651574,11012.139981,11007.651574,11012.139981,3.4119999999999997e-06
ha,1602223200000,10806.95652,10806.95652,10806.95652,10806.95652,0.001067512
ha,1602241200000,11000.0,11174.564927,11000.0,11174.564927,0.019695648
ha,1602295200000,11228.65852,11228.65852,11228.65852,11228.65852,0.000636897
ha,1602381600000,11321.991422,11321.991422,11315.151521,11315.151521,0.003778038
ha,1602414000000,11292.579951,11292.579951,1002.000001,11174.235288,0.0036293959999999996
ha,1602421200000,11330.107521,11330.107521,11330.107521,11330.107521,1e-07
ha,1602424800000,11510.801038,11572.692231,11510.801038,11572.692231,0.003429448
ha,1602439200000,11624.13732,11624.13732,11624.13732,11624.13732,7.599999999999999e-08
ha,1602496800000,11289.662065,11298.090634,11289.662065,11298.090634,0.017797916
ha,1602536400000,11627.0,11627.0,11627.0,11627.0,8.076e-06
ha,1602565200000,11439.2144,11439.2144,11439.2144,11439.2144,0.00723146
ha,1602676800000,11503.974323,11503.974323,11503.974323,11503.974323,0.000174173
ha,1602720000000,11369.173029000001,11369.173029000001,11303.227753,11303.227753,0.020069999999999998
ha,1602723600000,11279.438875,11279.438875,11279.438875,11279.438875,0.05507623
ha,1602741600000,11221.894987,11221.894987,11221.894987,11221.894987,0.015938326000000003
ha,1602820800000,11118.61913,11118.61913,11118.61913,11118.61913,0.000472726
ha,1602824400000,11075.176265,11082.180006999999,11075.176265,11082.180006999999,2e-05
ha,1602828000000,11127.46507,11127.46507,11036.202234,11036.202234,0.00452675
ha,1602871200000,11137.071252,11137.071252,11137.071252,11137.071252,0.000547896
ha,1602907200000,11137.560827,11137.560827,11137.560827,11137.560827,1.8609999999999998e-06
ha,1602932400000,11436.197231999999,11436.197231999999,11436.197231999999,11436.197231999999,1.806e-06
ha,1603123200000,11481.262737000001,11481.262737000001,11481.262737000001,11481.262737000001,0.009674291
ha,1603137600000,11481.262737000001,11481.262737000001,11481.262737000001,11481.262737000001,0.0016630520000000001
ha,1603148400000,11481.262737000001,11481.262737000001,11481.262737000001,11481.262737000001,0.00040945300000000005
ha,1603159200000,11309.391081,11841.898842,11309.391081,11841.898842,0.0024021529999999998
ha,1603188000000,11879.0,11879.0,11879.0,11879.0,2.8261999999999998e-05
ha,1603249200000,11879.0,11879.0,11879.0,11879.0,0.0008820000000000001
ha,1603252800000,11879.0,11879.0,11879.0,11879.0,0.00030293
ha,1603256400000,11879.0,11879.0,11879.0,11879.0,0.000240697
ha,1603260000000,11932.0,11932.0,11932.0,11932.0,0.00021554
ha,1603278000000,11932.0,11932.0,11932.0,11932.0,0.00017878
ha,1603281600000,11932.0,11932.0,11932.0,11932.0,0.00025648
ha,1603285200000,11932.0,11932.0,11932.0,11932.0,0.000104175
ha,1603288800000,11932.0,12021.0,11672.526576999999,11672.526576999999,0.001083236
ha,1603292400000,12236.066951,12236.066951,12021.0,12021.0,0.001269295
ha,1603303200000,12894.793944,12894.793944,12435.798845000001,12435.798845000001,0.00731196
ha,1603306800000,12440.098784,12440.098784,12432.379119,12432.379119,0.0013
ha,1603314000000,12432.379119,12432.379119,12432.379119,12432.379119,0.00083023
ha,1603317600000,12432.379119,12432.379119,12432.379119,12432.379119,0.006555059
ha,1603321200000,12432.379119,12432.379119,12432.379119,12432.379119,0.00048328199999999997
ha,1603324800000,12432.379119,12432.379119,12432.379119,12432.379119,8.483e-06
ha,1603328400000,12432.379119,12432.379119,12432.379119,12432.379119,4.2e-07
ha,1603342800000,12432.379118,12432.379118,12432.379118,12432.379118,0.00024895900000000004
ha,1603360800000,12432.379118,12432.379118,12432.379118,12432.379118,0.010863837
ha,1603386000000,13188.576677,13207.825426000001,13188.576677,13207.825426000001,0.0008917539999999999
ha,1603396800000,12748.301807,13220.242022,4476.0,13220.242022,0.00175027
ha,1603490400000,13000.0,13000.0,13000.0,13000.0,0.00015521100000000002
ha,1603526400000,13081.526987000001,13081.526987000001,12584.435531000001,12584.435531000001,0.021407443999999998
ha,1603580400000,12577.766727,12757.753195000001,12214.770065,12757.753195000001,0.00549344
ha,1603609200000,12686.404809,12686.404809,12686.404809,12686.404809,2e-08
ha,1603634400000,12653.357503,13100.569044,12574.006688,13100.569044,0.000661528
ha,1603717200000,13100.0,13100.0,13100.0,13100.0,0.0026960359999999997
ha,1603720800000,12832.317663,13100.0,12832.317663,13100.0,0.000127155
ha,1603724400000,13100.0,13100.0,13100.0,13100.0,5.75e-07
ha,1603735200000,12622.037728,12622.037728,12622.037728,12622.037728,0.0001
ha,1603738800000,12594.687532,12594.687532,12424.571283,12424.571283,0.000251746
ha,1603810800000,13100.0,13100.0,13100.0,13100.0,2.9999999999999997e-05
ha,1603814400000,13100.0,13100.0,13100.0,13100.0,0.00010708
ha,1603818000000,13100.0,13100.0,13100.0,13100.0,7.9195e-05
ha,1603821600000,13100.0,13100.0,13100.0,13100.0,9.749e-06
ha,1603832400000,13100.0,13100.0,13100.0,13100.0,4.2700000000000005e-07
ha,1603843200000,12214.770065,12214.770065,12214.770065,12214.770065,0.000609532
ha,1603850400000,13100.0,13220.242022,13100.0,13220.242022,0.000710613
ha,1603890000000,13371.364610999999,13371.364610999999,13371.364610999999,13371.364610999999,0.000747866
ha,1603911600000,12844.364731,12844.364731,12844.364731,12844.364731,0.00042289199999999996
ha,1603915200000,12844.364731,12844.364731,12844.364731,12844.364731,0.00011599999999999999
ha,1603918800000,12844.364731,12844.364731,12844.364731,12844.364731,4.26e-05
ha,1603922400000,12844.364731,12844.364731,12844.364731,12844.364731,4.894e-05
ha,1603926000000,12844.364731,12844.364731,12776.062089000001,12776.062089000001,0.000121447
ha,1603929600000,12776.062089000001,12776.062089000001,12776.062089000001,12776.062089000001,2.346e-05
ha,1603933200000,12582.027191,12844.364731,12214.770065,12844.364731,0.046133648
ha,1603936800000,12844.364731,12844.364731,12844.364731,12844.364731,0.0014221670000000002
ha,1603940400000,12214.770065,12214.770065,12214.770065,12214.770065,1.9003e-05
ha,1603944000000,12214.770065,12214.770065,12214.770065,12214.770065,0.004133611
ha,1603947600000,13300.25927,13300.259274,13300.25927,13300.259274,0.00150373
ha,1604080800000,13300.259274,13300.259274,13233.922093000001,13233.922093000001,0.004525647
ha,1604084400000,13000.0,13000.0,13000.0,13000.0,0.000165631
ha,1604149200000,13000.0,13000.0,13000.0,13000.0,1.439e-05
ha,1604152800000,13822.029999,13822.029999,13000.0,13000.0,0.005027923
ha,1604185200000,13822.03,13822.03,13822.03,13822.03,0.003617413
ha,1604224800000,13000.0,13000.0,13000.0,13000.0,7.509300000000001e-05
ha,1604350800000,13079.5324,13079.5324,13079.5324,13079.5324,3.8073e-05
ha,1604354400000,13079.5324,13079.5324,13079.5324,13079.5324,0.001
ha,1604368800000,13079.5324,13079.5324,13079.5324,13079.5324,7.6455e-05
ha,1604415600000,13079.532411,13079.532411,13079.532411,13079.532411,3.5221e-05
ha,1604430000000,13079.532411,13079.532411,13079.532411,13079.532411,0.000325099
ha,1604444400000,13822.03,13822.03,13822.03,13822.03,0.011097516000000002
ha,1604505600000,13079.532401,13079.532401,12500.0,12500.0,0.002216979
ha,1604509200000,12500.0,12500.0,12000.0,12000.0,0.001496151
ha,1604523600000,14146.501659,14189.927231,14146.501659,14189.927231,0.000429735
ha,1604527200000,14140.51044,14140.51044,14140.51044,14140.51044,0.000205253
ha,1604581200000,14500.769932,14500.769932,14500.769932,14500.769932,2.2396e-05
ha,1604592000000,14667.0,14667.0,14667.0,14667.0,5.3e-06
ha,1604602800000,14519.141493000001,14519.141493000001,14519.141493000001,14519.141493000001,2.322e-06
ha,1604617200000,15000.0,15000.0,15000.0,15000.0,0.004163926
ha,1604620800000,15000.0,15000.0,15000.0,15000.0,2.0572e-05
ha,1604624400000,15000.0,15426.826140000001,15000.0,15280.456553999999,0.007021149
ha,1604664000000,15635.924914,15635.924914,15635.924914,15635.924914,0.007549528000000001
ha,1604678400000,15636.823525,15636.823525,15636.823525,15636.823525,4.857e-06
ha,1604682000000,15191.309337,15191.309337,15191.309337,15191.309337,0.0016827320000000002
ha,1604685600000,15191.309337,15191.309337,15191.309337,15191.309337,0.005422268
ha,1604689200000,15080.308934,15080.308934,15080.308934,15080.308934,2.3778000000000002e-05
ha,1604696400000,15112.956101,15112.956101,15112.956101,15112.956101,0.000125001
ha,1604732400000,15193.585702,15193.585702,15149.264358000002,15149.264358000002,0.0022660379999999997
ha,1604847600000,14947.956575999999,14947.956575999999,14947.956575999999,14947.956575999999,0.000169491
ha,1604865600000,14994.521966,14994.521966,14994.521966,14994.521966,1.8735999999999998e-05
ha,1604898000000,15400.0,15400.0,15400.0,15400.0,6.4639999999999994e-06
ha,1604916000000,15400.0,15400.0,15400.0,15400.0,0.0012902760000000001
ha,1605009600000,15300.0,15300.0,15300.0,15300.0,0.000260166
ha,1605020400000,14930.000000999999,14930.000000999999,4300.000086999999,14793.846363999999,0.012690251999999999
ha,1605070800000,15299.9999,15300.0,15299.9999,15299.9999,0.002014766
ha,1605092400000,15200.0,15200.0,15200.0,15200.0,0.000814
ha,1605096000000,15200.0,15200.0,15200.0,15200.0,0.0001485
ha,1605099600000,15200.0,15200.0,15200.0,15200.0,0.000593164
ha,1605114000000,15353.012298,15467.097468,14721.720829,14721.720829,0.00031269999999999996
ha,1605117600000,15448.615601,15842.997328,15448.615601,15842.997328,9.3985e-05
ha,1605121200000,15418.389054,15418.389054,15418.389054,15418.389054,6.900000000000001e-06
ha,1605124800000,15391.106187000001,15391.106187000001,15391.106187000001,15391.106187000001,1.6003e-05
ha,1605132000000,15418.389054,15418.389054,15418.389054,15418.389054,1e-05
ha,1605150000000,15846.502841999998,15846.502841999998,15418.389054,15418.389054,0.002240629
ha,1605182400000,16075.34435,22221.2241,15403.804472,15403.804472,0.026521483
ha,1605218400000,16232.0,16232.0,16200.0,16200.0,0.013963337
ha,1605229200000,16230.0,16230.0,16230.0,16230.0,0.0015793139999999998
ha,1605232800000,16036.042275,16280.0,15497.312280000002,15497.312280000002,0.012556272
ha,1605236400000,15959.456881,15959.456881,15937.845898,15937.845898,0.00015460000000000002
ha,1605297600000,16442.078591999998,16442.078591999998,16442.078591999998,16442.078591999998,2.1743000000000002e-05
ha,1605369600000,15376.0,15376.0,15376.0,15376.0,0.0002
ha,1605405600000,16142.108544,16142.108544,16142.108544,16142.108544,3.6e-08
ha,1605412800000,16084.013284,16084.013284,16084.013284,16084.013284,0.0132
ha,1605452400000,16220.555246000002,16220.555246000002,16220.555246000002,16220.555246000002,0.006487835
ha,1605466800000,16064.474525,16064.474525,16064.474525,16064.474525,1e-06
ha,1605477600000,15375.997129,15375.997129,15148.422067,15148.422067,0.002401874
ha,1605481200000,15169.681241999999,15169.681241999999,15169.681241999999,15169.681241999999,0.005184922
ha,1605484800000,15140.268229,15140.268229,15140.268229,15140.268229,0.00012519700000000001
ha,1605546000000,15764.639206,15764.639206,15764.639206,15764.639206,0.000262334
ha,1605553200000,16968.909764,16968.909764,16939.815065,16939.815065,0.001009158
ha,1605560400000,15915.652762,15915.652762,15915.652762,15915.652762,0.016293175
ha,1605571200000,15865.608183000002,15865.608183000002,15865.608183000002,15865.608183000002,0.000857318
ha,1605618000000,16089.560527000001,16896.6,16089.560527000001,16896.6,9.174299999999999e-05
ha,1605657600000,17000.0,17000.0,17000.0,17000.0,0.000209077
ha,1605668400000,16803.504445,16803.504445,16239.226179,16569.555930000002,0.00221984
ha,1605672000000,17000.0,17000.0,17000.0,17000.0,0.00031908
ha,1605675600000,17000.0,17000.0,17000.0,17000.0,4.6899999999999995e-05
ha,1605686400000,17000.0,17000.0,17000.0,17000.0,4.9862e-05
ha,1605704400000,17000.0,17830.0,16999.0,17830.0,0.032108198
ha,1605852000000,15116.265152000002,15116.265152000002,10500.000006999999,10500.000006999999,7.4304e-05
ha,1605855600000,17830.0,18292.337221,17830.0,18292.337221,0.017693007
ha,1605866400000,18452.458275999998,18452.458275999998,18452.458275999998,18452.458275999998,8.127999999999999e-06
ha,1605870000000,17398.555487999998,17398.555487999998,17382.706802,17382.706802,0.004264227
ha,1605880800000,18442.408698,18442.408698,18442.408698,18442.408698,0.0021891289999999997
ha,1605978000000,17911.576566,17911.576566,17911.576566,17911.576566,1.3e-08
ha,1605992400000,17933.746913,17933.746913,17933.746913,17933.746913,0.0001
ha,1605996000000,18864.204113,18864.204113,17871.236458000003,17871.236458000003,0.00128342
ha,1606028400000,17676.25061,17676.25061,17676.25061,17676.25061,0.00020011
ha,1606075200000,18301.122134999998,18301.122134999998,17867.215961,17867.215961,0.001517675
ha,1606132800000,18728.092608000003,18728.092608000003,18552.41,18552.41,0.000108777
ha,1606154400000,17784.748012,17784.748012,17784.748012,17784.748012,5.51e-06
ha,1606158000000,17784.748012,17784.748012,17784.748012,17784.748012,0.0041865190000000005
ha,1606230000000,18888.0,18900.0,18700.0,18700.0,0.0048373
ha,1606244400000,19333.0,19333.0,19333.0,19333.0,0.000258625
ha,1606269600000,19143.437116,19143.437116,19143.437116,19143.437116,2.394e-05
ha,1606273200000,19143.437116,19143.437116,19143.437116,19143.437116,0.001546074
ha,1606298400000,19377.012654,19377.012654,19377.012654,19377.012654,2e-06
ha,1606305600000,19377.012654,19377.012654,19333.0,19333.0,0.00016535400000000002
ha,1606320000000,18700.0,18700.0,18700.0,18700.0,0.003641542
ha,1606330800000,19227.979914,19227.979914,18067.738858,19178.568684,0.002377366
ha,1606370400000,17676.940937,17676.940937,17157.599094,17157.599094,0.0002
ha,1606377600000,17728.663441,17728.663441,17152.737295,17152.737295,0.0007760919999999999
ha,1606381200000,17152.737295,17152.737295,16027.860746,16027.860746,0.002670127
ha,1606399200000,17149.97857,17149.97857,17081.622036,17081.622036,0.002945437
ha,1606402800000,16313.203824,16313.203824,16313.203824,16313.203824,0.0013060510000000001
ha,1606413600000,16117.740418000001,16117.740418000001,16117.740418000001,16117.740418000001,4.032e-06
ha,1606417200000,15657.726415000001,15657.726415000001,15657.726415000001,15657.726415000001,0.0005255069999999999
ha,1606420800000,16117.740418000001,16117.740418000001,16117.740418000001,16117.740418000001,2.483e-06
ha,1606456800000,16411.067455,16411.067455,16411.067455,16411.067455,0.001478
ha,1606460400000,16411.067455,16411.067455,16411.067455,16411.067455,0.00294478
ha,1606482000000,16411.067455,16411.067455,16411.067455,16411.067455,0.00395353
ha,1606485600000,17017.008528,17017.008528,17017.008528,17017.008528,0.02188273
ha,1606554000000,17110.0,17110.0,17110.0,17110.0,0.00032622
ha,1606557600000,17110.0,17110.0,17110.0,17110.0,0.0015100110000000001
ha,1606564800000,16448.437458,16448.437458,16448.437458,16448.437458,6.09e-07
ha,1606640400000,17334.457176,17334.457176,17334.457176,17334.457176,0.000264532
ha,1606644000000,17351.203497,17351.203497,17351.203497,17351.203497,5.24e-07
ha,1606651200000,18283.428031,18283.428031,17882.881943,17882.881943,0.00264
ha,1606658400000,17304.456169,17304.456169,17304.456169,17304.456169,8.9e-07
ha,1606687200000,17395.699898,17395.699898,17395.699898,17395.699898,0.0033196890000000002
ha,1606744800000,18678.972307,18790.525256999998,18678.972307,18790.525256999998,0.00010887200000000001
ha,1606748400000,18790.525256999998,18790.525256999998,18790.525256999998,18790.525256999998,0.002904183
ha,1606752000000,18564.745742,18578.121880000002,18564.745742,18578.121880000002,3.9939e-05
ha,1606770000000,18541.896518999998,18541.896518999998,18442.543461,18442.543461,0.00583743
ha,1606777200000,19397.77,19444.4,19140.614106999998,19140.614106999998,0.000261378
ha,1606788000000,18570.976994999997,18570.976994999997,18570.976994999997,18570.976994999997,0.000890493
ha,1606795200000,18570.976994999997,18570.976994999997,18215.836031,18267.704616,0.0029624309999999997
ha,1606802400000,19562.612384,19562.612384,19562.612384,19562.612384,7.361600000000001e-05
ha,1606827600000,18707.890815,18707.890815,18707.890815,18707.890815,2.51e-06
ha,1606845600000,18800.0,18800.0,18800.0,18800.0,0.000331808
ha,1606888800000,18350.000001,18350.000001,18000.0,18000.0,0.009122947
ha,1606903200000,19368.745134,19368.745134,19368.745134,19368.745134,0.0026
ha,1606950000000,19359.87067,19359.87067,19359.87067,19359.87067,0.005299231
ha,1606957200000,18515.028381,18515.028381,18060.291648,18060.291648,0.00573558
ha,1606960800000,18325.076680000002,18490.677374000003,17935.000001,18018.62684,0.000863481
ha,1606975200000,19134.476778,19134.476778,19134.476778,19134.476778,0.002
ha,1607018400000,18821.686932,18821.686932,18821.686932,18821.686932,0.00036797699999999996
ha,1607032800000,19562.612384,19595.576082,19562.612384,19591.003377,0.002
ha,1607040000000,18959.534322,18987.620252,18456.989227000002,18543.356141,0.00955013
ha,1607043600000,18212.091111,18358.151135,18212.091111,18358.151135,4.5e-05
ha,1607050800000,19382.020521000002,19382.020521000002,19382.020521000002,19382.020521000002,0.002297
ha,1607054400000,19320.415786,19320.415786,18800.0,18800.0,0.0020782929999999997
ha,1607068800000,19475.599072999998,19479.754419999997,19475.599072999998,19479.754419999997,0.0022311839999999998
ha,1607076000000,18853.474219,18853.474219,18853.474219,18853.474219,0.0007274489999999999
ha,1607112000000,19078.99085,19078.99085,19078.99085,19078.99085,0.000157324
ha,1607115600000,19078.99085,19078.99085,19078.99085,19078.99085,0.002744483
ha,1607133600000,18303.288984,18303.288984,18121.202821000003,18121.202821000003,0.00268188
ha,1607137200000,18120.256094,18120.256094,18120.256094,18120.256094,0.0009
ha,1607180400000,18835.17846,18835.17846,18835.17846,18835.17846,5.8698999999999995e-05
ha,1607184000000,18835.17846,18835.17846,18835.17846,18835.17846,0.00036350699999999995
ha,1607187600000,18835.17846,18835.17846,18835.17846,18835.17846,5.222e-05
ha,1607191200000,18835.17846,18835.17846,18835.17846,18835.17846,2e-09
ha,1607220000000,18835.17846,18835.17846,18835.17846,18835.17846,0.001102331
ha,1607230800000,18835.17846,18835.17846,18144.244643,18533.498531999998,0.005139282
ha,1607245200000,19204.765722,19204.765722,19204.765722,19204.765722,3.8960000000000005e-06
ha,1607259600000,19138.367062,19138.367062,19138.367062,19138.367062,1.8244e-05
ha,1607277600000,19270.596462999998,19270.596462999998,17935.0,18095.540966,0.040408968999999996
ha,1607331600000,19227.77,19227.77,19227.77,19227.77,5.474e-06
ha,1607346000000,19227.77,19227.77,19227.77,19227.77,0.000136529
ha,1607356800000,18711.663832,18717.435332,18711.663832,18717.435332,0.00042867800000000005
ha,1607371200000,19115.407396000002,19115.407396000002,19115.407396000002,19115.407396000002,1.003e-05
ha,1607403600000,18682.995013,18682.995013,18130.979865999998,18154.560115,0.00151192
ha,1607436000000,19097.714371000002,19097.714371000002,19097.714371000002,19097.714371000002,0.00308907
ha,1607446800000,18331.909904,18331.909904,18045.232521,18045.232521,0.0019313420000000002
ha,1607493600000,18045.232521,18045.232521,17930.319094,17930.319094,0.00401433
ha,1607497200000,17731.269163,17731.269163,17229.753136000003,17229.753136000003,0.00061894
ha,1607500800000,18231.429787,18231.429787,18231.429787,18231.429787,0.005726894000000001
ha,1607533200000,17843.977757,17843.977757,17843.977757,17843.977757,0.0008732410000000001
ha,1607572800000,17965.268059,17965.268059,17294.692391,17294.692391,0.0019395439999999999
ha,1607634000000,18213.751819999998,18213.751819999998,17898.129471,17898.129471,0.000783152
ha,1607666400000,17375.128044999998,17994.742521,17375.128044999998,17994.742521,0.00023662799999999998
ha,1607688000000,17825.0,17825.0,17825.0,17825.0,0.000168525
ha,1607698800000,17825.0,17825.0,17825.0,17825.0,3.4161e-05
ha,1607760000000,18034.0,18034.0,18034.0,18034.0,0.00999997
ha,1607796000000,18034.0,18034.0,18034.0,18034.0,3e-08
ha,1607839200000,18600.0,18600.0,18600.0,18600.0,7e-08
ha,1607842800000,18600.0,19127.77,18600.0,19127.77,0.000793883
ha,1607853600000,18687.988317,18747.111341,18618.327856,18618.327856,0.000446655
ha,1607857200000,18618.327856,18618.327856,18618.327856,18618.327856,1e-09
ha,1607860800000,18749.409627,18749.409627,18749.409627,18749.409627,5.779e-06
ha,1607864400000,19225.999,19225.999,19127.77,19127.77,0.01830862
ha,1607871600000,18768.153631,18768.153631,18720.870747,18720.870747,0.030083363999999998
ha,1607882400000,18278.543776,18692.029206,17068.0,17068.0,0.004192477
ha,1607976000000,18664.321633,18664.321633,18664.321633,18664.321633,0.000786695
ha,1608004800000,18933.347138999998,18933.347138999998,18636.0,18636.0,0.002703177
ha,1608033600000,19226.0,19226.0,19226.0,19226.0,1.8072e-05
ha,1608037200000,19226.0,19226.0,19226.0,19226.0,5.617999999999999e-06
ha,1608048000000,19226.0,19226.0,19226.0,19226.0,0.001753681
ha,1608051600000,19226.0,19300.0,19226.0,19300.0,0.0039665279999999995
ha,1608062400000,19333.0,19333.0,19315.922054,19315.922054,0.00011400100000000001
ha,1608087600000,18836.958392,18836.958392,18836.958392,18836.958392,0.000158783
ha,1608094800000,18844.508961000003,18844.508961000003,18844.508961000003,18844.508961000003,0.000198403
ha,1608127200000,19300.0,19400.0,19300.0,19400.0,0.002731242
ha,1608130800000,19515.214297,19755.612584,19500.0,19755.612584,0.005752297
ha,1608134400000,19951.822805,20026.0,19951.822805,20026.0,1.217e-05
ha,1608138000000,20124.0,20124.0,20124.0,20124.0,0.000152686
ha,1608141600000,20124.0,20821.632888999997,20124.0,20821.632888999997,0.0005326619999999999
ha,1608166800000,20961.108298,20961.108298,20961.108298,20961.108298,6e-06
ha,1608170400000,21411.040084,21641.210956,21411.040084,21641.210956,0.005568101
ha,1608181200000,21094.295468,21094.295468,21094.295468,21094.295468,1.9415e-05
ha,1608184800000,22081.14587,22081.14587,22081.14587,22081.14587,0.000631433
ha,1608192000000,22200.436975,22221.0,22200.436975,22221.0,0.001400311
ha,1608195600000,21798.928638999998,22221.0,21798.928638999998,22221.0,0.002532864
ha,1608199200000,22221.0,22221.0,22166.958014,22166.958014,0.007537255
ha,1608202800000,22166.958014,22221.0,21094.295468,22221.0,0.014935341000000001
ha,1608206400000,22221.0,22222.0,22221.0,22222.0,0.010411109
ha,1608210000000,22500.0,22500.0,22500.0,22500.0,0.009998859
ha,1608213600000,22900.0,23286.816989,22900.0,23286.816989,0.062981183
ha,1608224400000,23130.801158000002,23130.801158000002,23130.801158000002,23130.801158000002,0.000800748
ha,1608228000000,22987.831909,22987.831909,22987.831909,22987.831909,0.00103973
ha,1608235200000,22211.561256,22211.561256,22211.561256,22211.561256,0.017792244
ha,1608249600000,22282.041059,22282.041059,22282.041059,22282.041059,7.92e-06
ha,1608256800000,22911.537669999998,22911.537669999998,22911.537669999998,22911.537669999998,0.004095936
ha,1608285600000,23050.0,23050.0,23050.0,23050.0,0.00022374799999999999
ha,1608289200000,22547.471731,22547.471731,22472.832357,22472.832357,0.000136794
ha,1608296400000,22451.679598,22451.679598,22451.679598,22451.679598,0.000847435
ha,1608314400000,22293.921672,22293.921672,22293.921672,22293.921672,0.00014361299999999998
ha,1608354000000,22999.0,23000.0,22999.0,23000.0,0.0006578710000000001
ha,1608364800000,22455.811292,22455.811292,22455.811292,22455.811292,0.00013576700000000002
ha,1608386400000,22999.0,23252.513581,22999.0,23252.513581,0.004239229000000001
ha,1608393600000,23295.214547,23448.904263999997,23295.214547,23448.904263999997,0.0015560620000000002
ha,1608397200000,23567.17585,23567.17585,23567.17585,23567.17585,4e-05
ha,1608408000000,23800.0,23800.0,23380.828869,23800.0,0.005972732
ha,1608422400000,23441.490369,23613.035966,23441.490369,23613.035966,0.000720522
ha,1608451200000,23211.03376,23211.03376,23211.03376,23211.03376,9.305e-05
ha,1608454800000,23211.03376,23211.03376,23211.03376,23211.03376,3.4621999999999995e-05
ha,1608472800000,23500.0,23553.969571999998,23500.0,23553.969571999998,0.0015652939999999998
ha,1608480000000,23312.458884,23312.458884,23312.458884,23312.458884,0.000132033
ha,1608490800000,23328.228836000002,23667.516384,23328.228836000002,23667.516384,6.1039999999999995e-06
ha,1608494400000,23622.789696,23622.789696,23622.789696,23622.789696,5.9e-05
ha,1608498000000,23622.789696,23678.900452,23619.834158,23619.834158,0.0026061
ha,1608501600000,22957.796431,22957.796431,22952.270809,22952.270809,0.00025
ha,1608512400000,23211.028371,23211.028371,23211.028371,23211.028371,0.00198
ha,1608516000000,23196.589773,23196.589773,23196.589773,23196.589773,0.000100054
ha,1608530400000,23306.864166,23900.0,23306.864166,23900.0,0.0007271830000000001
ha,1608548400000,22737.173261,22772.448429,22737.173261,22772.448429,0.004120937
ha,1608552000000,22715.047369,22715.047369,22296.927952000002,22296.927952000002,0.000109869
ha,1608573600000,22342.445025999998,22342.445025999998,22342.445025999998,22342.445025999998,0.000127766
ha,1608638400000,22700.0,22700.0,22700.0,22700.0,0.00236681
ha,1608642000000,22700.0,22700.0,22700.0,22700.0,0.006
ha,1608645600000,22700.0,22700.0,16000.00001,22700.0,0.013349811000000001
ha,1608649200000,22700.0,22700.0,22700.0,22700.0,0.00017623
ha,1608652800000,22700.0,22700.0,22700.0,22700.0,3.589e-05
ha,1608656400000,22700.0,22700.0,22700.0,22700.0,1.459e-05
ha,1608660000000,22700.0,22700.0,22610.191591,22610.191591,1.0594e-05
ha,1608663600000,22610.191591,22610.191591,22610.191591,22610.191591,3.55e-06
ha,1608714000000,22610.191591,22700.0,22610.191591,22700.0,0.003401955
ha,1608717600000,22700.0,22700.0,22700.0,22700.0,0.00019084200000000001
ha,1608721200000,22700.0,22700.0,22700.0,22700.0,4.5399999999999996e-07
ha,1608724800000,22700.0,22750.0,22700.0,22750.0,0.001279667
ha,1608732000000,22750.0,22750.0,16102.000021000002,16102.000021000002,0.004686694
ha,1608735600000,22750.0,22750.0,22750.0,22750.0,2e-05
ha,1608739200000,16200.0,22750.0,16200.0,22750.0,1.4000000000000001e-05
ha,1608742800000,16200.163275,22700.0,16200.163275,22700.0,0.000128727
ha,1608750000000,16100.000012,16100.000012,16000.00002,16000.00002,5e-06
ha,1608753600000,22700.0,23101.179321,22700.0,23101.179321,0.028047989
ha,1608757200000,23025.477869,23046.5141,22374.219008,23044.09061,0.042437742
ha,1608771600000,23549.289092,23641.886513,23549.289092,23641.886513,0.001288
ha,1608778800000,23374.72711,23374.727111,23374.72711,23374.727111,8.504899999999999e-05
ha,1608789600000,23112.590237,23112.590237,22963.660955,22963.660955,0.011241756
ha,1608793200000,22916.322364,23123.437278999998,22916.322364,23123.437278999998,0.0020467239999999998
ha,1608796800000,23045.58271,23984.566779,23045.58271,23984.566779,0.009567224000000001
ha,1608800400000,23268.684325,24444.0,23268.684325,23849.863088,0.007276179
ha,1608804000000,23890.350927,24444.0,23890.350927,24444.0,0.012825874
ha,1608807600000,25000.0,26500.0,24999.999999,26500.0,0.055112879000000004
ha,1608811200000,26500.0,26500.0,26500.0,26500.0,0.00894975
ha,1608814800000,26500.0,26500.0,26500.0,26500.0,0.00076817
ha,1608829200000,22374.219009,22374.219009,22374.219009,22374.219009,4.46e-07
ha,1608832800000,22374.219009,22374.219009,22374.219009,22374.219009,0.00012724
ha,1608850800000,23895.999833,23895.999833,23895.999833,23895.999833,9.254e-05
ha,1608858000000,23822.745681,23822.745681,23822.745681,23822.745681,0.002
ha,1608883200000,23300.0,23300.0,23300.0,23300.0,0.000814402
ha,1608919200000,23746.333057,23746.333057,23746.333057,23746.333057,0.00012947299999999999
ha,1608922800000,24500.0,24500.0,24500.0,24500.0,0.000295255
ha,1608937200000,24500.0,24670.567151,24500.0,24670.567151,0.00016708400000000002
ha,1608948000000,24670.567151,24670.567151,24670.567151,24670.567151,0.000655304
ha,1608973200000,24435.324772,24435.324772,24435.324772,24435.324772,0.000102191
ha,1608987600000,24431.220300999998,24431.220300999998,24431.220300999998,24431.220300999998,0.00017619999999999997
ha,1608991200000,24431.220300999998,24431.220300999998,24431.220300999998,24431.220300999998,9.999e-05
ha,1608994800000,25200.0,25200.0,25200.0,25200.0,0.0005475640000000001
ha,1608998400000,24889.063239,25301.847932,24889.063239,25301.847932,0.000239481
ha,1609005600000,25303.365011,25303.365011,25303.365011,25303.365011,2.1624e-05
ha,1609020000000,26095.0,26099.0,26095.0,26098.999999,4.761e-05
ha,1609034400000,26450.0,26450.0,26450.0,26450.0,0.01484713
ha,1609045200000,26299.698302,26299.698302,26299.698302,26299.698302,6.989e-05
ha,1609048800000,26450.0,26450.0,26450.0,26450.0,0.00010109
ha,1609052400000,26450.0,26450.0,26450.0,26450.0,3.557e-05
ha,1609056000000,26450.0,26450.0,26450.0,26450.0,2e-06
ha,1609063200000,26724.0,26724.0,26450.0,26450.0,0.003750126
ha,1609066800000,27109.137207,27500.0,26724.0,27336.717723,0.043565137000000004
ha,1609092000000,27112.153851,27112.153851,26279.298616,26279.298616,0.0007171139999999999
ha,1609095600000,26720.878598,26720.878598,26720.878598,26720.878598,5e-06
ha,1609099200000,26720.878598,27082.114714999996,26720.878598,26965.539142,0.016658889
ha,1609102800000,25819.352235,25819.352235,25819.352235,25819.352235,2e-06
ha,1609106400000,26598.504011,26598.504011,25998.101216,25998.101216,3.0566e-05
ha,1609117200000,26518.821346,26518.821346,26518.821346,26518.821346,2e-05
ha,1609124400000,26574.623608,26574.623608,26574.623608,26574.623608,0.000146303
ha,1609128000000,27301.993342,27301.993342,27225.112997000004,27225.112997000004,0.0030686999999999997
ha,1609174800000,26730.387053,26730.387053,26730.387053,26730.387053,0.000103858
ha,1609185600000,27244.625119,27346.814825999998,27244.625119,27266.948720999997,0.029015765
ha,1609196400000,26905.351770999998,26905.351770999998,26905.351770999998,26905.351770999998,0.002
ha,1609200000000,27259.637901,27259.637901,26657.620899,26657.620899,0.001971784
ha,1609218000000,26500.104367,26500.104367,26500.104367,26500.104367,2.013e-06
ha,1609232400000,26468.355112999998,26468.355112999998,26468.355112999998,26468.355112999998,2.8600000000000004e-05
ha,1609236000000,26700.0,26700.0,26700.0,26700.0,0.00036711599999999996
ha,1609243200000,26700.0,26700.0,26700.0,26700.0,3.312e-05
ha,1609282800000,26900.0,27000.0,26900.0,27000.0,0.000367425
ha,1609286400000,27400.0,27400.0,27400.0,27400.0,0.000563344
ha,1609293600000,27316.866089,27518.821345999997,27316.866089,27500.0,0.0010226760000000001
ha,1609297200000,27777.0,27777.0,27703.181854000002,27703.181854000002,0.007904189
ha,1609311600000,28100.0,28151.630902999997,27975.423658,27975.423658,0.001968873
ha,1609326000000,27594.4569,27594.4569,27594.4569,27594.4569,0.000697047
ha,1609351200000,28089.795702999996,28089.795702999996,28089.795702999996,28089.795702999996,0.001068003
ha,1609354800000,28200.0,28300.0,28200.0,28300.0,0.0004920219999999999
ha,1609365600000,28487.622104000002,28487.622104000002,28376.419181999998,28376.419181999998,0.003662344
ha,1609372800000,28600.0,28849.071512000002,28600.0,28849.071512000002,0.000278012
ha,1609387200000,28888.0,28888.0,28888.0,28888.0,1.7308e-05
ha,1609405200000,28495.708793,28495.708793,28495.708793,28495.708793,0.000430369
ha,1609452000000,29495.533069999998,29495.533069999998,28888.0,29369.126994,0.035455541
