hd,1604674800000,15489.0,15489.1,15396.8,15426.3,196438.0
hd,1604678400000,15426.1,15548.4,15420.2,15495.2,1446702.0
hd,1604682000000,15499.9,15563.0,15463.6,15467.8,960146.0
hd,1604685600000,15467.9,15533.1,15423.0,15469.5,853946.0
hd,1604689200000,15467.1,15530.0,15407.1,15434.1,1306470.0
hd,1604692800000,15434.2,15549.6,15207.0,15484.5,4502048.0
hd,1604696400000,15490.4,15650.0,15468.0,15543.9,1013800.0
hd,1604700000000,15542.6,15620.0,15486.8,15599.5,566572.0
hd,1604703600000,15605.1,15674.0,15526.1,15571.5,1093836.0
hd,1604707200000,15574.9,15656.9,15546.6,15610.5,755580.0
hd,1604710800000,15610.6,15758.8,15577.5,15678.6,1408812.0
hd,1604714400000,15681.4,15690.0,15533.1,15579.0,1724454.0
hd,1604718000000,15579.1,15611.0,15496.1,15553.7,1053414.0
hd,1604721600000,15553.6,15633.2,15468.6,15515.3,1154954.0
hd,1604725200000,15519.0,15585.0,15466.0,15565.0,1012828.0
hd,1604728800000,15565.0,15567.1,15502.1,15540.0,676078.0
hd,1604732400000,15540.1,15540.1,15440.0,15458.6,927708.0
hd,1604736000000,15458.7,15550.0,15420.0,15513.5,1438646.0
hd,1604739600000,15513.0,15549.0,15460.0,15500.8,765736.0
hd,1604743200000,15500.8,15575.5,15450.0,15567.6,990690.0
hd,1604746800000,15565.0,15590.0,15485.5,15531.6,1074644.0
hd,1604750400000,15531.6,15563.0,15514.5,15525.3,750798.0
hd,1604754000000,15525.4,15535.6,15412.4,15520.6,1327748.0
hd,1604757600000,15520.5,15520.5,15290.8,15321.6,2920564.0
hd,1604761200000,15317.9,15407.9,15200.0,15355.5,3657958.0
hd,1604764800000,15360.1,15420.2,15100.8,15375.1,4209758.0
hd,1604768400000,15375.1,15409.4,15227.1,15242.5,1636730.0
hd,1604772000000,15242.5,15315.7,14709.8,14949.9,5593152.0
hd,1604775600000,14949.9,15064.2,14571.0,14667.8,7136138.0
hd,1604779200000,14667.8,14932.4,14360.5,14852.6,6068072.0
hd,1604782800000,14852.5,14928.7,14754.1,14826.5,1408656.0
hd,1604786400000,14826.6,14850.0,14676.5,14807.8,1382180.0
hd,1604790000000,14803.2,14915.6,14800.0,14822.1,1050296.0
hd,1604793600000,14821.2,14916.3,14720.1,14907.4,1643462.0
hd,1604797200000,14907.5,15082.4,14836.1,15047.4,1956944.0
hd,1604800800000,15050.9,15119.6,14978.0,15009.9,1846550.0
hd,1604804400000,15009.9,15038.0,14967.0,14972.5,980630.0
hd,1604808000000,14972.5,15029.0,14942.5,14989.1,945002.0
hd,1604811600000,14989.1,15071.5,14960.0,15052.1,1255488.0
hd,1604815200000,15052.2,15068.6,14976.8,15002.9,917050.0
hd,1604818800000,15002.9,15027.0,14904.8,14936.6,1324986.0
hd,1604822400000,14936.6,14989.9,14898.7,14970.1,1161102.0
hd,1604826000000,14970.2,15029.3,14945.0,15024.8,1069072.0
hd,1604829600000,15024.9,15170.0,14993.9,15154.9,2203964.0
hd,1604833200000,15152.3,15183.4,15103.0,15159.9,1152474.0
hd,1604836800000,15160.4,15276.3,15160.4,15238.2,2365480.0
hd,1604840400000,15238.1,15255.4,15098.5,15194.3,1620652.0
hd,1604844000000,15192.8,15345.4,15160.2,15328.4,2253336.0
hd,1604847600000,15328.4,15439.1,15306.8,15334.5,2864126.0
hd,1604851200000,15335.4,15414.8,15294.2,15377.6,1459234.0
hd,1604854800000,15375.8,15632.1,15367.5,15565.9,3129648.0
hd,1604858400000,15566.0,15650.0,15450.1,15522.3,2007156.0
hd,1604862000000,15520.0,15537.1,15260.5,15333.9,2126816.0
hd,1604865600000,15332.1,15425.4,15331.2,15364.4,770704.0
hd,1604869200000,15367.3,15400.5,15244.8,15320.5,671774.0
hd,1604872800000,15320.6,15517.5,15320.6,15492.6,1268338.0
hd,1604876400000,15490.0,15515.0,15442.8,15468.0,675384.0
hd,1604880000000,15467.9,15584.9,15398.4,15532.3,1462242.0
hd,1604883600000,15532.0,15576.6,15465.4,15496.1,814600.0
hd,1604887200000,15496.1,15552.5,15440.0,15463.5,1123006.0
hd,1604890800000,15456.1,15464.5,15376.1,15425.0,1433298.0
hd,1604894400000,15424.0,15424.1,15352.1,15372.5,1227562.0
hd,1604898000000,15372.4,15485.5,15326.0,15460.0,1574934.0
hd,1604901600000,15460.0,15460.0,15351.5,15368.0,1177038.0
hd,1604905200000,15368.0,15439.7,15280.0,15297.0,1708066.0
hd,1604908800000,15297.1,15405.0,15130.0,15389.2,4428682.0
hd,1604912400000,15389.3,15453.6,15366.9,15396.2,1718610.0
hd,1604916000000,15396.3,15474.0,15396.3,15455.0,1053624.0
hd,1604919600000,15454.9,15842.7,15435.0,15785.6,4046638.0
hd,1604923200000,15785.7,15793.4,15400.0,15557.2,7358922.0
hd,1604926800000,15557.2,15576.4,15145.0,15280.0,7469688.0
hd,1604930400000,15280.0,15389.0,15001.0,15083.2,5012800.0
hd,1604934000000,15093.5,15163.4,14941.0,15015.0,6823908.0
hd,1604937600000,15015.0,15137.8,14836.6,15117.6,6672214.0
hd,1604941200000,15116.5,15241.4,15065.0,15225.2,2213298.0
hd,1604944800000,15225.8,15319.5,15155.1,15310.0,2302192.0
hd,1604948400000,15312.7,15440.6,15259.6,15352.1,2203356.0
hd,1604952000000,15352.2,15479.5,15340.1,15361.1,1909608.0
hd,1604955600000,15361.9,15416.9,15305.1,15369.5,1269854.0
hd,1604959200000,15361.2,15408.4,15206.9,15237.5,2255184.0
hd,1604962800000,15234.0,15338.3,15224.0,15309.4,2532306.0
hd,1604966400000,15309.4,15309.9,15182.3,15291.0,1986712.0
hd,1604970000000,15291.1,15388.0,15254.0,15382.7,1502450.0
hd,1604973600000,15382.7,15415.2,15324.9,15327.9,1360102.0
hd,1604977200000,15327.9,15347.0,15257.8,15330.0,1693214.0
hd,1604980800000,15330.1,15408.2,15315.7,15372.2,1275150.0
hd,1604984400000,15373.0,15431.9,15305.0,15345.8,1575680.0
hd,1604988000000,15347.3,15377.3,15247.7,15271.6,1671420.0
hd,1604991600000,15271.6,15321.9,15254.7,15268.2,1450784.0
hd,1604995200000,15268.2,15453.8,15260.0,15363.0,2806376.0
hd,1604998800000,15363.1,15431.0,15361.4,15374.9,1383530.0
hd,1605002400000,15374.9,15419.5,15304.7,15304.7,1445298.0
hd,1605006000000,15304.8,15316.0,15169.8,15269.3,2653866.0
hd,1605009600000,15269.3,15384.0,15211.5,15281.5,3086166.0
hd,1605013200000,15281.5,15322.0,15177.4,15298.5,2200304.0
hd,1605016800000,15298.4,15320.5,15129.7,15221.1,2233986.0
hd,1605020400000,15221.0,15255.5,15076.0,15170.3,2559068.0
hd,1605024000000,15168.0,15276.2,15109.8,15234.5,1711212.0
hd,1605027600000,15234.5,15312.9,15229.0,15297.5,772202.0
hd,1605031200000,15297.1,15297.1,15183.0,15253.4,749396.0
hd,1605034800000,15253.4,15324.4,15248.1,15290.2,674446.0
hd,1605038400000,15288.5,15315.0,15261.0,15270.3,186672.0
hd,1605042000000,15271.0,15366.6,15271.0,15356.6,711096.0
hd,1605045600000,15356.6,15379.4,15312.0,15355.5,872962.0
hd,1605049200000,15355.3,15363.9,15263.0,15287.1,743310.0
hd,1605052800000,15287.1,15493.0,15267.5,15458.9,2212910.0
hd,1605056400000,15460.3,15485.0,15395.1,15427.8,1628146.0
hd,1605060000000,15427.8,15434.5,15326.9,15379.9,1448702.0
hd,1605063600000,15379.9,15433.5,15368.1,15396.9,1231160.0
hd,1605067200000,15396.9,15433.0,15329.8,15368.8,1094338.0
hd,1605070800000,15367.6,15390.0,15329.0,15367.6,981308.0
hd,1605074400000,15370.9,15409.5,15350.0,15355.5,821548.0
hd,1605078000000,15355.4,15403.0,15355.4,15396.8,852392.0
hd,1605081600000,15396.7,15422.0,15364.0,15392.3,1033010.0
hd,1605085200000,15392.3,15452.2,15383.5,15421.1,1573564.0
hd,1605088800000,15421.0,15572.6,15421.0,15572.5,2567310.0
hd,1605092400000,15572.5,15658.0,15504.1,15543.0,3570660.0
hd,1605096000000,15542.9,15613.4,15510.3,15573.5,1695528.0
hd,1605099600000,15573.5,15669.1,15534.5,15543.1,2784788.0
hd,1605103200000,15543.1,15640.0,15521.0,15624.4,1881622.0
hd,1605106800000,15621.6,15689.0,15581.0,15659.9,1842992.0
hd,1605110400000,15659.9,15865.0,15629.5,15750.0,5443906.0
hd,1605114000000,15750.1,15925.9,15730.5,15858.4,3858350.0
hd,1605117600000,15858.4,15992.1,15772.9,15807.5,3360122.0
hd,1605121200000,15811.1,15860.4,15717.0,15804.4,1906516.0
hd,1605124800000,15804.4,15824.9,15569.3,15720.1,2815668.0
hd,1605128400000,15716.1,15815.3,15633.0,15815.3,1056220.0
hd,1605132000000,15815.3,15876.9,15768.8,15780.0,643486.0
hd,1605135600000,15778.9,15779.5,15680.0,15688.9,1150442.0
hd,1605139200000,15686.1,15708.6,15444.9,15608.1,4649106.0
hd,1605142800000,15608.1,15643.5,15576.4,15634.2,1389806.0
hd,1605146400000,15634.3,15669.1,15598.5,15616.6,966818.0
hd,1605150000000,15616.5,15660.0,15602.0,15624.0,956932.0
hd,1605153600000,15621.9,15660.0,15598.5,15649.9,910654.0
hd,1605157200000,15649.9,15769.5,15644.8,15737.9,1805032.0
hd,1605160800000,15737.8,15837.9,15722.1,15776.3,2174930.0
hd,1605164400000,15776.3,15909.6,15755.3,15850.0,2662854.0
hd,1605168000000,15848.8,15926.9,15780.0,15788.0,2938352.0
hd,1605171600000,15787.9,16128.8,15786.4,16033.5,6344616.0
hd,1605175200000,16033.5,16138.0,15658.1,15709.0,14426802.0
hd,1605178800000,15709.0,15810.6,15608.7,15761.6,4896220.0
hd,1605182400000,15761.5,15920.0,15745.0,15878.9,3662440.0
hd,1605186000000,15878.9,16028.9,15813.2,15987.2,3688376.0
hd,1605189600000,15987.2,16090.0,15825.0,15974.3,8092078.0
hd,1605193200000,15974.3,16128.0,15935.1,16103.6,4561258.0
hd,1605196800000,16103.7,16146.4,16001.6,16111.0,4921454.0
hd,1605200400000,16111.0,16185.0,15920.6,15934.2,5257496.0
hd,1605204000000,15934.2,16106.5,15873.0,16084.9,3249806.0
hd,1605207600000,16085.0,16095.9,15982.0,16052.0,1269022.0
hd,1605211200000,16052.1,16136.9,16022.1,16127.3,978540.0
hd,1605214800000,16127.4,16186.0,16087.3,16126.3,1391662.0
hd,1605218400000,16126.3,16321.0,16103.3,16210.0,4297360.0
hd,1605222000000,16210.4,16320.0,16165.0,16278.6,2734864.0
hd,1605225600000,16276.6,16427.3,16250.0,16373.0,4178358.0
hd,1605229200000,16373.0,16454.0,16343.0,16414.0,3149414.0
hd,1605232800000,16414.0,16457.0,16348.1,16381.9,3279126.0
hd,1605236400000,16381.9,16440.0,16352.1,16410.0,1737116.0
hd,1605240000000,16410.0,16430.0,16358.4,16385.5,1945170.0
hd,1605243600000,16386.1,16389.4,16188.8,16227.2,5692956.0
hd,1605247200000,16229.4,16325.3,16213.1,16306.1,1824574.0
hd,1605250800000,16306.1,16306.1,16180.0,16250.9,2687874.0
hd,1605254400000,16248.5,16279.7,16152.0,16264.7,3109146.0
hd,1605258000000,16263.8,16347.5,16228.1,16318.6,2873430.0
hd,1605261600000,16318.6,16338.8,16170.0,16200.7,2689574.0
hd,1605265200000,16200.7,16250.0,16069.0,16222.4,4604352.0
hd,1605268800000,16222.3,16305.4,16203.6,16244.0,2801054.0
hd,1605272400000,16243.9,16299.0,16190.0,16230.1,1925662.0
hd,1605276000000,16230.0,16280.0,16121.7,16209.2,2782110.0
hd,1605279600000,16211.0,16219.0,16081.0,16100.0,3616938.0
hd,1605283200000,16100.0,16186.5,15961.0,16170.0,6817420.0
hd,1605286800000,16170.1,16248.5,16107.5,16238.2,2490560.0
hd,1605290400000,16240.5,16265.0,16201.6,16238.0,1145622.0
hd,1605294000000,16237.9,16285.0,16220.4,16277.2,620018.0
hd,1605297600000,16277.2,16277.2,16150.0,16189.6,963662.0
hd,1605301200000,16192.0,16274.4,16192.0,16263.6,574180.0
hd,1605304800000,16263.7,16335.5,16263.6,16292.8,867622.0
hd,1605308400000,16293.0,16336.0,16266.5,16307.1,1266226.0
hd,1605312000000,16307.2,16311.4,16207.1,16264.5,1937970.0
hd,1605315600000,16264.6,16264.6,16172.5,16181.4,1685064.0
hd,1605319200000,16181.4,16222.8,16138.5,16157.9,1710920.0
hd,1605322800000,16157.8,16190.5,16140.2,16174.6,1304118.0
hd,1605326400000,16173.5,16181.5,16100.0,16127.8,1818912.0
hd,1605330000000,16126.0,16167.3,16059.0,16160.4,1933714.0
hd,1605333600000,16160.4,16196.5,16135.1,16158.0,1878434.0
hd,1605337200000,16158.0,16167.6,16025.0,16086.8,2786770.0
hd,1605340800000,16086.8,16127.2,15838.1,15964.0,7100692.0
hd,1605344400000,15963.9,15964.0,15771.9,15811.0,4923086.0
hd,1605348000000,15810.9,15940.0,15760.0,15859.9,3972728.0
hd,1605351600000,15860.0,15927.5,15832.2,15927.4,1738382.0
hd,1605355200000,15924.7,15927.4,15835.0,15907.6,2016808.0
hd,1605358800000,15907.5,15943.8,15860.2,15927.3,1623714.0
hd,1605362400000,15927.4,16044.6,15926.3,16004.5,3637866.0
hd,1605366000000,16004.5,16024.7,15920.4,15943.5,2563478.0
hd,1605369600000,15943.4,16015.0,15820.0,15848.3,3138098.0
hd,1605373200000,15848.3,15917.9,15715.0,15898.9,6865934.0
hd,1605376800000,15898.9,15945.0,15867.4,15896.2,1504970.0
hd,1605380400000,15896.1,15911.9,15845.5,15882.0,976278.0
hd,1605384000000,15880.0,15992.5,15856.3,15981.7,1244984.0
hd,1605387600000,15984.9,16022.5,15967.0,15977.9,1023858.0
hd,1605391200000,15977.9,16028.4,15952.5,16020.0,679958.0
hd,1605394800000,16020.0,16126.5,16019.9,16054.5,1998250.0
hd,1605398400000,16054.5,16093.0,16030.3,16033.5,1231872.0
hd,1605402000000,16033.5,16067.2,15916.0,15966.4,2388094.0
hd,1605405600000,15966.5,16010.8,15916.3,15971.6,1862910.0
hd,1605409200000,15971.7,15975.5,15870.1,15919.5,2746110.0
hd,1605412800000,15920.4,15950.0,15878.2,15922.2,1446832.0
hd,1605416400000,15922.3,16000.0,15922.3,16000.0,2008868.0
hd,1605420000000,16000.0,16062.9,15980.5,16035.0,2036338.0
hd,1605423600000,16035.1,16078.6,15994.0,16018.5,1870574.0
hd,1605427200000,16020.0,16145.3,16020.0,16098.5,3878744.0
hd,1605430800000,16098.6,16098.6,16032.5,16055.0,2123362.0
hd,1605434400000,16054.9,16078.0,15955.5,15981.1,3075170.0
hd,1605438000000,15981.1,16083.9,15934.6,15955.1,3900546.0
hd,1605441600000,15955.0,16055.4,15924.1,15979.5,3042220.0
hd,1605445200000,15979.5,16069.0,15959.5,16039.5,2760220.0
hd,1605448800000,16039.5,16103.9,16012.3,16040.6,2438996.0
hd,1605452400000,16040.5,16058.9,15981.1,16020.0,1699566.0
hd,1605456000000,16020.0,16052.7,15953.7,15999.2,2425648.0
hd,1605459600000,15999.1,15999.1,15873.0,15889.6,3510478.0
hd,1605463200000,15888.1,15931.0,15850.0,15902.5,2659068.0
hd,1605466800000,15903.7,15931.5,15855.0,15860.9,1423298.0
hd,1605470400000,15860.9,15886.9,15816.0,15848.1,1173930.0
hd,1605474000000,15848.1,15903.0,15830.8,15857.0,778488.0
hd,1605477600000,15856.5,15964.9,15790.0,15930.9,1894714.0
hd,1605481200000,15930.6,16002.1,15930.4,15949.9,2105264.0
hd,1605484800000,15951.5,15972.0,15868.8,15971.9,2154482.0
hd,1605488400000,15971.9,16028.5,15940.0,15945.6,2332358.0
hd,1605492000000,15945.6,15998.0,15926.5,15935.0,1495374.0
hd,1605495600000,15935.0,16026.5,15935.0,15993.5,2374824.0
hd,1605499200000,15993.6,16027.0,15977.5,16024.6,1517768.0
hd,1605502800000,16024.6,16122.8,16024.5,16092.5,4685482.0
hd,1605506400000,16092.5,16230.5,16092.5,16220.9,5550060.0
hd,1605510000000,16220.8,16274.1,16195.0,16219.8,3485882.0
hd,1605513600000,16219.9,16250.0,16195.0,16200.5,2733888.0
hd,1605517200000,16200.5,16220.0,16165.0,16219.9,2393222.0
hd,1605520800000,16219.9,16374.1,16210.8,16371.3,5885730.0
hd,1605524400000,16371.3,16378.3,16228.1,16235.0,3971922.0
hd,1605528000000,16230.0,16306.5,16230.0,16302.0,2193622.0
hd,1605531600000,16300.0,16365.1,16285.3,16312.4,2766510.0
hd,1605535200000,16312.4,16437.0,16312.4,16392.0,4968142.0
hd,1605538800000,16393.3,16457.0,16335.0,16433.3,4708542.0
hd,1605542400000,16433.4,16637.1,16418.5,16554.1,11094086.0
hd,1605546000000,16554.2,16747.0,16554.2,16673.9,5372944.0
hd,1605549600000,16675.5,16728.6,16631.0,16673.9,3260294.0
hd,1605553200000,16676.0,16834.6,16651.0,16768.9,4507584.0
hd,1605556800000,16768.7,16826.0,16741.3,16806.5,1527654.0
hd,1605560400000,16810.4,16868.6,16582.9,16680.1,4765268.0
hd,1605564000000,16680.1,16746.0,16645.0,16698.4,2105086.0
hd,1605567600000,16700.1,16781.9,16686.4,16705.2,2925620.0
hd,1605571200000,16701.8,16812.7,16681.2,16791.0,3298110.0
hd,1605574800000,16790.9,16790.9,16663.3,16680.2,2759770.0
hd,1605578400000,16680.1,16721.7,16620.0,16665.0,2617962.0
hd,1605582000000,16664.9,16690.0,16561.0,16567.0,3615080.0
hd,1605585600000,16567.1,16665.0,16550.0,16664.5,2636300.0
hd,1605589200000,16663.0,16663.0,16601.0,16618.2,2142824.0
hd,1605592800000,16618.2,16663.0,16580.9,16621.6,1995456.0
hd,1605596400000,16621.5,16764.6,16617.4,16728.8,4486516.0
hd,1605600000000,16728.9,16774.5,16670.0,16692.0,3216454.0
hd,1605603600000,16692.0,16746.2,16624.5,16647.1,3247456.0
hd,1605607200000,16647.0,16757.0,16638.0,16756.5,2496214.0
hd,1605610800000,16756.4,17010.9,16725.6,16992.5,11203612.0
hd,1605614400000,16992.5,17081.0,16935.0,17065.7,9856382.0
hd,1605618000000,17065.7,17080.9,16920.0,16943.3,7854460.0
hd,1605621600000,16943.3,17170.0,16930.0,17137.6,7923784.0
hd,1605625200000,17137.6,17370.0,17115.0,17325.6,15170506.0
hd,1605628800000,17320.6,17768.8,17266.4,17662.9,21274962.0
hd,1605632400000,17662.9,17875.1,17420.0,17819.0,26629176.0
hd,1605636000000,17819.1,17841.6,17595.0,17647.4,14362168.0
hd,1605639600000,17647.4,17760.8,17501.0,17684.5,10196914.0
hd,1605643200000,17684.5,17722.9,17621.8,17677.5,3890816.0
hd,1605646800000,17677.5,17700.9,17535.5,17625.0,3628712.0
hd,1605650400000,17625.6,17627.1,17473.3,17607.1,2915798.0
hd,1605654000000,17607.0,17714.4,17607.0,17660.8,2778232.0
hd,1605657600000,17666.4,17836.8,17611.0,17705.3,6841172.0
hd,1605661200000,17705.3,17742.2,17618.1,17742.2,3267180.0
hd,1605664800000,17742.1,17742.1,17650.0,17687.6,2905124.0
hd,1605668400000,17687.5,18100.0,17626.3,18049.6,12156422.0
hd,1605672000000,18049.6,18495.5,17966.3,18390.0,26677434.0
hd,1605675600000,18390.1,18390.1,17228.3,17642.4,41858340.0
hd,1605679200000,17642.0,17867.9,17505.5,17785.5,11741102.0
hd,1605682800000,17785.7,18112.7,17659.8,18079.4,10351804.0
hd,1605686400000,18079.5,18276.4,18068.4,18216.5,13034140.0
hd,1605690000000,18216.4,18239.6,17858.6,18122.7,18002192.0
hd,1605693600000,18122.6,18258.7,17986.7,18251.7,9611324.0
hd,1605697200000,18251.7,18258.0,18015.7,18254.1,10067658.0
hd,1605700800000,18254.8,18257.1,17983.1,18038.9,9162056.0
hd,1605704400000,18034.5,18116.3,17810.0,17898.8,11931068.0
hd,1605708000000,17898.7,17981.9,17681.3,17701.7,12370410.0
hd,1605711600000,17700.5,17909.0,17286.1,17877.4,29163968.0
hd,1605715200000,17877.4,18003.5,17650.6,17801.3,16873752.0
hd,1605718800000,17801.3,17922.4,17710.8,17894.5,7297846.0
hd,1605722400000,17894.6,17971.9,17753.6,17782.9,5868774.0
hd,1605726000000,17782.8,17844.5,17574.3,17667.2,8264556.0
hd,1605729600000,17667.8,17734.5,17503.0,17648.9,7759812.0
hd,1605733200000,17648.8,17788.0,17596.3,17771.9,5210604.0
hd,1605736800000,17769.6,17859.3,17707.0,17816.2,3485796.0
hd,1605740400000,17814.8,17855.4,17678.5,17783.4,6664852.0
hd,1605744000000,17783.5,17830.1,17587.9,17773.9,8011722.0
hd,1605747600000,17773.8,17866.2,17700.0,17857.5,3904308.0
hd,1605751200000,17857.6,18067.4,17857.6,17935.5,10350038.0
hd,1605754800000,17938.5,18001.1,17852.5,17922.6,4540730.0
hd,1605758400000,17922.5,17925.4,17756.0,17854.3,5868950.0
hd,1605762000000,17851.2,17913.6,17720.7,17899.7,5369066.0
hd,1605765600000,17899.8,17909.5,17715.8,17763.3,4863704.0
hd,1605769200000,17763.3,17773.2,17610.0,17666.5,8185020.0
hd,1605772800000,17666.6,17734.2,17411.1,17549.7,18187026.0
hd,1605776400000,17549.7,17646.5,17350.0,17447.5,13970980.0
hd,1605780000000,17447.4,17677.2,17379.3,17627.1,12826886.0
hd,1605783600000,17627.0,17788.0,17594.4,17776.2,11009394.0
hd,1605787200000,17776.2,17825.3,17661.9,17722.5,7329998.0
hd,1605790800000,17726.4,18020.0,17720.2,18016.0,10572526.0
hd,1605794400000,18015.9,18163.4,17857.3,18134.1,11935712.0
hd,1605798000000,18134.2,18194.5,18026.9,18064.5,8626966.0
hd,1605801600000,18061.5,18146.1,17932.7,18024.0,8913480.0
hd,1605805200000,18022.1,18050.1,17901.0,17980.4,4415428.0
hd,1605808800000,17980.3,18042.8,17916.3,17943.4,3492136.0
hd,1605812400000,17943.3,17976.9,17883.3,17968.0,4120542.0
hd,1605816000000,17968.0,18040.4,17917.1,18032.0,2786040.0
hd,1605819600000,18032.1,18109.9,17870.8,17931.8,6473006.0
hd,1605823200000,17931.8,17961.7,17872.1,17872.1,2547984.0
hd,1605826800000,17872.1,17899.4,17712.8,17807.2,6914540.0
hd,1605830400000,17807.2,17938.0,17761.6,17784.1,5814548.0
hd,1605834000000,17784.1,17974.1,17748.8,17968.4,5344504.0
hd,1605837600000,17968.4,18041.2,17925.0,17966.3,6572648.0
hd,1605841200000,17966.3,18020.5,17942.4,17960.8,3156092.0
hd,1605844800000,17960.9,18244.1,17953.0,18202.1,11408290.0
hd,1605848400000,18202.1,18231.2,18063.3,18139.4,7090768.0
hd,1605852000000,18139.5,18189.9,18085.0,18175.4,5578676.0
hd,1605855600000,18175.4,18439.3,18101.0,18220.0,19573760.0
hd,1605859200000,18222.0,18330.0,18156.6,18312.0,9191528.0
hd,1605862800000,18312.0,18377.7,18104.3,18180.8,8396074.0
hd,1605866400000,18180.8,18328.6,18141.6,18292.6,5703982.0
hd,1605870000000,18292.6,18355.0,18261.2,18274.8,5063968.0
hd,1605873600000,18276.0,18302.8,18160.0,18240.7,5802482.0
hd,1605877200000,18240.7,18295.0,18158.2,18252.5,4703236.0
hd,1605880800000,18250.0,18648.6,18250.0,18645.4,13112452.0
hd,1605884400000,18645.5,18739.0,18502.8,18659.3,15467478.0
hd,1605888000000,18659.4,18808.7,18613.6,18676.0,11138652.0
hd,1605891600000,18676.0,18698.0,18536.6,18679.8,5467638.0
hd,1605895200000,18679.8,18685.9,18411.0,18576.6,6627132.0
hd,1605898800000,18576.7,18651.0,18524.7,18619.2,2063666.0
hd,1605902400000,18619.4,18686.5,18560.0,18624.3,3128674.0
hd,1605906000000,18619.0,18638.7,18512.1,18575.0,3051538.0
hd,1605909600000,18575.0,18623.3,18491.2,18614.7,2660286.0
hd,1605913200000,18614.7,18720.5,18549.3,18653.8,7599136.0
hd,1605916800000,18653.7,18865.0,18616.8,18861.7,5986580.0
hd,1605920400000,18861.7,18915.0,18771.4,18830.0,6732254.0
hd,1605924000000,18827.2,18964.0,18678.5,18744.4,9753678.0
hd,1605927600000,18744.4,18805.5,18630.0,18657.5,7708952.0
hd,1605931200000,18657.5,18657.6,18450.1,18578.4,10680804.0
hd,1605934800000,18578.3,18676.0,18551.5,18648.5,4055892.0
hd,1605938400000,18648.4,18732.3,18610.0,18629.6,4494758.0
hd,1605942000000,18630.5,18734.8,18614.1,18667.7,3230908.0
hd,1605945600000,18670.5,18779.4,18670.5,18779.4,4093770.0
hd,1605949200000,18779.4,18782.2,18555.6,18616.0,4782470.0
hd,1605952800000,18615.9,18695.8,18576.9,18596.3,3147656.0
hd,1605956400000,18596.4,18647.7,18503.6,18541.9,5615768.0
hd,1605960000000,18541.8,18718.8,18328.1,18645.4,12173918.0
hd,1605963600000,18645.5,18845.0,18645.5,18810.4,6833954.0
hd,1605967200000,18810.4,18819.9,18651.5,18750.3,7226802.0
hd,1605970800000,18750.2,18850.0,18662.9,18806.0,7677398.0
hd,1605974400000,18806.0,18925.8,18682.2,18743.6,12975580.0
hd,1605978000000,18743.7,18784.6,18664.8,18771.9,4952936.0
hd,1605981600000,18771.9,18806.4,18727.9,18755.9,2806084.0
hd,1605985200000,18755.8,18782.7,18585.4,18707.3,4562072.0
hd,1605988800000,18707.2,18707.3,18604.2,18675.6,2976924.0
hd,1605992400000,18675.5,18720.0,18602.2,18674.2,1642368.0
hd,1605996000000,18674.2,18674.2,18540.0,18656.6,2950482.0
hd,1605999600000,18656.7,18771.0,18639.5,18724.6,2606026.0
hd,1606003200000,18724.5,18777.4,18533.9,18576.6,5161606.0
hd,1606006800000,18576.6,18632.2,18390.0,18498.0,9318320.0
hd,1606010400000,18497.9,18617.6,18463.2,18599.6,4697154.0
hd,1606014000000,18599.7,18610.5,18516.2,18578.1,2897142.0
hd,1606017600000,18578.1,18625.0,18458.4,18612.4,4644856.0
hd,1606021200000,18612.4,18612.4,18513.1,18536.8,2651464.0
hd,1606024800000,18536.9,18607.7,18426.0,18505.7,5248690.0
hd,1606028400000,18505.7,18526.6,18311.9,18520.1,8551328.0
hd,1606032000000,18520.1,18521.6,18239.1,18256.0,8650886.0
hd,1606035600000,18255.9,18444.9,18220.0,18403.2,9235874.0
hd,1606039200000,18403.3,18403.3,18115.0,18232.2,9083626.0
hd,1606042800000,18231.6,18265.2,17680.6,17935.9,26251958.0
hd,1606046400000,17935.8,18168.8,17869.9,18128.3,13947888.0
hd,1606050000000,18129.9,18245.0,18079.4,18211.0,7254064.0
hd,1606053600000,18216.1,18319.1,18163.1,18203.4,5615792.0
hd,1606057200000,18203.4,18341.4,18203.4,18310.0,4191976.0
hd,1606060800000,18309.0,18612.8,18281.9,18560.1,9848012.0
hd,1606064400000,18564.8,18592.0,18477.0,18506.4,5476058.0
hd,1606068000000,18506.3,18650.0,18495.2,18529.2,4248974.0
hd,1606071600000,18529.3,18613.1,18502.4,18597.8,3026320.0
hd,1606075200000,18599.0,18718.0,18535.0,18578.7,4497328.0
hd,1606078800000,18575.4,18632.7,18514.9,18590.6,2266672.0
hd,1606082400000,18590.6,18673.0,18550.0,18644.2,1780802.0
hd,1606086000000,18644.2,18649.9,18399.6,18435.8,9827642.0
hd,1606089600000,18435.9,18538.9,18123.0,18166.7,14034894.0
hd,1606093200000,18166.7,18292.7,18034.3,18239.5,13673772.0
hd,1606096800000,18239.6,18360.0,18215.7,18242.8,5588932.0
hd,1606100400000,18240.2,18451.0,18209.9,18389.3,7741166.0
hd,1606104000000,18389.2,18530.0,18357.9,18478.9,6299440.0
hd,1606107600000,18478.9,18530.0,18405.2,18458.2,4910878.0
hd,1606111200000,18458.3,18555.9,18328.6,18548.5,6378154.0
hd,1606114800000,18553.4,18580.0,18450.0,18480.3,6018124.0
hd,1606118400000,18474.9,18678.6,18474.9,18595.9,8181038.0
hd,1606122000000,18595.9,18680.0,18559.6,18664.6,5022836.0
hd,1606125600000,18664.5,18780.0,18664.2,18764.1,8096256.0
hd,1606129200000,18764.6,18766.9,18573.9,18602.3,8387790.0
hd,1606132800000,18602.3,18666.0,18509.1,18645.6,6810378.0
hd,1606136400000,18645.5,18679.0,18363.9,18626.8,13872086.0
hd,1606140000000,18626.8,18723.6,18517.1,18551.0,11579076.0
hd,1606143600000,18550.2,18578.9,18263.0,18300.0,17723622.0
hd,1606147200000,18300.0,18443.2,18170.5,18408.1,12987994.0
hd,1606150800000,18408.1,18492.1,18360.1,18377.1,4498388.0
hd,1606154400000,18380.0,18444.0,18308.5,18383.4,3364580.0
hd,1606158000000,18377.9,18476.3,18332.2,18464.5,2399670.0
hd,1606161600000,18464.5,18508.2,18375.1,18400.1,2779562.0
hd,1606165200000,18400.1,18478.7,18347.6,18430.3,2883380.0
hd,1606168800000,18430.3,18493.9,18386.0,18433.1,1289682.0
hd,1606172400000,18435.0,18455.6,18283.7,18394.6,4677868.0
hd,1606176000000,18390.9,18393.0,18238.0,18388.5,5330400.0
hd,1606179600000,18388.6,18561.0,18362.2,18498.6,7047528.0
hd,1606183200000,18498.5,18510.5,18370.8,18373.5,4732506.0
hd,1606186800000,18370.3,18434.3,18350.0,18379.8,3593736.0
hd,1606190400000,18379.7,18473.0,18310.5,18468.4,4561954.0
hd,1606194000000,18468.5,18468.5,18330.0,18359.0,4386696.0
hd,1606197600000,18358.9,18420.0,18044.0,18419.8,11538346.0
hd,1606201200000,18419.8,18472.0,18383.4,18386.1,4558172.0
hd,1606204800000,18386.2,18638.6,18386.2,18638.5,7314946.0
hd,1606208400000,18638.6,19107.7,18581.0,18997.0,29027172.0
hd,1606212000000,18997.0,19123.0,18701.1,18907.4,22856836.0
hd,1606215600000,18910.1,19073.4,18850.0,19064.3,8676544.0
hd,1606219200000,19064.2,19244.9,18980.0,19154.2,14596506.0
hd,1606222800000,19154.3,19300.0,19091.2,19161.9,11448180.0
hd,1606226400000,19161.9,19358.0,19100.2,19354.8,8631684.0
hd,1606230000000,19354.9,19389.7,19242.4,19342.6,8447844.0
hd,1606233600000,19340.1,19410.3,19113.5,19296.7,12968972.0
hd,1606237200000,19295.9,19337.1,19155.0,19204.9,5390628.0
hd,1606240800000,19209.5,19267.2,19162.5,19258.2,4182234.0
hd,1606244400000,19258.2,19290.6,19181.0,19181.0,2378650.0
hd,1606248000000,19177.6,19260.0,18991.4,19074.9,9868272.0
hd,1606251600000,19089.0,19136.0,18876.0,18959.2,7141452.0
hd,1606255200000,18959.2,19148.9,18883.0,19146.1,2701780.0
hd,1606258800000,19145.0,19218.6,19105.0,19180.5,5415220.0
hd,1606262400000,19184.3,19237.1,19143.8,19181.0,4103128.0
hd,1606266000000,19181.0,19231.9,19088.8,19117.5,3062956.0
hd,1606269600000,19119.1,19119.1,18915.4,18991.8,6807908.0
hd,1606273200000,18991.8,19068.9,18768.2,18840.0,10842308.0
hd,1606276800000,18840.1,18943.5,18701.0,18723.7,9275392.0
hd,1606280400000,18723.6,18909.2,18656.0,18901.7,8152290.0
hd,1606284000000,18901.6,18959.8,18876.0,18914.4,3977872.0
hd,1606287600000,18914.4,19061.0,18854.6,18996.0,4597368.0
hd,1606291200000,18996.0,19232.0,18996.0,19140.1,6898172.0
hd,1606294800000,19140.0,19180.0,19081.0,19180.0,3696786.0
hd,1606298400000,19181.1,19364.0,19176.0,19309.4,6707084.0
hd,1606302000000,19309.4,19378.2,19280.0,19313.3,5359144.0
hd,1606305600000,19313.3,19337.6,19186.0,19316.3,5062346.0
hd,1606309200000,19314.9,19542.9,19110.0,19217.1,18455088.0
hd,1606312800000,19217.1,19366.5,19132.0,19288.9,12827866.0
hd,1606316400000,19288.5,19336.1,19137.8,19146.2,6530240.0
hd,1606320000000,19146.3,19212.0,18866.0,18994.1,18691654.0
hd,1606323600000,18997.0,19071.6,18836.0,19071.6,7666552.0
hd,1606327200000,19073.7,19139.4,19046.7,19068.0,5030682.0
hd,1606330800000,19068.0,19131.9,18917.5,19002.4,5475064.0
hd,1606334400000,18999.1,19105.2,18753.9,18920.9,11520116.0
hd,1606338000000,18920.9,19046.2,18829.8,18890.2,7290866.0
hd,1606341600000,18890.2,18945.1,18711.0,18775.0,7665612.0
hd,1606345200000,18771.4,18869.4,18520.0,18744.6,15751756.0
hd,1606348800000,18739.0,18932.3,18633.0,18881.4,9405414.0
hd,1606352400000,18881.4,18900.0,18762.7,18812.8,5314372.0
hd,1606356000000,18812.8,18817.0,18383.8,18430.2,21676286.0
hd,1606359600000,18429.8,18429.8,17151.5,17934.9,55787538.0
hd,1606363200000,17934.9,18104.9,17605.5,17783.2,29795256.0
hd,1606366800000,17786.9,17944.1,17709.1,17938.8,11818474.0
hd,1606370400000,17938.8,18019.5,17840.0,17964.5,8327730.0
hd,1606374000000,17964.5,17964.5,17510.0,17653.2,17307138.0
hd,1606377600000,17653.2,17653.2,16339.9,16897.5,68128814.0
hd,1606381200000,16899.7,17144.0,16707.0,17069.1,25960964.0
hd,1606384800000,17069.1,17314.7,17069.0,17288.7,13558514.0
hd,1606388400000,17288.8,17419.0,16933.4,17110.2,15242572.0
hd,1606392000000,17110.2,17399.0,16996.0,17384.5,12824642.0
hd,1606395600000,17384.5,17407.6,17056.1,17060.3,8444918.0
hd,1606399200000,17065.4,17132.2,16741.0,16741.1,21294228.0
hd,1606402800000,16741.0,17260.0,16731.0,16913.0,20713544.0
hd,1606406400000,16914.5,17050.0,16592.7,16677.0,24094182.0
hd,1606410000000,16680.1,16743.9,16190.0,16697.9,38160510.0
hd,1606413600000,16694.3,16831.3,16504.6,16536.8,12287392.0
hd,1606417200000,16544.6,16638.6,16310.0,16528.7,15934226.0
hd,1606420800000,16528.8,17153.8,16524.8,17130.2,15929314.0
hd,1606424400000,17135.3,17288.0,17032.4,17033.2,11091248.0
hd,1606428000000,17037.5,17228.0,16981.1,17169.2,4533044.0
hd,1606431600000,17169.2,17175.0,16924.3,17151.1,7125318.0
hd,1606435200000,17151.1,17406.7,17025.7,17387.1,6955390.0
hd,1606438800000,17390.0,17455.2,17264.5,17306.4,8402154.0
hd,1606442400000,17306.5,17321.3,17068.1,17096.0,8574438.0
hd,1606446000000,17097.6,17263.6,17029.5,17084.5,8011398.0
hd,1606449600000,17084.6,17186.7,17060.0,17066.2,6388274.0
hd,1606453200000,17072.1,17334.7,17072.0,17249.1,6883308.0
hd,1606456800000,17249.1,17311.7,17170.2,17273.0,5003452.0
hd,1606460400000,17278.0,17289.4,17040.5,17099.2,6503830.0
hd,1606464000000,17101.5,17108.5,16714.5,16851.3,17037464.0
hd,1606467600000,16852.6,17216.7,16618.7,16654.3,22967194.0
hd,1606471200000,16656.1,16935.0,16652.3,16916.3,10587710.0
hd,1606474800000,16916.3,16941.0,16762.5,16798.9,6851714.0
hd,1606478400000,16794.5,17074.1,16774.6,17068.3,10987212.0
hd,1606482000000,17068.2,17079.6,16907.9,16944.1,5163248.0
hd,1606485600000,16944.1,16958.6,16726.8,16771.8,10662092.0
hd,1606489200000,16771.7,16786.7,16453.9,16509.3,14488136.0
hd,1606492800000,16509.2,16828.4,16478.7,16812.5,8678280.0
hd,1606496400000,16812.5,16812.5,16667.5,16729.0,3752422.0
hd,1606500000000,16727.8,16872.4,16691.5,16780.0,3336482.0
hd,1606503600000,16779.9,16847.3,16732.5,16807.1,2535712.0
hd,1606507200000,16804.1,17128.6,16753.1,17072.5,6882168.0
hd,1606510800000,17068.3,17081.9,16915.1,17001.0,3911656.0
hd,1606514400000,17000.0,17050.4,16918.1,16963.9,1463108.0
hd,1606518000000,16960.8,17150.0,16960.8,17135.0,4554726.0
hd,1606521600000,17136.4,17167.9,16982.5,17149.1,4806210.0
hd,1606525200000,17149.2,17187.9,17050.3,17132.9,5483104.0
hd,1606528800000,17132.9,17133.0,16990.0,16990.0,4259624.0
hd,1606532400000,16990.1,17014.1,16933.0,16991.5,3988296.0
hd,1606536000000,16991.4,17031.2,16893.0,16963.8,3393934.0
hd,1606539600000,16963.7,16980.0,16872.9,16976.7,2968022.0
hd,1606543200000,16977.7,17040.1,16968.5,17015.0,2548958.0
hd,1606546800000,17015.0,17061.8,16995.8,17013.0,3374974.0
hd,1606550400000,17013.1,17045.0,16875.0,16885.1,3890498.0
hd,1606554000000,16885.1,16968.6,16885.1,16913.2,2502426.0
hd,1606557600000,16915.8,17248.0,16886.8,17189.5,7727748.0
hd,1606561200000,17189.5,17191.3,17118.9,17161.6,3548730.0
hd,1606564800000,17160.0,17216.0,17075.0,17130.0,4372006.0
hd,1606568400000,17130.0,17355.0,17085.0,17349.4,6907218.0
hd,1606572000000,17349.3,17380.0,17267.1,17334.0,5150400.0
hd,1606575600000,17333.9,17506.2,17333.9,17505.0,6338654.0
hd,1606579200000,17505.0,17764.1,17505.0,17705.0,11636552.0
hd,1606582800000,17705.0,17745.0,17596.0,17736.9,5193034.0
hd,1606586400000,17736.9,17756.8,17646.7,17724.7,4124902.0
hd,1606590000000,17724.8,17834.9,17675.4,17812.6,3425596.0
hd,1606593600000,17812.6,17875.0,17672.0,17672.4,5703498.0
hd,1606597200000,17672.4,17742.6,17663.0,17742.5,2423234.0
hd,1606600800000,17739.3,17839.3,17626.3,17755.1,2662842.0
hd,1606604400000,17755.1,17797.2,17661.2,17715.3,3373686.0
hd,1606608000000,17713.9,17758.5,17535.1,17642.1,5755254.0
hd,1606611600000,17642.2,17650.0,17519.6,17578.5,3931986.0
hd,1606615200000,17578.4,17744.5,17543.6,17740.1,4203578.0
hd,1606618800000,17740.2,17884.0,17726.4,17865.4,4676918.0
hd,1606622400000,17865.4,17865.5,17760.1,17760.4,2934840.0
hd,1606626000000,17760.5,17832.2,17748.1,17788.1,1973936.0
hd,1606629600000,17788.0,17788.0,17705.0,17727.2,3021486.0
hd,1606633200000,17727.2,17840.0,17668.2,17813.3,3794724.0
hd,1606636800000,17810.9,18147.2,17807.8,18137.0,11121486.0
hd,1606640400000,18137.0,18209.5,18052.2,18099.0,6740378.0
hd,1606644000000,18099.6,18216.0,18041.0,18185.7,5605872.0
hd,1606647600000,18185.0,18234.9,18005.0,18089.9,8229312.0
hd,1606651200000,18089.9,18128.0,17920.0,18026.1,7283008.0
hd,1606654800000,18026.0,18113.0,18005.3,18088.2,5797786.0
hd,1606658400000,18088.2,18182.0,18024.4,18036.1,5814914.0
hd,1606662000000,18036.2,18134.8,17963.0,18111.2,5078432.0
hd,1606665600000,18111.3,18139.9,17921.0,18088.5,7539130.0
hd,1606669200000,18088.5,18137.3,18050.8,18094.2,3817744.0
hd,1606672800000,18094.2,18123.5,18045.8,18115.0,1985728.0
hd,1606676400000,18118.2,18124.9,18007.7,18037.0,1447110.0
hd,1606680000000,18039.7,18217.2,18030.4,18202.7,3134180.0
hd,1606683600000,18202.6,18345.0,18202.6,18251.1,5026010.0
hd,1606687200000,18253.2,18262.4,18060.8,18137.8,4546890.0
hd,1606690800000,18137.8,18225.5,18116.3,18180.5,5449712.0
hd,1606694400000,18182.3,18476.1,18182.3,18432.4,9889838.0
hd,1606698000000,18432.4,18557.1,18360.4,18474.9,5852072.0
hd,1606701600000,18474.9,18537.5,18436.3,18502.4,5051262.0
hd,1606705200000,18502.3,18578.7,18435.8,18574.9,5562834.0
hd,1606708800000,18575.0,18621.4,18458.0,18515.1,4632214.0
hd,1606712400000,18515.2,18618.7,18477.6,18526.0,5004294.0
hd,1606716000000,18526.1,18562.4,18493.0,18527.6,2737510.0
hd,1606719600000,18527.6,18679.3,18524.8,18621.1,6452320.0
hd,1606723200000,18621.1,18621.1,18383.4,18462.0,10158514.0
hd,1606726800000,18462.0,18510.1,18300.0,18471.0,8022878.0
hd,1606730400000,18470.9,18587.7,18451.0,18500.6,4455570.0
hd,1606734000000,18503.5,18662.5,18503.5,18603.1,6153922.0
hd,1606737600000,18603.0,18838.0,18603.0,18832.9,9579916.0
hd,1606741200000,18832.9,19217.6,18780.0,19142.7,19442698.0
hd,1606744800000,19142.7,19850.0,19142.7,19545.9,40538516.0
hd,1606748400000,19549.7,19920.0,19229.6,19332.2,43913908.0
hd,1606752000000,19332.1,19600.0,19151.7,19218.2,24288196.0
hd,1606755600000,19218.2,19491.4,19042.5,19411.2,17219214.0
hd,1606759200000,19411.1,19488.5,19180.0,19197.2,9592666.0
hd,1606762800000,19197.3,19324.8,19116.1,19265.6,6783120.0
hd,1606766400000,19265.6,19500.0,19186.0,19441.0,6772988.0
hd,1606770000000,19441.0,19540.5,19340.8,19387.7,4327754.0
hd,1606773600000,19387.6,19516.9,19267.3,19516.9,2217618.0
hd,1606777200000,19516.9,19771.1,19468.3,19710.7,8304896.0
hd,1606780800000,19714.3,19733.5,19506.7,19587.7,10217484.0
hd,1606784400000,19587.7,19655.0,19453.6,19619.7,5326692.0
hd,1606788000000,19619.7,19725.0,19563.4,19692.3,5579116.0
hd,1606791600000,19692.3,19692.3,19350.0,19442.3,5431144.0
hd,1606795200000,19441.0,19546.9,19366.0,19371.2,8255650.0
hd,1606798800000,19371.2,19522.3,19309.8,19508.5,5581670.0
hd,1606802400000,19508.5,19537.8,19345.0,19361.8,4396956.0
hd,1606806000000,19361.8,19578.5,19324.7,19537.7,5963860.0
hd,1606809600000,19537.9,19587.0,19461.3,19480.9,5002522.0
hd,1606813200000,19480.8,19588.0,19451.0,19581.1,5324742.0
hd,1606816800000,19581.1,19839.0,19581.1,19759.9,12285724.0
hd,1606820400000,19759.9,19945.9,18926.2,19450.0,34648906.0
hd,1606824000000,19448.0,19495.4,18410.6,18580.5,43283788.0
hd,1606827600000,18580.5,18842.8,18071.0,18764.8,29538052.0
hd,1606831200000,18764.8,19373.0,18656.8,19300.0,16396550.0
hd,1606834800000,19300.6,19499.0,19180.0,19269.5,16554710.0
hd,1606838400000,19269.5,19336.0,18938.3,19065.4,16203630.0
hd,1606842000000,19065.3,19095.6,18621.9,19065.8,17318318.0
hd,1606845600000,19066.4,19074.0,18704.1,18748.9,8065574.0
hd,1606849200000,18748.9,19137.9,18731.6,19078.1,4279688.0
hd,1606852800000,19078.1,19156.3,18873.8,19033.1,3239574.0
hd,1606856400000,19033.1,19226.2,18950.0,19045.1,3193356.0
hd,1606860000000,19045.1,19164.2,18845.0,18900.0,2692660.0
hd,1606863600000,18898.4,18944.0,18737.1,18774.6,6567090.0
hd,1606867200000,18770.1,18878.8,18444.3,18834.8,9776534.0
hd,1606870800000,18833.3,18967.9,18707.1,18855.7,4566628.0
hd,1606874400000,18855.8,18855.8,18656.3,18687.0,4779798.0
hd,1606878000000,18685.0,18799.9,18515.5,18627.5,9021732.0
hd,1606881600000,18627.5,18703.1,18333.0,18552.9,12462596.0
hd,1606885200000,18549.6,18659.0,18472.0,18658.5,5135472.0
hd,1606888800000,18658.5,18950.0,18633.2,18920.5,9078002.0
hd,1606892400000,18920.4,19137.5,18820.0,19126.4,9284870.0
hd,1606896000000,19126.4,19343.5,19060.0,19204.0,11809698.0
hd,1606899600000,19203.9,19329.8,19031.0,19040.4,10648304.0
hd,1606903200000,19043.2,19203.5,18990.8,19108.7,7270260.0
hd,1606906800000,19108.6,19205.2,19030.0,19132.1,7280658.0
hd,1606910400000,19128.2,19128.2,18790.7,18940.1,14406124.0
hd,1606914000000,18945.1,19260.1,18925.0,19132.8,11429960.0
hd,1606917600000,19132.8,19179.0,18852.0,18923.0,9868420.0
hd,1606921200000,18923.0,18995.0,18740.0,18896.4,10302846.0
hd,1606924800000,18897.6,19021.2,18780.1,18866.4,6741358.0
hd,1606928400000,18866.4,18998.0,18820.0,18975.9,3968096.0
hd,1606932000000,18975.9,19067.6,18948.8,19011.3,3688524.0
hd,1606935600000,19016.0,19134.4,18973.6,19105.1,3326968.0
hd,1606939200000,19105.2,19158.0,19053.5,19089.4,3387644.0
hd,1606942800000,19089.4,19174.8,19052.5,19147.8,2868448.0
hd,1606946400000,19147.9,19236.0,19096.1,19116.5,1770642.0
hd,1606950000000,19116.4,19270.0,19091.1,19204.2,4370000.0
hd,1606953600000,19203.7,19297.5,19158.7,19183.2,4705272.0
hd,1606957200000,19183.1,19183.2,18949.1,19018.0,7023634.0
hd,1606960800000,19018.0,19092.9,18950.1,19044.1,5221486.0
hd,1606964400000,19044.1,19182.7,19020.0,19091.5,4302680.0
hd,1606968000000,19091.5,19124.0,19030.0,19047.9,2631890.0
hd,1606971600000,19047.9,19118.5,18874.0,18927.9,5700702.0
hd,1606975200000,18927.9,19013.0,18888.8,18974.5,4082098.0
hd,1606978800000,18975.2,19257.3,18920.0,19208.0,7799866.0
hd,1606982400000,19208.0,19465.6,19169.9,19397.5,10412756.0
hd,1606986000000,19394.1,19434.3,19100.0,19369.9,10371812.0
hd,1606989600000,19370.0,19443.1,19249.0,19368.0,5632678.0
hd,1606993200000,19368.0,19469.6,19300.0,19410.8,6491592.0
hd,1606996800000,19408.6,19436.0,19250.0,19327.2,6382582.0
hd,1607000400000,19327.2,19385.0,19261.4,19291.8,3599108.0
hd,1607004000000,19290.0,19407.7,19281.9,19350.7,2986910.0
hd,1607007600000,19350.8,19555.0,19303.8,19544.2,5083582.0
hd,1607011200000,19544.3,19614.3,19260.0,19364.0,11650928.0
hd,1607014800000,19363.0,19386.6,19203.4,19299.5,5599868.0
hd,1607018400000,19299.6,19400.0,19299.6,19375.9,2036054.0
hd,1607022000000,19376.0,19419.3,19333.6,19413.3,1727230.0
hd,1607025600000,19412.3,19434.9,19306.0,19367.3,2051914.0
hd,1607029200000,19365.2,19458.0,19328.7,19445.2,1382690.0
hd,1607032800000,19445.2,19476.5,19404.1,19456.1,587002.0
hd,1607036400000,19456.1,19539.0,19413.0,19426.6,2862430.0
hd,1607040000000,19426.5,19519.7,19384.0,19454.2,2817952.0
hd,1607043600000,19454.2,19477.1,19319.5,19326.0,3376904.0
hd,1607047200000,19325.9,19367.6,19250.4,19263.0,3522662.0
hd,1607050800000,19263.0,19319.4,19118.3,19173.2,6078250.0
hd,1607054400000,19173.1,19318.0,19133.0,19289.0,3548462.0
hd,1607058000000,19289.0,19313.0,19202.0,19204.8,2757972.0
hd,1607061600000,19204.8,19356.0,19204.8,19312.2,3075384.0
hd,1607065200000,19312.2,19334.4,19242.8,19285.0,3034980.0
hd,1607068800000,19283.2,19440.5,19283.1,19388.5,5000080.0
hd,1607072400000,19388.4,19403.4,19320.0,19360.2,2987232.0
hd,1607076000000,19360.2,19360.2,18879.0,18984.8,21632180.0
hd,1607079600000,18984.8,19077.5,18770.0,18837.6,11566216.0
hd,1607083200000,18843.6,19032.1,18685.3,19020.9,17723394.0
hd,1607086800000,19020.8,19028.2,18915.3,19005.5,3830322.0
hd,1607090400000,19005.4,19150.0,18923.0,19049.5,7500822.0
hd,1607094000000,19049.4,19070.2,18943.0,18955.1,4282274.0
hd,1607097600000,18955.0,18992.4,18820.0,18982.0,6650358.0
hd,1607101200000,18982.0,19035.9,18939.8,18973.0,2705040.0
hd,1607104800000,18973.0,19076.1,18932.9,19055.1,2121814.0
hd,1607108400000,19053.5,19060.8,19002.1,19042.9,1017964.0
hd,1607112000000,19043.0,19043.0,18881.0,18969.0,1928900.0
hd,1607115600000,18969.0,18990.5,18738.7,18820.0,3128686.0
hd,1607119200000,18820.1,18878.1,18562.4,18670.0,5978318.0
hd,1607122800000,18670.0,18839.8,18611.9,18666.5,4823512.0
hd,1607126400000,18666.0,18787.0,18511.0,18764.4,6652648.0
hd,1607130000000,18764.5,18817.4,18640.1,18650.4,3933270.0
hd,1607133600000,18650.4,18848.2,18650.4,18790.1,3464634.0
hd,1607137200000,18790.2,18875.7,18742.0,18817.0,3409818.0
hd,1607140800000,18816.9,18929.3,18801.1,18863.0,2976024.0
hd,1607144400000,18862.0,18971.6,18842.3,18954.0,3287108.0
hd,1607148000000,18954.0,18988.0,18902.0,18961.0,3201320.0
hd,1607151600000,18961.0,18980.8,18893.4,18910.1,3000502.0
hd,1607155200000,18910.1,19173.5,18910.1,19143.6,6407446.0
hd,1607158800000,19143.6,19153.5,19056.5,19108.2,3323898.0
hd,1607162400000,19108.1,19128.0,19035.6,19115.2,2522696.0
hd,1607166000000,19115.2,19121.3,18967.0,19015.2,5091842.0
hd,1607169600000,19015.2,19067.0,18969.0,19058.9,2730122.0
hd,1607173200000,19059.0,19060.0,18951.0,18987.9,2693594.0
hd,1607176800000,18987.9,19077.6,18971.0,19072.1,2564950.0
hd,1607180400000,19072.2,19144.6,19035.7,19104.5,2953322.0
hd,1607184000000,19104.5,19147.8,19046.5,19084.1,2547526.0
hd,1607187600000,19084.1,19113.8,19023.0,19113.8,1372326.0
hd,1607191200000,19113.7,19134.3,19083.9,19108.3,1461342.0
hd,1607194800000,19108.4,19166.2,19073.2,19104.6,1733058.0
hd,1607198400000,19106.1,19128.8,18999.2,19047.7,1524206.0
hd,1607202000000,19047.7,19097.4,18997.5,18997.6,1491404.0
hd,1607205600000,18999.8,19040.0,18979.0,19012.0,844930.0
hd,1607209200000,19012.9,19154.7,19012.9,19135.2,2188678.0
hd,1607212800000,19135.2,19273.7,19130.0,19267.4,5866936.0
hd,1607216400000,19267.4,19344.0,19229.0,19258.0,4530028.0
hd,1607220000000,19258.0,19280.8,19205.6,19230.0,2860478.0
hd,1607223600000,19230.1,19242.8,19148.2,19186.0,3265170.0
hd,1607227200000,19186.0,19231.3,19161.1,19189.0,1491630.0
hd,1607230800000,19188.9,19207.0,19115.0,19156.0,2555160.0
hd,1607234400000,19155.0,19216.0,19137.0,19181.0,2154390.0
hd,1607238000000,19180.9,19252.9,19174.0,19224.8,1741700.0
hd,1607241600000,19224.9,19241.2,19009.1,19023.3,5378294.0
hd,1607245200000,19023.2,19078.0,18943.1,19040.9,4311854.0
hd,1607248800000,19040.9,19059.0,18961.6,19044.6,2821548.0
hd,1607252400000,19044.6,19104.6,18967.0,19095.4,2869550.0
hd,1607256000000,19095.3,19095.4,18967.0,18985.1,2761562.0
hd,1607259600000,18985.1,19021.3,18860.0,18957.0,5204680.0
hd,1607263200000,18957.0,19125.1,18933.5,19110.0,5478400.0
hd,1607266800000,19110.0,19156.0,19102.2,19115.0,3030274.0
hd,1607270400000,19115.0,19207.5,19009.1,19099.0,6849866.0
hd,1607274000000,19099.2,19175.7,19064.4,19126.4,1933144.0
hd,1607277600000,19126.4,19167.0,19097.0,19105.3,974966.0
hd,1607281200000,19105.3,19147.0,19075.2,19133.9,1017012.0
hd,1607284800000,19133.9,19180.0,19125.1,19168.7,970702.0
hd,1607288400000,19167.0,19239.0,19119.1,19238.4,1768078.0
hd,1607292000000,19238.4,19250.0,19054.8,19130.9,1957050.0
hd,1607295600000,19130.5,19423.0,19130.4,19354.8,7156348.0
hd,1607299200000,19354.6,19419.2,19287.0,19320.6,4198148.0
hd,1607302800000,19320.6,19346.8,19222.8,19291.7,4177904.0
hd,1607306400000,19291.7,19305.0,19165.0,19200.1,4052126.0
hd,1607310000000,19200.1,19278.6,19160.0,19275.1,3262766.0
hd,1607313600000,19275.0,19299.8,19230.3,19277.9,2000126.0
hd,1607317200000,19277.9,19299.0,19239.6,19244.0,1959644.0
hd,1607320800000,19244.0,19349.8,19237.2,19294.1,3418640.0
hd,1607324400000,19294.1,19390.0,19291.2,19357.3,2986866.0
hd,1607328000000,19357.3,19357.4,19215.2,19255.1,5512256.0
hd,1607331600000,19255.1,19255.1,19180.0,19210.7,4599418.0
hd,1607335200000,19210.6,19257.0,19180.0,19194.1,3099320.0
hd,1607338800000,19194.1,19235.5,19101.0,19114.7,5153658.0
hd,1607342400000,19114.8,19239.0,19100.0,19235.9,4749784.0
hd,1607346000000,19236.0,19259.1,19186.0,19195.0,2505792.0
hd,1607349600000,19195.0,19235.8,19104.0,19199.0,5722358.0
hd,1607353200000,19199.0,19257.7,19173.6,19209.2,3408412.0
hd,1607356800000,19209.1,19240.5,19170.2,19193.2,3792550.0
hd,1607360400000,19193.2,19208.0,19142.6,19164.0,1589406.0
hd,1607364000000,19163.9,19191.0,18908.4,18943.9,9628470.0
hd,1607367600000,18943.9,19039.1,18922.0,18976.5,4244690.0
hd,1607371200000,18976.4,19054.9,18947.0,19052.0,2506104.0
hd,1607374800000,19052.0,19115.6,19015.8,19079.5,1831124.0
hd,1607378400000,19079.6,19117.9,19068.0,19114.5,591580.0
hd,1607382000000,19114.5,19217.0,19076.3,19158.9,3747820.0
hd,1607385600000,19159.0,19224.2,19135.0,19221.6,2597498.0
hd,1607389200000,19221.5,19231.4,19150.0,19213.0,2751528.0
hd,1607392800000,19212.0,19212.1,19160.3,19178.0,2252156.0
hd,1607396400000,19178.0,19188.0,19130.7,19156.3,2248354.0
hd,1607400000000,19156.3,19207.0,19156.3,19179.0,2047432.0
hd,1607403600000,19179.8,19296.9,19179.8,19296.9,2495502.0
hd,1607407200000,19297.0,19300.0,19090.0,19155.8,8232892.0
hd,1607410800000,19155.9,19188.0,19138.8,19149.3,1946272.0
hd,1607414400000,19149.3,19166.0,19020.0,19074.9,5941348.0
hd,1607418000000,19074.9,19101.0,18688.0,18797.1,16896246.0
hd,1607421600000,18797.2,18875.0,18713.1,18818.6,7824234.0
hd,1607425200000,18818.5,18868.7,18730.0,18772.8,6377320.0
hd,1607428800000,18772.3,18855.0,18611.2,18727.2,15712146.0
hd,1607432400000,18727.2,18930.0,18727.1,18916.8,9345638.0
hd,1607436000000,18917.1,18965.0,18856.2,18857.5,5285870.0
hd,1607439600000,18857.6,18905.3,18781.6,18808.8,4633794.0
hd,1607443200000,18808.8,18898.6,18751.2,18828.7,6225306.0
hd,1607446800000,18828.7,18929.0,18818.4,18923.0,2579206.0
hd,1607450400000,18923.1,18923.1,18821.6,18827.4,1913974.0
hd,1607454000000,18827.4,18885.2,18787.0,18789.6,1505886.0
hd,1607457600000,18789.6,18841.4,18672.0,18744.1,4411194.0
hd,1607461200000,18744.0,18820.3,18697.0,18775.5,3270290.0
hd,1607464800000,18775.5,18834.5,18326.3,18327.0,6810578.0
hd,1607468400000,18326.0,18444.8,18162.3,18328.8,20659466.0
hd,1607472000000,18328.0,18380.0,18150.0,18185.4,13428336.0
hd,1607475600000,18185.4,18320.0,18030.3,18218.2,15456526.0
hd,1607479200000,18218.2,18318.7,18155.4,18275.8,6662188.0
hd,1607482800000,18275.8,18303.8,18217.3,18296.9,4056062.0
hd,1607486400000,18296.3,18297.2,18131.1,18169.5,3701488.0
hd,1607490000000,18169.5,18244.0,18068.0,18209.6,8529292.0
hd,1607493600000,18209.6,18280.0,18160.0,18214.7,6094922.0
hd,1607497200000,18214.6,18243.6,17885.7,17944.7,13483592.0
hd,1607500800000,17944.8,18052.2,17660.0,17952.1,28306900.0
hd,1607504400000,17952.1,18100.0,17923.3,18044.8,12785070.0
hd,1607508000000,18044.7,18235.0,17986.5,18221.4,10957348.0
hd,1607511600000,18221.5,18367.0,18175.2,18240.1,9232310.0
hd,1607515200000,18240.1,18362.1,18208.4,18228.9,5102912.0
hd,1607518800000,18228.1,18475.1,18165.7,18472.0,11106644.0
hd,1607522400000,18471.9,18516.1,18413.6,18445.3,8668126.0
hd,1607526000000,18445.4,18456.0,18290.0,18335.2,6966316.0
hd,1607529600000,18336.0,18382.0,18250.5,18382.0,5602038.0
hd,1607533200000,18382.0,18430.0,18292.0,18297.8,4572144.0
hd,1607536800000,18299.3,18337.2,18154.7,18194.3,4478266.0
hd,1607540400000,18194.3,18277.1,18194.3,18250.3,2368876.0
hd,1607544000000,18250.3,18365.1,18200.0,18333.2,4309532.0
hd,1607547600000,18332.8,18543.8,18316.0,18511.9,3570036.0
hd,1607551200000,18511.8,18600.0,18481.7,18543.5,2580282.0
hd,1607554800000,18543.5,18628.4,18520.8,18537.1,3832660.0
hd,1607558400000,18537.0,18537.0,18409.8,18428.7,4273800.0
hd,1607562000000,18428.6,18492.0,18314.5,18422.9,5520146.0
hd,1607565600000,18423.0,18472.8,18352.9,18390.6,2968634.0
hd,1607569200000,18390.7,18468.5,18350.0,18398.4,3198082.0
hd,1607572800000,18398.6,18477.4,18381.4,18409.2,3633252.0
hd,1607576400000,18409.1,18409.2,18299.2,18366.8,4206872.0
hd,1607580000000,18366.8,18427.1,18283.9,18295.4,5357522.0
hd,1607583600000,18295.4,18376.6,18288.0,18331.0,2688852.0
hd,1607587200000,18330.9,18459.4,18318.4,18427.2,3980796.0
hd,1607590800000,18427.2,18467.4,18220.0,18237.6,7678452.0
hd,1607594400000,18237.6,18274.9,18118.5,18145.4,8922218.0
hd,1607598000000,18145.4,18252.2,18122.0,18191.6,5171658.0
hd,1607601600000,18191.6,18280.0,18167.2,18214.5,3583910.0
hd,1607605200000,18214.4,18247.4,18050.0,18234.2,10127796.0
hd,1607608800000,18234.1,18249.0,18054.8,18087.1,7920090.0
hd,1607612400000,18087.1,18159.7,17914.3,18132.1,14298806.0
hd,1607616000000,18132.1,18225.7,18096.6,18170.9,6718834.0
hd,1607619600000,18170.9,18212.8,18081.6,18207.6,3520828.0
hd,1607623200000,18207.6,18300.0,18196.8,18267.9,3772920.0
hd,1607626800000,18267.8,18399.0,18218.4,18390.4,4761766.0
hd,1607630400000,18390.4,18422.0,18335.8,18360.0,3793890.0
hd,1607634000000,18360.1,18393.8,18307.6,18339.1,1958612.0
hd,1607637600000,18339.0,18389.8,18296.8,18319.1,1247528.0
hd,1607641200000,18319.1,18371.0,18220.0,18247.2,2858084.0
hd,1607644800000,18247.2,18285.7,17938.4,18010.6,9135642.0
hd,1607648400000,18010.1,18067.1,17795.0,17897.8,14471190.0
hd,1607652000000,17897.9,18034.8,17805.2,17808.3,8272170.0
hd,1607655600000,17808.3,17986.4,17715.5,17983.9,10006034.0
hd,1607659200000,17983.8,18030.0,17922.8,17960.9,4691448.0
hd,1607662800000,17960.9,18010.4,17835.5,17899.9,5022956.0
hd,1607666400000,17899.9,17963.9,17819.4,17917.3,4533564.0
hd,1607670000000,17917.4,17936.6,17700.1,17810.1,11312040.0
hd,1607673600000,17810.1,17990.0,17810.0,17893.0,10904150.0
hd,1607677200000,17893.2,17900.8,17738.0,17808.1,8652318.0
hd,1607680800000,17808.1,17864.9,17575.1,17758.6,15828242.0
hd,1607684400000,17758.5,17758.6,17602.8,17657.1,11048854.0
hd,1607688000000,17657.0,17906.3,17627.9,17860.7,13209736.0
hd,1607691600000,17860.7,17981.5,17828.7,17965.5,10490972.0
hd,1607695200000,17965.5,18064.0,17886.8,18049.6,8852292.0
hd,1607698800000,18049.6,18130.0,18018.2,18092.1,8236106.0
hd,1607702400000,18092.2,18092.2,17943.9,17971.1,5700596.0
hd,1607706000000,17971.2,18000.0,17866.6,17983.0,5296662.0
hd,1607709600000,17982.6,18038.0,17936.9,18030.2,3302906.0
hd,1607713200000,18030.3,18080.6,17956.0,17967.6,3105896.0
hd,1607716800000,17967.6,18048.2,17918.6,17975.1,3095008.0
hd,1607720400000,17975.1,18115.8,17943.8,18086.4,3295094.0
hd,1607724000000,18086.4,18166.5,18051.1,18112.3,2483944.0
hd,1607727600000,18112.3,18131.1,18009.2,18024.4,3288154.0
hd,1607731200000,18024.6,18349.9,18024.6,18322.5,8587920.0
hd,1607734800000,18322.6,18350.0,18261.2,18269.0,4252330.0
hd,1607738400000,18269.0,18333.9,18260.6,18295.2,2950890.0
hd,1607742000000,18295.3,18318.7,18252.8,18268.6,3075432.0
hd,1607745600000,18268.5,18380.8,18246.3,18355.2,3626120.0
hd,1607749200000,18355.3,18379.6,18300.0,18304.4,2632884.0
hd,1607752800000,18304.4,18339.0,18267.8,18296.6,2586828.0
hd,1607756400000,18296.7,18380.6,18290.6,18365.3,3223816.0
hd,1607760000000,18363.5,18440.5,18320.0,18360.7,6989584.0
hd,1607763600000,18360.7,18455.2,18335.6,18411.9,7313224.0
hd,1607767200000,18411.9,18436.0,18363.1,18371.3,4465828.0
hd,1607770800000,18371.2,18490.0,18360.6,18488.5,4628814.0
hd,1607774400000,18488.6,18498.0,18414.5,18430.9,4835034.0
hd,1607778000000,18430.9,18432.0,18381.6,18389.2,2845120.0
hd,1607781600000,18389.2,18456.2,18310.7,18371.5,5996360.0
hd,1607785200000,18371.5,18429.8,18319.2,18389.1,3420968.0
hd,1607788800000,18389.0,18425.0,18354.0,18380.9,4260464.0
hd,1607792400000,18380.8,18498.0,18369.8,18464.3,3369398.0
hd,1607796000000,18464.3,18738.0,18464.2,18671.7,10155546.0
hd,1607799600000,18671.8,18838.4,18671.8,18786.2,5292090.0
hd,1607803200000,18787.2,18818.4,18733.0,18752.1,2501762.0
hd,1607806800000,18752.1,18816.0,18717.7,18770.1,3579886.0
hd,1607810400000,18770.1,18935.5,18741.6,18857.8,4857940.0
hd,1607814000000,18857.8,18861.6,18767.7,18791.5,3320186.0
hd,1607817600000,18791.6,18850.0,18703.8,18738.2,3694766.0
hd,1607821200000,18737.6,18783.4,18696.5,18774.4,2636810.0
hd,1607824800000,18774.3,18800.0,18732.4,18789.5,3828214.0
hd,1607828400000,18789.5,18800.0,18750.0,18772.0,2470092.0
hd,1607832000000,18772.0,18859.0,18753.8,18828.9,3675302.0
hd,1607835600000,18829.0,18911.0,18817.4,18827.0,4230660.0
hd,1607839200000,18827.0,18983.6,18827.0,18952.4,3478810.0
hd,1607842800000,18952.4,19257.6,18952.3,19213.9,15761942.0
hd,1607846400000,19213.9,19289.8,19155.3,19218.5,6704132.0
hd,1607850000000,19218.4,19285.3,19167.4,19246.9,4728344.0
hd,1607853600000,19246.8,19355.0,19238.9,19268.3,7843314.0
hd,1607857200000,19268.4,19337.7,19203.4,19299.4,5291828.0
hd,1607860800000,19299.4,19396.0,19254.4,19332.0,8865962.0
hd,1607864400000,19332.0,19399.0,19288.5,19317.6,6865550.0
hd,1607868000000,19317.6,19351.0,19275.6,19294.1,3315918.0
hd,1607871600000,19294.1,19328.6,19090.0,19212.0,11275292.0
hd,1607875200000,19212.1,19374.9,19212.0,19315.2,9405028.0
hd,1607878800000,19315.2,19317.1,19187.7,19255.6,4638660.0
hd,1607882400000,19255.6,19255.6,19166.4,19173.1,3148148.0
hd,1607886000000,19173.2,19217.1,19144.4,19179.5,2072804.0
hd,1607889600000,19179.4,19179.5,19103.1,19144.8,2974008.0
hd,1607893200000,19144.8,19206.8,19144.0,19171.2,1549000.0
hd,1607896800000,19173.1,19173.2,18972.0,19103.4,4351460.0
hd,1607900400000,19103.5,19216.7,19085.6,19166.7,3657290.0
hd,1607904000000,19166.6,19166.6,18984.6,19044.6,4158810.0
hd,1607907600000,19044.5,19097.5,19015.3,19075.2,4012418.0
hd,1607911200000,19075.7,19304.3,19043.0,19288.1,5460110.0
hd,1607914800000,19288.1,19324.6,19216.0,19242.0,5230440.0
hd,1607918400000,19242.1,19263.8,19051.6,19120.6,10228772.0
hd,1607922000000,19120.6,19120.7,19028.8,19085.5,4706456.0
hd,1607925600000,19085.5,19197.6,19084.9,19197.6,3745648.0
hd,1607929200000,19197.8,19199.8,19098.9,19150.1,3432074.0
hd,1607932800000,19150.1,19228.1,19134.9,19209.6,4005162.0
hd,1607936400000,19209.6,19240.8,19114.6,19167.6,4559798.0
hd,1607940000000,19167.6,19199.4,19050.0,19083.0,4165506.0
hd,1607943600000,19082.9,19130.0,19049.6,19093.0,3978164.0
hd,1607947200000,19093.1,19129.4,19028.0,19103.1,4118822.0
hd,1607950800000,19103.0,19177.0,19057.6,19162.6,4712676.0
hd,1607954400000,19162.7,19204.8,19078.9,19202.3,4921664.0
hd,1607958000000,19202.3,19280.6,19168.1,19190.2,7065314.0
hd,1607961600000,19190.2,19215.8,19100.0,19136.2,4642338.0
hd,1607965200000,19136.2,19147.2,19098.0,19123.2,1839458.0
hd,1607968800000,19123.3,19215.9,19123.3,19215.9,2672610.0
hd,1607972400000,19215.9,19215.9,19141.8,19161.3,1508378.0
hd,1607976000000,19161.3,19194.2,19115.4,19191.3,1372764.0
hd,1607979600000,19191.3,19200.0,19137.7,19177.3,1268176.0
hd,1607983200000,19177.3,19270.0,19171.8,19269.9,1426014.0
hd,1607986800000,19269.9,19336.6,19214.3,19252.1,4798380.0
hd,1607990400000,19252.1,19381.4,19232.9,19381.4,4678878.0
hd,1607994000000,19381.3,19480.0,19309.6,19449.5,5704436.0
hd,1607997600000,19449.6,19564.2,19436.2,19453.4,12959004.0
hd,1608001200000,19453.9,19498.0,19405.2,19471.8,6200508.0
hd,1608004800000,19471.9,19480.9,19161.4,19180.1,15049898.0
hd,1608008400000,19180.1,19244.0,19050.0,19137.5,16361850.0
hd,1608012000000,19137.5,19214.1,19102.2,19180.8,6025664.0
hd,1608015600000,19180.7,19216.2,19144.9,19186.0,4250194.0
hd,1608019200000,19186.0,19208.9,19104.4,19129.2,6288780.0
hd,1608022800000,19129.3,19194.3,19072.2,19171.5,4064624.0
hd,1608026400000,19173.5,19337.0,19118.5,19299.0,10225810.0
hd,1608030000000,19299.1,19319.9,19222.6,19279.0,4768464.0
hd,1608033600000,19279.0,19376.1,19243.7,19279.2,5857284.0
hd,1608037200000,19279.3,19328.0,19250.0,19327.9,3113076.0
hd,1608040800000,19328.0,19421.3,19250.0,19320.0,11844610.0
hd,1608044400000,19320.0,19415.0,19320.0,19388.1,8113066.0
hd,1608048000000,19387.2,19395.7,19312.8,19342.2,5970396.0
hd,1608051600000,19342.1,19394.5,19340.0,19380.2,3528698.0
hd,1608055200000,19380.3,19516.8,19378.8,19501.1,6741392.0
hd,1608058800000,19501.1,19516.8,19444.1,19514.0,3985242.0
hd,1608062400000,19512.8,19520.0,19452.5,19471.8,2289150.0
hd,1608066000000,19471.9,19491.4,19311.0,19408.7,6449156.0
hd,1608069600000,19408.7,19469.4,19371.3,19442.3,1301018.0
hd,1608073200000,19442.3,19447.1,19340.0,19412.4,3658532.0
hd,1608076800000,19412.5,19429.8,19265.7,19346.3,6870666.0
hd,1608080400000,19346.3,19397.5,19305.5,19368.9,4177084.0
hd,1608084000000,19369.0,19462.4,19368.9,19420.5,5395510.0
hd,1608087600000,19420.5,19431.9,19316.0,19346.1,4944376.0
hd,1608091200000,19341.7,19379.8,19307.8,19349.8,4753480.0
hd,1608094800000,19349.8,19397.9,19331.5,19363.9,3636394.0
hd,1608098400000,19363.9,19435.0,19339.9,19414.1,4004754.0
hd,1608102000000,19413.7,19432.5,19383.1,19407.1,2998800.0
hd,1608105600000,19407.0,19465.0,19354.6,19462.0,4798844.0
hd,1608109200000,19462.0,19513.9,19411.8,19502.5,4383268.0
hd,1608112800000,19502.4,19796.8,19485.0,19778.3,17925492.0
hd,1608116400000,19778.3,19868.0,19640.0,19725.0,11277132.0
hd,1608120000000,19725.1,19888.0,19670.5,19752.1,16537220.0
hd,1608123600000,19752.0,20498.0,19752.0,20338.0,36445054.0
hd,1608127200000,20337.3,20878.0,20234.7,20670.0,52362828.0
hd,1608130800000,20670.1,20732.0,20542.8,20662.3,15912878.0
hd,1608134400000,20662.3,20867.0,20627.5,20850.6,17240990.0
hd,1608138000000,20851.2,20854.4,20592.2,20637.5,11647838.0
hd,1608141600000,20635.3,20732.8,20547.7,20585.8,6718072.0
hd,1608145200000,20585.9,20750.0,20556.5,20722.8,4855988.0
hd,1608148800000,20721.3,20825.0,20717.9,20791.5,5685374.0
hd,1608152400000,20791.5,21449.8,20717.7,21192.8,18139238.0
hd,1608156000000,21192.8,21448.0,21192.8,21368.1,12738418.0
hd,1608159600000,21368.1,21600.0,21204.8,21341.7,22114232.0
hd,1608163200000,21341.6,21399.9,21237.2,21386.6,11999594.0
hd,1608166800000,21386.7,21896.7,21386.6,21721.4,23856898.0
hd,1608170400000,21721.3,21996.7,21650.0,21915.0,18981936.0
hd,1608174000000,21915.0,22199.0,21709.0,21758.1,31110194.0
hd,1608177600000,21761.1,21926.7,21746.0,21797.0,9261992.0
hd,1608181200000,21794.6,22333.9,21794.5,22288.4,17762292.0
hd,1608184800000,22288.3,22398.0,22058.0,22164.6,24943516.0
hd,1608188400000,22164.5,22476.6,22090.7,22460.1,15446790.0
hd,1608192000000,22460.1,22980.0,22392.7,22892.0,41526890.0
hd,1608195600000,22892.1,23848.4,22342.0,22697.5,74600536.0
hd,1608199200000,22697.4,22950.0,22452.3,22659.9,29719788.0
hd,1608202800000,22659.9,22853.1,22574.4,22780.0,15595956.0
hd,1608206400000,22779.9,23212.4,22625.2,23171.9,17960140.0
hd,1608210000000,23171.9,23379.4,22665.3,22842.5,24519298.0
hd,1608213600000,22845.7,23288.0,22755.2,23105.3,24644256.0
hd,1608217200000,23105.3,23397.6,22931.9,23350.6,21861478.0
hd,1608220800000,23350.9,23681.2,23208.0,23604.8,27647578.0
hd,1608224400000,23604.8,23728.8,23038.0,23038.1,22816500.0
hd,1608228000000,23038.9,23287.9,22454.5,23250.9,41996006.0
hd,1608231600000,23251.0,23507.9,22822.1,22910.0,29296846.0
hd,1608235200000,22906.6,23114.8,22323.7,22808.5,35807760.0
hd,1608238800000,22806.6,22845.2,22392.6,22792.9,18923412.0
hd,1608242400000,22796.0,23088.0,22770.1,22962.8,5835978.0
hd,1608246000000,22962.8,23009.0,22590.0,22813.3,29048380.0
hd,1608249600000,22812.9,22857.1,22489.0,22776.0,16128990.0
hd,1608253200000,22776.0,23164.9,22655.0,23005.8,17560108.0
hd,1608256800000,23005.8,23272.2,22958.3,23028.2,8438092.0
hd,1608260400000,23028.2,23062.0,22785.0,22838.4,10975118.0
hd,1608264000000,22836.0,22997.1,22800.0,22903.7,7569916.0
hd,1608267600000,22903.8,23060.0,22871.2,22989.4,6697746.0
hd,1608271200000,22989.5,23187.1,22904.8,23014.7,8919852.0
hd,1608274800000,23016.0,23100.0,22872.6,23090.0,10846930.0
hd,1608278400000,23089.9,23308.1,22971.0,23140.0,13901960.0
hd,1608282000000,23140.1,23233.5,23033.0,23231.0,9106788.0
hd,1608285600000,23231.0,23246.9,22904.8,22988.1,10721880.0
hd,1608289200000,22988.2,22988.2,22730.6,22906.0,12925702.0
hd,1608292800000,22905.9,23100.0,22755.7,22964.1,12978260.0
hd,1608296400000,22964.2,22974.9,22576.0,22605.9,13897036.0
hd,1608300000000,22605.9,22699.7,22441.0,22631.1,17831652.0
hd,1608303600000,22631.0,22659.2,22381.0,22571.3,16347552.0
hd,1608307200000,22571.3,22766.1,22500.0,22733.0,9600242.0
hd,1608310800000,22735.5,22821.0,22687.3,22756.9,5534822.0
hd,1608314400000,22757.0,22832.1,22703.1,22788.0,4362446.0
hd,1608318000000,22788.0,22788.1,22638.0,22761.0,4236328.0
hd,1608321600000,22761.0,22790.0,22668.0,22764.0,3895386.0
hd,1608325200000,22763.7,23086.3,22756.7,22893.4,10566972.0
hd,1608328800000,22892.0,23027.6,22810.7,23001.6,3030584.0
hd,1608332400000,23001.7,23165.7,22906.1,23113.2,5486312.0
hd,1608336000000,23113.2,23160.1,22941.0,22960.1,4987946.0
hd,1608339600000,22960.1,23068.2,22900.9,23044.1,4349524.0
hd,1608343200000,23044.0,23218.0,23032.1,23214.3,7031428.0
hd,1608346800000,23214.2,23218.0,23108.3,23108.4,5337130.0
hd,1608350400000,23108.4,23143.6,23046.3,23052.1,5526382.0
hd,1608354000000,23054.0,23078.0,22933.1,22970.4,6602424.0
hd,1608357600000,22970.4,23018.7,22837.6,22868.0,6686648.0
hd,1608361200000,22868.1,23049.5,22849.5,22874.7,7963768.0
hd,1608364800000,22874.6,23014.9,22750.0,23000.6,9592696.0
hd,1608368400000,23000.5,23061.0,22948.3,22984.0,5322328.0
hd,1608372000000,22984.0,23099.0,22960.0,23032.1,5869502.0
hd,1608375600000,23032.1,23069.6,22891.6,22902.0,5030986.0
hd,1608379200000,22902.1,23153.0,22902.0,23061.1,8354386.0
hd,1608382800000,23061.0,23204.0,23015.0,23190.0,7580726.0
hd,1608386400000,23190.0,23648.0,23100.0,23304.1,31209122.0
hd,1608390000000,23304.1,23663.5,23304.1,23565.0,21198858.0
hd,1608393600000,23565.0,24250.0,23463.7,23991.8,48454090.0
hd,1608397200000,23991.8,24141.8,23780.0,23916.0,17560676.0
hd,1608400800000,23914.8,23939.4,23590.1,23839.1,12448050.0
hd,1608404400000,23839.1,23899.1,23662.0,23820.9,7266332.0
hd,1608408000000,23820.9,23950.0,23811.0,23925.8,5454526.0
hd,1608411600000,23925.9,24096.1,23806.5,24003.0,8478278.0
hd,1608415200000,24002.3,24026.5,23855.7,23933.8,2847606.0
hd,1608418800000,23933.8,23949.2,23750.0,23855.0,6342148.0
hd,1608422400000,23854.4,23854.4,23257.9,23502.0,23802938.0
hd,1608426000000,23503.1,23568.7,23409.4,23503.0,7303578.0
hd,1608429600000,23503.0,23553.6,23314.0,23444.1,7551960.0
hd,1608433200000,23444.0,23444.0,23210.0,23366.6,9649798.0
hd,1608436800000,23366.6,23463.3,23103.0,23442.1,12812470.0
hd,1608440400000,23442.0,23600.0,23411.5,23491.0,8211426.0
hd,1608444000000,23490.0,23627.3,23470.0,23510.9,5455526.0
hd,1608447600000,23510.9,23662.7,23422.5,23637.3,7372842.0
hd,1608451200000,23637.3,23800.0,23552.7,23702.1,10724952.0
hd,1608454800000,23702.1,23756.4,23522.4,23614.9,7466348.0
hd,1608458400000,23615.0,23655.1,23389.0,23423.3,10273452.0
hd,1608462000000,23423.3,23642.0,23423.2,23576.0,6920562.0
hd,1608465600000,23576.1,23611.0,23360.0,23493.1,7351250.0
hd,1608469200000,23493.2,23605.5,23320.1,23578.7,10105990.0
hd,1608472800000,23578.8,23685.6,23522.0,23552.0,6880914.0
hd,1608476400000,23551.0,23938.5,23540.0,23891.0,11855240.0
hd,1608480000000,23891.1,23910.0,23649.5,23649.6,9355110.0
hd,1608483600000,23649.5,23824.5,23649.5,23743.9,6019222.0
hd,1608487200000,23742.1,23888.1,23672.9,23875.0,5785446.0
hd,1608490800000,23875.0,24002.1,23802.0,23942.6,6728028.0
hd,1608494400000,23941.1,24340.5,23876.0,24192.3,14681524.0
hd,1608498000000,24192.3,24216.3,23359.3,23400.5,27333474.0
hd,1608501600000,23400.4,23627.6,23102.4,23524.8,13303902.0
hd,1608505200000,23525.5,23600.0,23461.0,23481.0,7570484.0
hd,1608508800000,23478.5,23712.3,23304.6,23685.9,11345458.0
hd,1608512400000,23686.0,23766.0,23604.8,23671.1,6679318.0
hd,1608516000000,23671.2,23880.0,23657.0,23849.3,8581994.0
hd,1608519600000,23849.2,24034.7,23652.7,23947.6,14478506.0
hd,1608523200000,23945.9,24120.9,23782.4,23892.0,14281932.0
hd,1608526800000,23892.1,23975.2,23843.8,23898.9,6149840.0
hd,1608530400000,23898.9,23920.0,23690.0,23919.4,8545192.0
hd,1608534000000,23919.5,24026.6,23900.0,23982.3,8744158.0
hd,1608537600000,23982.3,24082.0,23640.4,23662.4,16769624.0
hd,1608541200000,23662.4,23741.3,23360.0,23481.9,22513124.0
hd,1608544800000,23481.9,23509.4,22455.5,22462.0,54087038.0
hd,1608548400000,22462.0,22839.0,22359.0,22662.9,28846860.0
hd,1608552000000,22662.9,22678.4,21950.0,22321.9,45044248.0
hd,1608555600000,22321.9,22834.6,22270.1,22812.0,20082312.0
hd,1608559200000,22812.0,23191.4,22609.3,23154.6,15832754.0
hd,1608562800000,23154.6,23194.3,22920.1,23089.8,11921874.0
hd,1608566400000,23089.7,23450.0,22964.3,23197.9,12542186.0
hd,1608570000000,23197.9,23225.3,22624.6,22695.4,20252454.0
hd,1608573600000,22695.5,22945.1,22636.1,22801.1,17601406.0
hd,1608577200000,22803.0,22947.2,22694.3,22805.1,9736926.0
hd,1608580800000,22807.5,22919.6,22735.1,22820.1,5482758.0
hd,1608584400000,22821.0,23147.5,22755.1,23120.0,7874380.0
hd,1608588000000,23120.0,23218.1,23062.3,23155.0,2546200.0
hd,1608591600000,23153.5,23217.2,22693.1,22712.8,12486782.0
hd,1608595200000,22714.9,22909.1,22489.1,22561.0,16951284.0
hd,1608598800000,22561.0,22860.0,22470.0,22746.1,13989904.0
hd,1608602400000,22746.1,22942.6,22724.0,22939.9,7193870.0
hd,1608606000000,22939.9,22950.0,22728.5,22844.3,7719164.0
hd,1608609600000,22844.4,23057.0,22844.4,22938.3,10213532.0
hd,1608613200000,22938.3,22953.1,22615.7,22681.3,14243500.0
hd,1608616800000,22681.3,22858.1,22552.7,22733.1,13821916.0
hd,1608620400000,22733.2,22819.8,22501.0,22651.9,15469386.0
hd,1608624000000,22651.9,22729.0,22376.0,22670.0,16819592.0
hd,1608627600000,22670.0,22815.3,22586.8,22777.3,11655790.0
hd,1608631200000,22777.3,22813.5,22609.0,22703.5,9954324.0
hd,1608634800000,22703.6,23145.0,22703.5,23110.1,20074506.0
hd,1608638400000,23110.0,23258.0,23054.6,23159.9,14430312.0
hd,1608642000000,23159.9,23521.9,23093.0,23462.8,16980736.0
hd,1608645600000,23462.9,23608.4,23330.4,23418.3,17298258.0
hd,1608649200000,23418.3,23588.0,23301.0,23331.1,13214314.0
hd,1608652800000,23331.1,23420.1,23223.4,23331.5,11050800.0
hd,1608656400000,23331.5,23415.0,23223.5,23329.9,6088234.0
hd,1608660000000,23330.0,23500.0,23330.0,23421.5,4518942.0
hd,1608663600000,23421.6,23488.0,23288.5,23390.1,4929214.0
hd,1608667200000,23390.1,23428.5,23272.5,23412.0,4442644.0
hd,1608670800000,23412.1,23512.2,23318.3,23415.1,10487370.0
hd,1608674400000,23415.0,23776.3,23340.0,23716.1,5256228.0
hd,1608678000000,23716.1,23829.0,23640.0,23801.0,12298592.0
hd,1608681600000,23801.0,23998.0,23695.2,23978.6,10699242.0
hd,1608685200000,23978.6,24052.5,23654.0,23700.1,13243098.0
hd,1608688800000,23700.1,23730.6,23568.9,23627.5,7402156.0
hd,1608692400000,23627.4,23767.5,23605.0,23695.1,6293086.0
hd,1608696000000,23695.0,23700.3,23419.5,23451.3,12371052.0
hd,1608699600000,23451.0,23526.0,23351.0,23520.0,12966448.0
hd,1608703200000,23519.9,23599.4,23450.0,23506.5,8613510.0
hd,1608706800000,23505.1,23632.9,23333.0,23563.9,11372876.0
hd,1608710400000,23561.4,23670.0,23450.0,23504.0,9373700.0
hd,1608714000000,23503.9,23655.4,23428.0,23631.8,8365074.0
hd,1608717600000,23631.9,23717.0,23402.8,23437.5,13872418.0
hd,1608721200000,23437.5,23468.7,22810.0,23071.0,41918912.0
hd,1608724800000,23070.0,23850.0,22927.3,23834.0,36580004.0
hd,1608728400000,23834.0,24155.0,23453.0,23602.4,38453216.0
hd,1608732000000,23602.5,23819.0,23524.1,23753.4,16525740.0
hd,1608735600000,23753.4,23900.0,23333.3,23454.5,22315254.0
hd,1608739200000,23452.1,23636.0,23362.0,23395.0,13693816.0
hd,1608742800000,23395.1,23638.4,23340.9,23584.1,8795226.0
hd,1608746400000,23584.0,23664.5,23537.9,23597.1,5975670.0
hd,1608750000000,23599.1,23612.2,23489.0,23544.9,4095846.0
hd,1608753600000,23545.0,23617.0,23417.5,23486.1,6182258.0
hd,1608757200000,23486.1,23510.7,23156.5,23313.8,16270342.0
hd,1608760800000,23313.8,23367.3,22608.0,23279.8,20691358.0
hd,1608764400000,23280.9,23457.9,23159.4,23224.0,11969036.0
hd,1608768000000,23223.6,23230.7,22800.0,23056.3,23410096.0
hd,1608771600000,23056.4,23200.0,22873.9,23192.2,13359648.0
hd,1608775200000,23192.2,23215.0,22740.9,22802.1,16015396.0
hd,1608778800000,22802.1,22960.0,22707.3,22881.8,17776918.0
hd,1608782400000,22882.3,23030.9,22785.1,23013.9,10076326.0
hd,1608786000000,23013.9,23120.0,22911.0,23040.0,7527368.0
hd,1608789600000,23040.0,23126.4,22869.0,22922.5,8791666.0
hd,1608793200000,22922.6,23204.1,22828.6,23158.7,11175324.0
hd,1608796800000,23158.6,23467.8,23065.4,23431.0,14326860.0
hd,1608800400000,23431.9,23454.1,23250.0,23335.5,9581120.0
hd,1608804000000,23335.6,23345.0,23106.1,23126.0,8526788.0
hd,1608807600000,23124.8,23290.0,23050.1,23209.7,9183620.0
hd,1608811200000,23209.7,23290.5,23013.9,23206.8,8064580.0
hd,1608814800000,23206.8,23392.0,23134.0,23376.0,8243248.0
hd,1608818400000,23376.0,23421.5,23155.0,23218.1,8475144.0
hd,1608822000000,23218.1,23344.2,23092.9,23226.9,8817646.0
hd,1608825600000,23226.8,23335.2,23111.3,23215.2,9427438.0
hd,1608829200000,23215.2,23456.0,23152.1,23362.2,8068900.0
hd,1608832800000,23362.2,23407.2,23276.2,23308.0,3911564.0
hd,1608836400000,23308.1,23398.1,23243.8,23275.1,3761902.0
hd,1608840000000,23275.1,23549.0,23248.0,23508.9,5475442.0
hd,1608843600000,23508.9,23535.5,23360.5,23395.1,4029628.0
hd,1608847200000,23395.0,23728.1,23365.0,23684.0,4688202.0
hd,1608850800000,23684.1,23776.0,23592.1,23713.0,11488438.0
hd,1608854400000,23713.1,23803.9,23545.0,23607.1,9069030.0
hd,1608858000000,23607.2,23644.0,23522.0,23582.2,4180118.0
hd,1608861600000,23582.3,23603.1,23469.1,23470.0,5110488.0
hd,1608865200000,23470.1,23550.0,23433.7,23476.5,4098066.0
hd,1608868800000,23476.6,23605.0,23450.0,23597.1,3525464.0
hd,1608872400000,23597.2,23627.0,23525.0,23584.5,3572646.0
hd,1608876000000,23584.6,23678.1,23544.3,23616.3,3957964.0
hd,1608879600000,23616.3,23666.9,23510.0,23637.0,5949752.0
hd,1608883200000,23637.0,23852.0,23585.4,23662.8,11550908.0
hd,1608886800000,23662.8,23959.2,23636.8,23921.9,11511418.0
hd,1608890400000,23922.1,24033.0,23764.9,23968.1,12755530.0
hd,1608894000000,23968.0,24687.6,23900.0,24574.9,31674482.0
hd,1608897600000,24574.8,24637.6,24350.0,24354.1,11327784.0
hd,1608901200000,24354.0,24547.0,24316.3,24503.7,7912000.0
hd,1608904800000,24503.8,24516.2,23808.0,24033.1,18463066.0
hd,1608908400000,24031.1,24188.0,23963.5,24033.1,11335272.0
hd,1608912000000,24033.2,24298.7,24005.0,24085.5,9885962.0
hd,1608915600000,24082.9,24253.0,23988.9,24183.1,5447356.0
hd,1608919200000,24183.0,24427.9,24135.0,24349.7,5172350.0
hd,1608922800000,24349.7,24532.5,24306.5,24445.0,8776034.0
hd,1608926400000,24445.0,24487.6,24350.9,24453.5,5908408.0
hd,1608930000000,24453.6,24453.6,24214.1,24420.6,5182024.0
hd,1608933600000,24420.5,24657.4,24375.0,24578.5,5032132.0
hd,1608937200000,24580.0,24793.0,24518.1,24706.6,13994668.0
hd,1608940800000,24709.7,24779.2,24521.1,24602.8,8804760.0
hd,1608944400000,24601.7,24935.1,24500.0,24915.4,11299742.0
hd,1608948000000,24913.6,24985.2,24770.1,24850.5,11484302.0
hd,1608951600000,24850.5,25060.1,24831.5,24922.1,12227420.0
hd,1608955200000,24922.2,24939.1,24770.0,24830.1,7105460.0
hd,1608958800000,24830.2,24856.3,24673.8,24730.2,8370664.0
hd,1608962400000,24730.2,24880.1,24675.0,24843.9,5491846.0
hd,1608966000000,24844.0,24950.0,24725.0,24791.0,6574776.0
hd,1608969600000,24791.1,25016.1,24780.3,24910.6,8799518.0
hd,1608973200000,24910.0,24918.3,24740.0,24873.0,7919360.0
hd,1608976800000,24873.1,24911.8,24589.3,24746.6,8346780.0
hd,1608980400000,24746.5,24890.0,24717.3,24845.4,7155104.0
hd,1608984000000,24843.3,24958.0,24750.1,24902.7,8005502.0
hd,1608987600000,24902.8,24980.0,24820.0,24934.1,7788610.0
hd,1608991200000,24934.1,25434.5,24888.0,25380.2,27519802.0
hd,1608994800000,25380.1,25673.2,25345.0,25626.2,18704024.0
hd,1608998400000,25626.1,25965.9,25580.0,25871.5,28912240.0
hd,1609002000000,25871.6,26041.9,25706.3,25812.7,19532638.0
hd,1609005600000,25816.1,25885.0,25616.5,25654.0,8059758.0
hd,1609009200000,25654.0,25952.9,25615.5,25950.1,7043200.0
hd,1609012800000,25950.1,26524.6,25831.2,26434.0,19016598.0
hd,1609016400000,26434.0,26922.8,26340.2,26721.6,31652264.0
hd,1609020000000,26731.4,26832.0,26175.9,26459.5,14600002.0
hd,1609023600000,26459.5,26687.9,26405.4,26520.0,11170560.0
hd,1609027200000,26520.0,26884.4,26520.0,26786.2,13734840.0
hd,1609030800000,26779.9,26988.0,26580.0,26673.0,24125644.0
hd,1609034400000,26666.4,26885.5,26540.1,26620.1,15931214.0
hd,1609038000000,26620.0,26684.4,26501.0,26619.4,9782398.0
hd,1609041600000,26612.5,26864.6,26612.5,26783.8,8884258.0
hd,1609045200000,26783.8,26963.0,26746.2,26908.8,9303700.0
hd,1609048800000,26908.9,27777.0,26908.8,27655.6,38778630.0
hd,1609052400000,27655.5,27805.5,27469.6,27662.5,15287226.0
hd,1609056000000,27662.5,27950.0,27393.7,27508.9,26037040.0
hd,1609059600000,27508.8,27868.0,27247.7,27827.1,25988386.0
hd,1609063200000,27827.0,27911.0,27711.1,27835.0,11219176.0
hd,1609066800000,27834.9,28449.3,27093.9,27675.0,56928746.0
hd,1609070400000,27674.9,27675.0,26653.2,27250.1,41377318.0
hd,1609074000000,27250.2,27644.5,27106.4,27555.2,16513394.0
hd,1609077600000,27555.2,27800.0,27300.0,27387.9,19229626.0
hd,1609081200000,27388.0,27540.0,27093.2,27416.9,14055690.0
hd,1609084800000,27416.9,27545.0,26695.0,27125.0,34094452.0
hd,1609088400000,27125.0,27125.0,26730.0,26854.0,16954854.0
hd,1609092000000,26854.0,27104.7,26617.5,27104.6,14852504.0
hd,1609095600000,27104.6,27336.0,27032.7,27138.7,9051358.0
hd,1609099200000,27136.5,27143.9,26238.4,26271.5,20360656.0
hd,1609102800000,26268.6,26496.5,25869.3,26434.9,32886976.0
hd,1609106400000,26434.9,26698.4,26309.2,26549.9,6758214.0
hd,1609110000000,26549.8,26730.4,26266.0,26310.9,16478984.0
hd,1609113600000,26310.9,27000.0,26130.5,26907.7,18331900.0
hd,1609117200000,26900.7,27391.1,26822.6,27085.0,14490096.0
hd,1609120800000,27084.9,27184.3,26927.1,27098.4,9076130.0
hd,1609124400000,27098.4,27285.4,26936.3,27285.4,7793256.0
hd,1609128000000,27285.3,27315.5,26866.0,26888.7,7781282.0
hd,1609131600000,26888.7,27169.8,26836.5,26957.4,8680080.0
hd,1609135200000,26957.4,27111.2,26879.6,27072.5,7657430.0
hd,1609138800000,27066.0,27216.1,27015.4,27017.1,11602898.0
hd,1609142400000,27017.0,27116.5,26739.4,26974.5,13236162.0
hd,1609146000000,26971.2,27032.6,26780.0,26860.2,7450258.0
hd,1609149600000,26860.2,26948.0,26588.0,26744.5,12562778.0
hd,1609153200000,26750.4,26914.2,26629.4,26882.8,9244228.0
hd,1609156800000,26882.8,27152.0,26735.5,27122.8,13393226.0
hd,1609160400000,27122.8,27532.2,27122.8,27270.3,19207648.0
hd,1609164000000,27275.5,27376.3,27157.2,27314.0,9117794.0
hd,1609167600000,27314.0,27355.3,26860.1,26946.0,14091418.0
hd,1609171200000,26951.3,27186.1,26802.0,27095.4,11745270.0
hd,1609174800000,27095.4,27263.4,27047.4,27176.1,5508076.0
hd,1609178400000,27172.0,27252.0,26909.1,27035.3,6021216.0
hd,1609182000000,27035.3,27211.9,26962.7,27021.9,6156366.0
hd,1609185600000,27021.9,27124.0,26695.8,26881.6,10424434.0
hd,1609189200000,26881.6,26970.8,26649.3,26655.0,6187880.0
hd,1609192800000,26650.1,26954.5,26443.1,26908.0,9057020.0
hd,1609196400000,26908.0,27163.5,26852.6,27082.7,9409642.0
hd,1609200000000,27082.7,27082.7,26781.7,26841.9,10126456.0
hd,1609203600000,26840.4,26883.0,26655.0,26860.4,11818644.0
hd,1609207200000,26860.3,26966.8,26760.1,26882.5,5488224.0
hd,1609210800000,26882.4,26882.5,26480.2,26489.1,15726136.0
hd,1609214400000,26489.0,26625.0,26252.0,26523.5,18444408.0
hd,1609218000000,26523.4,26523.5,25910.9,26482.2,27962298.0
hd,1609221600000,26482.3,26543.3,26293.3,26394.9,7538522.0
hd,1609225200000,26391.5,26480.0,26182.0,26458.8,4975256.0
hd,1609228800000,26455.1,26783.0,26455.0,26661.9,10174936.0
hd,1609232400000,26666.0,26757.9,26530.9,26602.4,5624438.0
hd,1609236000000,26602.5,26874.5,26602.4,26749.0,8010530.0
hd,1609239600000,26749.0,26926.5,26580.8,26887.1,9639104.0
hd,1609243200000,26887.1,27100.0,26868.7,26906.0,14687230.0
hd,1609246800000,26906.9,26980.0,26751.1,26898.6,7320086.0
hd,1609250400000,26898.6,26915.3,26611.3,26683.0,11866232.0
hd,1609254000000,26683.0,26746.9,26460.0,26625.1,12468932.0
hd,1609257600000,26625.0,26625.1,26267.0,26453.6,15568260.0
hd,1609261200000,26453.6,26650.0,26266.1,26643.2,11455828.0
hd,1609264800000,26643.2,26786.0,26604.4,26633.0,9035042.0
hd,1609268400000,26632.1,26978.8,26578.8,26962.3,8328974.0
hd,1609272000000,26962.3,27050.0,26828.5,27020.0,8460046.0
hd,1609275600000,27020.7,27246.0,26844.7,26940.1,12790308.0
hd,1609279200000,26943.0,27140.6,26933.0,27071.0,2655336.0
hd,1609282800000,27071.0,27444.9,26970.5,27410.3,9595024.0
hd,1609286400000,27410.3,27871.2,27410.3,27658.2,20365008.0
hd,1609290000000,27658.3,27759.6,27571.8,27656.2,6379282.0
hd,1609293600000,27656.2,28060.1,27545.0,28041.9,15296888.0
hd,1609297200000,28041.9,28295.8,27854.0,28104.5,18057856.0
hd,1609300800000,28104.5,28250.0,27757.9,27945.1,15869618.0
hd,1609304400000,27945.0,28194.3,27856.2,28060.0,8589524.0
hd,1609308000000,28056.6,28635.6,27968.4,28410.6,23658234.0
hd,1609311600000,28410.7,28630.0,28306.1,28417.4,13472300.0
hd,1609315200000,28417.5,28614.0,27564.0,27776.9,27173200.0
hd,1609318800000,27777.0,27929.8,27423.4,27890.0,20825408.0
hd,1609322400000,27890.1,28089.5,27792.6,27895.7,10516372.0
hd,1609326000000,27895.7,27984.4,27631.2,27874.9,11370004.0
hd,1609329600000,27875.0,27973.7,27619.6,27898.0,10159144.0
hd,1609333200000,27898.0,28208.3,27811.0,27902.9,14332890.0
hd,1609336800000,27903.0,28200.0,27903.0,28200.0,8636168.0
hd,1609340400000,28200.0,28318.0,28050.0,28176.1,10738146.0
hd,1609344000000,28176.1,28252.6,27923.4,28172.8,11522858.0
hd,1609347600000,28172.7,28315.0,28070.4,28241.5,8197688.0
hd,1609351200000,28241.5,28548.0,28241.5,28515.2,10255868.0
hd,1609354800000,28515.2,28922.0,28450.0,28788.2,23293438.0
hd,1609358400000,28788.2,29029.5,28627.8,28799.8,13070408.0
hd,1609362000000,28799.8,29010.0,28556.9,28897.0,14330876.0
hd,1609365600000,28897.0,28922.2,28600.8,28727.1,5616480.0
hd,1609369200000,28729.5,28938.9,28657.9,28889.2,7847740.0
hd,1609372800000,28889.2,29365.9,28889.2,29146.2,18126786.0
hd,1609376400000,29146.2,29211.0,28194.5,28763.2,31560190.0
hd,1609380000000,28760.0,28815.1,28640.1,28744.8,7386704.0
hd,1609383600000,28744.9,29181.8,28740.5,29047.4,11449370.0
hd,1609387200000,29047.4,29215.9,28878.1,29054.9,10412728.0
hd,1609390800000,29054.9,29055.0,28775.1,29005.4,11150176.0
hd,1609394400000,29005.3,29107.0,28866.3,28900.1,9824024.0
hd,1609398000000,28900.0,29347.3,28900.0,29196.2,14439496.0
hd,1609401600000,29196.2,29217.0,28815.0,28955.4,16476208.0
hd,1609405200000,28955.4,29110.0,28614.0,29026.1,16557220.0
hd,1609408800000,29026.1,29210.6,29005.2,29170.4,8331954.0
hd,1609412400000,29176.3,29176.3,28940.0,28956.0,9922016.0
hd,1609416000000,28956.1,29031.7,28429.9,28644.5,21929002.0
hd,1609419600000,28644.4,28667.3,27928.0,28555.0,33821840.0
hd,1609423200000,28555.0,28559.0,28147.5,28391.2,18055188.0
hd,1609426800000,28391.3,28843.3,28387.1,28786.8,12813042.0
hd,1609430400000,28786.7,28786.8,28320.7,28406.0,14086606.0
hd,1609434000000,28404.7,28739.9,28371.3,28591.8,10625454.0
hd,1609437600000,28594.6,28900.0,28496.4,28882.1,9380396.0
hd,1609441200000,28879.4,29018.0,28756.5,28899.4,8774920.0
hd,1609444800000,28899.4,29160.7,28880.1,29151.8,5502998.0
hd,1609448400000,29151.9,29180.0,28916.2,28966.7,6786424.0
hd,1609452000000,28966.7,29148.6,28915.5,29102.9,2305760.0
hd,1609455600000,29103.0,29107.9,28778.5,28923.0,6085902.0
