kk,1381093200000,122.0,122.0,122.0,122.0,0.1
kk,1381176000000,123.61,123.61,123.61,123.61,0.1
kk,1381197600000,123.91,123.91,123.9,123.9,1.9916
kk,1381208400000,124.19,124.19,124.18,124.18,2.0
kk,1381309200000,124.01687,124.01687,123.84,123.84,2.823
kk,1381431600000,125.85,125.86,125.85,125.86,2.0
kk,1381568400000,127.5,127.5,127.0,127.0,4.0
kk,1381687200000,131.8408,131.8408,131.8408,131.8408,0.1
kk,1381716000000,134.8,134.8,134.8,134.8,0.24
kk,1381723200000,134.3523,134.3523,133.36726,133.36726,9.0
kk,1381766400000,134.56,135.59,134.46,135.59,2.76575337
kk,1381806000000,135.8,135.8,135.3,135.3,4.0
kk,1381856400000,153.0,153.0,133.87975,133.87975,0.3
kk,1381881600000,143.0,143.0,142.57101,142.57101,3.839
kk,1381910400000,142.81001,142.81001,142.66,142.66,2.0
kk,1381921200000,145.38,145.38,145.38,145.38,0.19
kk,1381935600000,146.14,146.14,142.28538,142.28538,10.0
kk,1381939200000,141.23668,141.23668,141.23668,141.23668,0.2
kk,1381960800000,139.16151,139.16151,139.16151,139.16151,1.0
kk,1381964400000,137.63758,138.09,137.63758,138.09,3.0
kk,1381968000000,137.62448,137.62448,137.52,137.52,2.0
kk,1382000400000,142.06,142.16,142.06,142.16,2.0
kk,1382004000000,144.73,144.73,144.73,144.73,0.777
kk,1382029200000,143.79522,143.79522,143.79522,143.79522,1.0
kk,1382090400000,146.2399,147.5,146.2399,147.0,5.79
kk,1382094000000,146.87001,146.87001,146.73,146.73,2.0
kk,1382097600000,148.7099,148.7099,148.7099,148.7099,1.0
kk,1382101200000,149.0,149.0,148.5,148.5,4.0
kk,1382104800000,150.0529,153.80147,150.0529,151.7999,9.761
kk,1382115600000,149.04856,149.04856,149.04856,149.04856,1.0
kk,1382158800000,157.74,157.74,157.64,157.64,2.0
kk,1382166000000,158.56499,158.56499,158.56499,158.56499,1.0
kk,1382173200000,163.73,165.9,161.7,164.75,30.261
kk,1382176800000,165.0499,171.25,162.06361,162.06361,27.279
kk,1382180400000,164.4194,164.4194,163.81901,163.81901,2.032
kk,1382187600000,165.0,165.0,165.0,165.0,0.3
kk,1382202000000,160.1853,160.77627,159.5,160.31,5.273
kk,1382216400000,163.0,163.0,163.0,163.0,0.4
kk,1382223600000,165.0,165.87,165.0,165.56,4.0
kk,1382227200000,166.52626,166.52626,166.52626,166.52626,1.47741803
kk,1382263200000,162.9811,162.9811,162.9811,162.9811,0.05
kk,1382284800000,164.18172,164.18172,162.981,162.981,3.321
kk,1382324400000,165.0,166.02123,165.0,166.02123,0.806
kk,1382331600000,165.0,165.0,165.0,165.0,0.194
kk,1382335200000,166.5314,169.08758,166.5314,169.08758,2.20169
kk,1382346000000,170.0,170.0,170.0,170.0,0.3
kk,1382353200000,176.00261,176.65277,175.36143,176.65277,2.518
kk,1382360400000,174.72025,174.72025,172.79308,172.79308,9.283
kk,1382364000000,176.0,176.32429,176.0,176.32429,3.0
kk,1382428800000,181.97,181.97,181.97,181.97,2.0
kk,1382457600000,193.72291,193.72291,193.72291,193.72291,2.347
kk,1382461200000,194.1,194.2,194.0,194.0,2.97887686
kk,1382482800000,150.0,150.0,150.0,150.0,0.05
kk,1382500800000,191.62198,192.31357,191.61683,192.31357,8.708
kk,1382504400000,191.5883,192.98177,191.5883,192.28087,7.701
kk,1382508000000,192.28087,192.28087,192.28087,192.28087,0.421
kk,1382511600000,192.2499,192.2499,192.2499,192.2499,1.0
kk,1382515200000,189.1,189.1,188.21307,188.89505,2.177
kk,1382518800000,189.57685,189.57685,189.57685,189.57685,0.594
kk,1382522400000,189.98,189.98,185.90287,185.90287,1.562
kk,1382526000000,192.31047,192.31047,192.31047,192.31047,2.012
kk,1382529600000,192.99459,192.99459,192.99459,192.99459,2.01
kk,1382565600000,202.2132,202.94356,202.2132,202.94356,2.02
kk,1382569200000,202.06,203.45,201.8,203.45,11.015
kk,1382572800000,203.67412,203.78,203.67412,203.78,1.791
kk,1382576400000,204.37,206.27073,204.37,205.06,5.754
kk,1382583600000,207.03217,207.03217,206.27644,206.27644,0.796
kk,1382587200000,205.52065,205.54,205.44,205.54,1.287
kk,1382590800000,205.54,207.30246,182.0,190.84511,22.608
kk,1382598000000,169.9201,169.9201,169.9201,169.9201,1.0
kk,1382623200000,194.9,198.91,194.8,198.81,6.0
kk,1382626800000,199.91,199.91,198.0,198.0,14.51007049
kk,1382630400000,197.06,197.06,192.91,195.04,15.46986241
kk,1382634000000,195.0,195.0,195.0,195.0,0.5
kk,1382641200000,191.75,191.75,190.0,190.12,2.5
kk,1382644800000,191.2,192.11,191.2,192.11,1.5
kk,1382648400000,189.3,189.3,187.39,187.89,8.02757527
kk,1382652000000,185.95,185.95,185.95,185.95,0.97746706
kk,1382655600000,193.0999,193.0999,193.0999,193.0999,1.0
kk,1382724000000,172.27,173.13,171.97,172.33,13.0
kk,1382727600000,181.38,186.8,181.08,184.0,52.2
kk,1382738400000,183.0,183.0,183.0,183.0,1.0
kk,1382742000000,186.0499,186.0499,186.0499,186.0499,1.0
kk,1382749200000,185.8,185.8,183.9,183.9,5.0
kk,1382763600000,179.8656,179.8656,179.8656,179.8656,1.0
kk,1382770800000,183.2999,183.2999,183.2999,183.2999,1.0
kk,1382774400000,184.08,184.58,184.08,184.58,4.0
kk,1382860800000,182.3,182.39999,182.21,182.21,15.0
kk,1382875200000,180.67,180.67,179.47,179.47,9.0
kk,1382882400000,180.2701,181.32332,179.47,180.27642,8.0
kk,1382886000000,181.3197,181.3197,179.23624,179.23624,4.0
kk,1382889600000,183.9999,183.9999,181.35842,181.35842,2.54939
kk,1382893200000,184.0,185.60467,184.0,185.60467,1.058
kk,1382896800000,184.0,191.3,184.0,191.0,30.3
kk,1383080400000,195.0,195.0,195.0,195.0,0.62564102
kk,1383098400000,195.0,195.0,195.0,195.0,0.01
kk,1383102000000,195.0,197.43959,195.0,197.43959,0.39274898
kk,1383123600000,199.97,202.07,199.97,202.07,0.02
kk,1383130800000,202.83,202.83,201.86,201.86,9.1
kk,1383148800000,203.94,203.94,203.77,203.77,0.2
kk,1383177600000,199.0,199.0,199.0,199.0,0.01
kk,1383199200000,199.5,199.6,199.5,199.6,2.0
kk,1383235200000,200.77,200.77,200.77,200.77,0.05
kk,1383256800000,202.27,202.27,202.1,202.1,0.2
kk,1383278400000,203.59999,203.59999,203.59999,203.59999,0.1
kk,1383289200000,203.59999,203.59999,203.37,203.59999,2.7
kk,1383292800000,203.59999,205.0,203.59999,205.0,5.91594207
kk,1383296400000,205.0,205.0,205.0,205.0,14.46
kk,1383310800000,205.62294,206.78669,205.0,206.78669,4.906
kk,1383314400000,206.78669,206.78669,206.78669,206.78669,1.2
kk,1383321600000,207.96822,207.96822,207.96822,207.96822,1.98059107
kk,1383328800000,205.0,205.0,203.705,205.0,2.518
kk,1383332400000,203.07,203.07,202.9,202.9,0.2
kk,1383357600000,202.68,202.68,201.04,201.04,5.55555555
kk,1383364800000,204.07,204.07,204.07,204.07,0.01
kk,1383368400000,204.07,204.07,203.9,203.9,1.19
kk,1383393600000,204.24,204.24,204.24,204.24,0.1
kk,1383397200000,203.47,203.47,203.47,203.47,0.1
kk,1383400800000,203.51,203.51,203.51,203.51,0.1
kk,1383444000000,204.662,204.662,204.65999,204.65999,0.1
kk,1383458400000,204.30554,204.30554,204.30554,204.30554,0.00489462
kk,1383462000000,203.69445,204.91754,203.47,204.30554,0.21135756
kk,1383465600000,204.30554,204.30554,204.30554,204.30554,0.0277483
kk,1383469200000,203.78,203.78,203.78,203.78,0.02892959
kk,1383476400000,203.87,203.87,203.87,203.87,0.4
kk,1383480000000,203.87,204.50872,203.87,204.50872,0.61439403
kk,1383490800000,204.89,205.12225,204.89,205.12225,1.01443722
kk,1383494400000,205.72,206.35483,205.72,206.35483,1.1290045
kk,1383498000000,206.75,206.75,206.75,206.75,0.4
kk,1383501600000,206.75,207.67616,206.75,207.67198,0.82917878
kk,1383505200000,207.43988,207.75,206.89,207.75,1.46369177
kk,1383508800000,207.75,207.75,207.75,207.75,0.31461111
kk,1383512400000,208.21573,208.21573,207.17796,207.17796,0.15803849
kk,1383516000000,207.58921,208.93,207.58921,208.93,0.97930058
kk,1383519600000,208.9,209.748,208.9,209.748,1.90967287
kk,1383523200000,209.748,211.47,209.748,211.3,1.14646947
kk,1383526800000,211.64,212.2,211.64,212.2,1.21842005
kk,1383530400000,212.61825,212.816,211.55854,211.55854,0.25834835
kk,1383534000000,211.54,211.54,209.97,210.70852,0.95821394
kk,1383537600000,210.2892,210.70316,209.4001,210.70095,1.72257072
kk,1383544800000,210.81999,210.95,210.28164,210.95,0.5365215
kk,1383548400000,210.78,211.20499,210.78,211.09,1.13890199
kk,1383552000000,211.09,211.96514,211.09,211.54332,0.71258284
kk,1383555600000,211.96324,212.8,211.96324,212.8,0.22988217
kk,1383559200000,213.21843,214.66,213.1,214.49,7.66014801
kk,1383562800000,214.49,215.16182,214.49,215.16182,0.71514382
kk,1383566400000,215.8057,217.10409,215.8057,217.10409,0.65102041
kk,1383570000000,217.62,217.62,216.96999,217.48,4.99999999
kk,1383573600000,217.7554,220.09817,217.7554,220.09817,1.97695418
kk,1383577200000,219.28187,224.64866,219.28187,223.34,7.57164547
kk,1383580800000,223.25063,223.25063,217.57333,221.21249,23.43265299
kk,1383584400000,222.05236,224.86,222.05236,223.4,1.44084363
kk,1383588000000,224.72901,227.47,224.72901,226.17,4.48231945
kk,1383591600000,225.61933,227.0007,225.60951,226.99,1.7200383
kk,1383595200000,226.28804,226.60369,225.60715,225.60715,1.03564409
kk,1383598800000,226.05498,226.57,225.55,225.55,0.85584167
kk,1383602400000,224.9283,226.4,224.68399,226.4,0.97571292
kk,1383606000000,226.4,229.97,226.4,226.9001,5.73554512
kk,1383609600000,227.39493,229.68,227.39493,228.2979,1.35387597
kk,1383613200000,227.67,230.24,226.43,230.24,1.08665463
kk,1383616800000,230.24,230.96,230.24,230.96,0.68463796
kk,1383620400000,230.96,231.57,228.96835,229.65319,0.88443004
kk,1383624000000,229.42199,229.42199,229.42199,229.42199,0.1
kk,1383627600000,228.96423,230.79107,228.24641,228.24641,1.39605735
kk,1383631200000,227.56167,228.00926,226.87728,228.00926,0.31289575
kk,1383634800000,228.69329,230.75771,228.69329,230.75771,0.26804466
kk,1383638400000,229.60966,229.60966,228.91911,228.91911,0.26997393
kk,1383642000000,229.37317,229.37317,228.9167,229.3711,0.22371769
kk,1383645600000,230.05922,231.43957,230.05922,231.43957,0.20172908
kk,1383649200000,232.13216,234.92576,232.13216,234.92576,0.3399938
kk,1383652800000,235.3,235.63054,235.3,235.63054,2.06873398
kk,1383656400000,236.33743,238.46872,236.33743,238.46872,0.27679606
kk,1383660000000,239.18413,239.6,239.18413,239.6,2.06977057
kk,1383663600000,239.90168,244.23719,239.90168,244.23719,0.49280336
kk,1383667200000,244.66,247.1768,243.74895,246.9,1.62816256
kk,1383670800000,246.9,247.16123,243.32133,247.16123,2.28104821
kk,1383674400000,247.90271,250.14053,246.66048,247.1501,0.91215826
kk,1383678000000,247.89155,249.37928,245.69,245.69,0.55211237
kk,1383681600000,245.57997,245.57997,231.55139,234.7443,5.57824273
kk,1383685200000,235.44853,241.15253,222.05236,239.8,1.71377482
kk,1383688800000,240.5985,244.22265,240.5985,244.22265,0.42024624
kk,1383692400000,244.22265,244.95532,244.22265,244.95532,0.10550404
kk,1383699600000,245.69019,246.42726,245.69019,246.42726,0.1301301
kk,1383703200000,247.1647,250.14144,247.1647,250.14144,0.32836086
kk,1383706800000,250.88999,253.14838,250.88999,253.14838,0.33191376
kk,1383714000000,253.90707,253.90707,253.90707,253.90707,0.06714038
kk,1383724800000,253.73215,256.82335,253.73215,256.82335,1.36284362
kk,1383728400000,257.59683,258.36962,257.59683,258.36962,0.14473492
kk,1383732000000,259.14473,262.26614,259.14473,262.26614,0.36543366
kk,1383742800000,262.44803,269.42566,259.81356,269.42566,0.94524154
kk,1383746400000,267.55835,267.55835,255.71,263.71557,19.65333138
kk,1383750000000,264.50672,266.09614,254.38635,259.54485,5.13315828
kk,1383753600000,258.6703,259.53679,255.21795,257.78843,9.57091659
kk,1383757200000,259.4892,261.23392,259.39999,260.48,1.77327851
kk,1383760800000,260.48,261.22862,260.35632,261.22862,0.4
kk,1383764400000,261.22862,262.00499,260.35228,262.00499,0.8831646
kk,1383768000000,261.22926,263.38252,260.35526,263.38252,2.17477324
kk,1383771600000,263.73365,263.73365,263.73365,263.73365,0.03634224
kk,1383775200000,261.21,261.21,260.91,261.21,2.16
kk,1383778800000,262.86097,264.15,262.86097,263.73672,4.0
kk,1383782400000,262.8628,267.33661,262.8628,267.33661,4.14625646
kk,1383786000000,268.11013,269.75842,268.11013,269.75842,1.04309737
kk,1383789600000,269.86292,275.0,269.86292,272.87656,4.39741601
kk,1383793200000,275.45913,275.9,275.45913,275.9,0.12414857
kk,1383807600000,277.9221,348.4093,277.9221,308.55426,1.77504068
kk,1383818400000,290.49158,290.49158,290.49158,290.49158,0.01
kk,1383822000000,280.3,290.0,280.3,290.0,8.689
kk,1383825600000,290.0,290.0,281.68,281.68,1.86489655
kk,1383829200000,284.61,286.7,284.61,285.62999,0.3
kk,1383836400000,286.00499,293.1898,286.00499,292.20723,0.8
kk,1383840000000,291.22911,294.68,289.82499,294.68,0.6
kk,1383847200000,296.46399,296.46399,290.0,290.0,1.29837586
kk,1383850800000,289.0,289.0,289.0,289.0,0.05
kk,1383854400000,289.0,292.68061,289.0,291.71,6.84166487
kk,1383858000000,295.0,296.0,295.0,296.0,0.42659
kk,1383861600000,295.51642,296.4934,295.51642,296.4934,0.42351
kk,1383865200000,289.62884,289.62884,289.62884,289.62884,0.01
kk,1383872400000,295.51602,295.51602,295.51602,295.51602,0.1715
kk,1383890400000,300.517,300.517,300.517,300.517,0.383
kk,1383922800000,328.93905,328.93905,328.93905,328.93905,0.1
kk,1383926400000,328.50575,329.59685,328.50297,328.50297,0.63080641
kk,1383930000000,322.04,322.04,312.57818,319.9091,4.74
kk,1383933600000,330.64785,330.64785,330.64785,330.64785,0.2
kk,1383955200000,340.0,340.0,340.0,340.0,0.1
kk,1383958800000,339.43,339.43,335.04383,335.04383,1.2
kk,1383966000000,333.24425,336.0949,333.24425,333.24432,1.18
kk,1383973200000,330.34709,334.59005,330.34709,334.59005,1.1
kk,1383976800000,317.4472,317.4472,312.01,313.37448,9.0
kk,1383980400000,326.20267,330.39671,326.20267,329.02492,1.16
kk,1383991200000,338.68,338.68,338.68,338.68,0.04
kk,1383994800000,350.0,350.0,350.0,350.0,0.01
kk,1383998400000,338.68,338.68,338.68,338.68,0.49
kk,1384002000000,347.53189,347.53189,347.53189,347.53189,0.0288989
kk,1384005600000,350.0,350.0,350.0,350.0,0.09
kk,1384038000000,338.68,338.68,338.68,338.68,0.32440563
kk,1384041600000,321.9202,321.9202,321.0,321.0,0.6
kk,1384045200000,319.2605,319.2605,306.44126,306.44126,5.722
kk,1384048800000,313.43496,325.46852,313.43496,314.0,3.65949713
kk,1384052400000,309.41612,313.3878,309.41612,312.0777,1.19
kk,1384056000000,289.18978,400.0,289.18978,400.0,9.04493
kk,1384059600000,314.6822,314.6822,314.6822,314.6822,0.07242227
kk,1384074000000,304.12665,305.98,301.47288,305.98,4.09
kk,1384077600000,305.98,312.0,304.69277,311.0722,3.038
kk,1384081200000,310.0,315.0,310.0,315.0,14.0
kk,1384088400000,311.282,311.282,311.282,311.282,0.15
kk,1384095600000,311.282,311.282,311.0,311.0,3.6217
kk,1384106400000,293.94722,293.94722,293.94722,293.94722,0.2
kk,1384120800000,317.0,317.0,317.0,317.0,0.45
kk,1384178400000,350.5738,350.6738,350.5738,350.6738,2.0
kk,1384189200000,362.5306,362.5306,362.5306,362.5306,0.00182053
kk,1384196400000,354.04,354.14,329.72864,347.0,12.874
kk,1384207200000,335.24183,335.24183,332.02713,332.02713,3.0
kk,1384210800000,338.89999,340.725,338.89999,340.725,0.1
kk,1384236000000,360.0,500.0,360.0,374.0,31.08120313
kk,1384239600000,374.0,374.0,374.0,374.0,2.0
kk,1384243200000,374.0,374.0,346.55506,346.55506,5.78154217
kk,1384250400000,381.9258,381.9258,381.9258,381.9258,1.0
kk,1384254000000,381.9258,381.9258,381.9258,381.9258,0.52142641
kk,1384257600000,403.0906,403.0906,360.0,360.0,6.3
kk,1384261200000,360.0,360.0,360.0,360.0,0.01
kk,1384272000000,365.0,365.0,365.0,365.0,0.21074219
kk,1384282800000,355.1,355.1,353.66199,353.66199,3.75
kk,1384290000000,349.97,349.97,349.97,349.97,0.20377
kk,1384293600000,353.66199,355.0,353.66199,355.0,0.14034
kk,1384304400000,365.0,370.0,365.0,370.0,0.42925781
kk,1384318800000,370.0,370.0,370.0,370.0,1.63109
kk,1384326000000,366.0,389.03414,366.0,385.18041,4.25602048
kk,1384329600000,385.18041,400.6254,381.36741,381.36741,0.38828718
kk,1384336800000,385.18301,385.18301,385.18301,385.18301,0.18456
kk,1384340400000,386.44069,398.4036,386.22117,386.22117,2.04478782
kk,1384344000000,382.39531,382.39531,378.86342,378.86342,0.03022651
kk,1384347600000,382.35,382.35825,382.35,382.35825,8.01493154
kk,1384351200000,386.14587,386.14587,382.32452,386.108,0.78831755
kk,1384354800000,389.93277,397.68853,389.93277,397.68853,0.17647408
kk,1384376400000,399.6941,405.59855,399.6941,405.59855,0.56440965
kk,1384383600000,406.0,406.0,398.0,398.0,7.63550085
kk,1384390800000,405.55474,406.0,405.55474,406.0,0.01499951
kk,1384394400000,405.97,405.97,405.8,405.8,0.14895
kk,1384405200000,404.97,404.97,404.8,404.8,0.70639
kk,1384416000000,409.56812,409.56812,409.56812,409.56812,0.01442935
kk,1384419600000,413.62121,417.91632,413.62121,417.91632,0.51056171
kk,1384423200000,417.91632,417.91632,417.0,417.0,1.244
kk,1384426800000,417.0,417.0,417.0,417.0,0.17408535
kk,1384430400000,418.0,423.39431,418.0,423.39431,6.3142184
kk,1384437600000,423.39709,423.39709,417.88567,417.88567,0.938164
kk,1384444800000,421.0,421.0,418.47,418.47,2.254
kk,1384448400000,418.47,418.47,418.47,418.47,0.207
kk,1384452000000,417.66938,417.66938,412.21,412.76024,0.80743175
kk,1384455600000,413.84,413.84,413.67,413.67,0.28922
kk,1384459200000,409.43556,413.44268,405.0,413.44268,0.25879765
kk,1384462800000,415.99,425.84138,415.82,425.84138,0.42698109
kk,1384470000000,425.62096,425.62096,425.62096,425.62096,0.78708529
kk,1384484400000,421.62096,421.62096,421.62096,421.62096,0.01436586
kk,1384488000000,421.0,421.0,421.0,421.0,0.00063414
kk,1384506000000,425.0,425.0,425.0,425.0,11.094
kk,1384513200000,425.0,425.0,425.0,425.0,26.406
kk,1384516800000,425.62096,430.0,425.62096,430.0,0.22488041
kk,1384520400000,428.98042,430.81081,428.98042,430.81081,0.62921503
kk,1384524000000,433.64061,434.47992,429.34502,429.57014,0.24986145
kk,1384534800000,431.4103,435.0,431.4103,435.0,1.23821926
kk,1384538400000,435.0,435.0,430.77,430.77,0.66332528
kk,1384542000000,430.0,430.0,429.0,429.0,2.323
kk,1384545600000,427.0,427.69243,427.0,427.69216,22.9275
kk,1384549200000,427.69216,427.7,427.5,427.69111,1.4189
kk,1384552800000,427.69111,427.69706,387.91236,415.66312,23.14679721
kk,1384556400000,419.77653,419.77653,410.0,410.0,10.04096319
kk,1384560000000,414.8989,419.00476,414.8989,419.00476,0.12852619
kk,1384563600000,420.40199,420.40199,418.5,418.5,4.25
kk,1384570800000,422.3,423.15123,422.3,423.15123,0.33420804
kk,1384574400000,427.33876,428.07,427.33876,428.07,0.06413847
kk,1384596000000,431.56771,435.83851,431.56771,435.83851,0.02806956
kk,1384599600000,440.15158,443.0,440.15158,443.0,9.25
kk,1384603200000,444.50734,444.50734,444.50734,444.50734,0.01386355
kk,1384610400000,440.10413,440.10413,437.24,437.24,9.16407157
kk,1384617600000,438.0,438.0,438.0,438.0,0.06392694
kk,1384653600000,444.44,444.45937,444.44,444.45937,0.5138647
kk,1384657200000,448.85775,448.85775,448.85775,448.85775,0.09135412
kk,1384664400000,453.29966,457.81649,453.25121,453.25121,0.913867
kk,1384671600000,457.73658,458.0,457.73658,458.0,4.11366314
kk,1384675200000,461.30133,466.84095,461.30133,466.84095,0.18212588
kk,1384678800000,469.30374,469.30374,469.30374,469.30374,0.11704
kk,1384682400000,469.23397,473.25285,469.23397,469.2356,0.968
kk,1384686000000,469.78,469.78,469.78,469.78,0.01
kk,1384689600000,466.79061,472.67035,430.0,470.57372,0.29344653
kk,1384696800000,473.10867,475.12651,473.10867,475.12651,0.875
kk,1384700400000,471.09612,471.09612,469.09492,469.09492,0.15
kk,1384704000000,467.98815,467.98815,466.94602,466.94602,0.014
kk,1384707600000,472.6194,477.29645,472.56842,472.56842,1.7635826
kk,1384718400000,477.10978,477.10978,467.88719,473.08603,3.24359116
kk,1384722000000,469.05944,477.19344,469.05944,477.19344,3.53683393
kk,1384725600000,481.91576,486.68481,481.91576,486.68481,0.02657176
kk,1384729200000,491.50107,491.50107,491.50107,491.50107,0.01318837
kk,1384736400000,496.36498,499.99,496.36498,499.99,0.98140978
kk,1384740000000,499.99,510.0,499.99,510.0,9.03838352
kk,1384754400000,511.24738,511.24738,511.24738,511.24738,0.01293192
kk,1384758000000,515.0,526.57599,515.0,526.57599,1.05841704
kk,1384761600000,531.787,536.70084,528.6,528.6,1.78047325
kk,1384765200000,528.601,530.0,505.90987,530.0,8.21907054
kk,1384768800000,531.44272,541.89613,523.9,541.89613,3.00226624
kk,1384772400000,547.25875,547.25875,536.58605,537.98448,0.66250342
kk,1384779600000,536.58605,536.58605,536.47019,536.47019,0.37228176
kk,1384786800000,533.0192,548.31817,533.0192,548.31817,0.7606056
kk,1384790400000,553.74432,572.17073,553.74432,565.76049,1.37465986
kk,1384794000000,571.35925,606.13484,571.35925,606.13484,0.57775799
kk,1384797600000,606.13484,606.13484,600.0,600.0,1.39170814
kk,1384801200000,606.06945,606.13,588.58276,590.92666,0.99456629
kk,1384804800000,586.79172,597.20281,539.0,597.20281,8.65989215
kk,1384808400000,595.00918,633.55135,595.00918,633.55135,1.07463934
kk,1384812000000,639.82099,640.0,620.08972,635.0,0.55627727
kk,1384815600000,639.61394,700.0,639.61394,700.0,0.57986965
kk,1384819200000,700.0,719.64615,700.0,719.64615,0.66451331
kk,1384822800000,726.76779,800.0,579.97087,662.60185,21.06538537
kk,1384826400000,664.96023,759.0,650.93,680.15552,1.12458752
kk,1384830000000,686.88637,700.4604,680.21894,693.91845,0.10400768
kk,1384833600000,693.91845,722.0983,693.91845,707.40216,1.13864065
kk,1384837200000,707.40216,707.40216,700.0,700.0,1.00017749
kk,1384844400000,700.01,700.01,700.0,700.0,0.01128185
kk,1384848000000,700.01,720.01,693.91845,699.77323,2.20614541
kk,1384851600000,693.90845,693.90845,680.5447,680.5447,0.0257821
kk,1384855200000,680.5342,680.5342,662.52386,662.52386,0.03823623
kk,1384858800000,662.52386,662.52386,635.00854,635.00854,0.05471262
kk,1384862400000,635.0,635.0,484.0,590.0,12.4779061
kk,1384866000000,582.53463,582.53463,525.62627,540.0,10.60806216
kk,1384869600000,542.40664,670.0,537.08233,637.67394,2.14239722
kk,1384873200000,631.35718,631.35718,606.0,612.71374,0.79754558
kk,1384876800000,606.64427,637.14382,594.65245,637.14382,0.09505041
kk,1384880400000,630.83235,630.83235,619.71818,630.83235,0.31160447
kk,1384884000000,635.0,643.31393,635.0,643.31393,0.52325223
kk,1384887600000,636.94821,636.94821,618.0,618.0,0.08724005
kk,1384891200000,612.54489,612.54489,612.52989,612.54489,0.32001676
kk,1384898400000,611.83984,611.83984,599.34478,599.34478,0.05165212
kk,1384902000000,593.40897,593.40897,587.52083,587.52083,0.04306416
kk,1384905600000,581.7009,581.7009,550.0,550.0,0.91231895
kk,1384909200000,552.94549,552.94549,551.0,551.0,0.09745
kk,1384912800000,558.41742,636.94821,558.41742,636.94821,0.51245043
kk,1384916400000,597.86388,597.86388,579.74861,579.74861,0.05012551
kk,1384920000000,573.9968,573.9968,540.1126,540.1126,6.95253575
kk,1384923600000,534.75955,534.75955,505.0,505.0,1.04049067
kk,1384927200000,513.46422,518.54546,513.46422,518.54546,0.02591455
kk,1384930800000,513.4088,528.75761,509.0,509.0,0.42616833
kk,1384934400000,507.002,507.002,507.002,507.002,0.7068
kk,1384938000000,505.84442,505.84442,481.91576,481.91576,0.05519712
kk,1384941600000,485.6511,490.96134,462.68692,462.68692,0.47522487
kk,1384945200000,462.66,490.45089,461.69,487.8,7.26009658
kk,1384948800000,487.75686,490.45089,479.60353,479.60353,0.589
kk,1384952400000,482.41312,517.8573,482.41312,517.8573,5.56540256
kk,1384956000000,515.78205,549.59184,515.78205,534.6672,2.04022694
kk,1384959600000,533.37577,537.0,533.37577,537.0,0.07310957
kk,1384963200000,538.0,576.89358,538.0,576.89358,6.56231856
kk,1384966800000,580.59263,594.19049,580.59263,585.07,0.29345474
kk,1384970400000,594.12634,610.0,594.12634,610.0,0.22543682
kk,1384974000000,611.93993,620.0,587.14,587.14,0.18300774
kk,1384977600000,587.14,598.55999,587.14,598.55999,0.48042749
kk,1384981200000,582.63779,582.63779,581.14599,581.14599,0.021
kk,1384984800000,582.77999,594.26963,575.8,594.26963,0.17244065
kk,1384988400000,591.12,594.79,450.0,591.81,22.05034342
kk,1384992000000,600.0,600.0,593.0,600.0,0.75468
kk,1384995600000,618.06652,621.48503,618.06652,621.48503,0.48029587
kk,1384999200000,597.97,599.83,583.11045,599.83,9.697
kk,1385013600000,618.55102,618.65158,618.55102,618.65158,0.1
kk,1385017200000,615.15334,621.96747,610.0,621.96747,0.936
kk,1385020800000,625.0,641.15179,625.0,630.35936,8.00310393
kk,1385028000000,624.38872,624.38872,619.23704,619.23704,0.22262
kk,1385031600000,628.26476,628.26476,628.26476,628.26476,0.00011518
kk,1385035200000,632.19634,669.21518,632.19634,659.34803,1.4656681
kk,1385038800000,664.57212,674.1904,647.8297,674.1904,0.75278615
kk,1385042400000,673.23,701.92,673.23,699.9,7.49345221
kk,1385046000000,699.9,710.0,675.672,684.53423,1.12082147
kk,1385049600000,685.56155,695.5755,665.71759,695.455,0.24113934
kk,1385053200000,695.455,720.0,681.72951,697.69911,0.1248605
kk,1385056800000,697.68777,704.34362,690.0,690.8555,0.73128912
kk,1385060400000,698.0,703.24,675.88578,675.88578,14.19602082
kk,1385064000000,669.19053,669.19053,647.18297,662.76044,24.14995885
kk,1385067600000,656.39305,710.7873,656.39305,666.39003,1.01642922
kk,1385071200000,671.91867,675.0,662.69923,662.69923,0.55143038
kk,1385074800000,670.06042,670.06042,670.06042,670.06042,0.02733837
kk,1385078400000,672.31667,685.02394,668.21249,685.02394,0.54869578
kk,1385082000000,677.50337,686.91837,666.36966,683.14515,1.17667273
kk,1385085600000,677.97274,690.7177,671.91346,686.92361,1.34733575
kk,1385092800000,689.13095,689.13095,689.13095,689.13095,0.020805
kk,1385096400000,677.53368,677.53368,642.70057,642.70057,0.87525084
kk,1385100000000,643.58986,649.98271,643.58986,649.98271,0.02331992
kk,1385103600000,655.0,682.59311,655.0,682.59311,0.58237924
kk,1385107200000,682.59311,689.34806,682.59311,689.34806,0.01022946
kk,1385110800000,682.59311,715.59315,672.41894,683.57945,0.97669127
kk,1385114400000,683.57945,683.57945,683.57945,683.57945,0.2
kk,1385118000000,683.57945,700.0,683.57945,700.0,0.14141003
kk,1385121600000,701.0,701.0,701.0,701.0,0.000469
kk,1385125200000,701.0,701.0,690.27034,697.66939,0.11916111
kk,1385128800000,704.57353,704.57353,683.50273,690.25955,0.1404771
kk,1385132400000,697.09039,715.0,697.09039,715.0,0.03975217
kk,1385136000000,717.99182,720.0,710.8795,710.8795,0.04997544
kk,1385139600000,710.8795,710.8795,710.0,710.0,0.0961953
kk,1385143200000,710.0,749.99,710.0,739.12023,4.51006724
kk,1385146800000,732.46094,732.46094,692.21113,715.95828,0.03970251
kk,1385150400000,715.94504,715.94504,715.72041,715.72041,0.00052968
kk,1385154000000,729.92029,729.92029,728.13332,728.13332,0.11679913
kk,1385157600000,728.13332,765.0,728.13332,765.0,2.68994169
kk,1385161200000,757.69843,810.0,757.69843,796.56582,4.38858598
kk,1385164800000,796.34865,806.08407,790.0,806.08407,1.16309514
kk,1385168400000,796.34865,796.34865,768.76234,779.43736,0.41822326
kk,1385172000000,780.0,780.0,780.0,780.0,0.07
kk,1385175600000,782.57132,806.0,782.57132,806.0,3.258
kk,1385179200000,796.34865,796.34865,796.34865,796.34865,0.04
kk,1385182800000,796.34865,814.22633,796.34865,807.0,2.4947
kk,1385186400000,818.0,818.0,818.0,818.0,0.038
kk,1385190000000,818.69774,839.02011,818.69774,839.02011,0.95074655
kk,1385193600000,839.02011,848.87818,818.23772,845.08135,2.48630858
kk,1385200800000,848.30212,850.0,848.30212,850.0,1.54018646
kk,1385204400000,855.0,871.69235,855.0,857.97162,2.90591985
kk,1385208000000,856.57419,880.0,856.57419,869.23873,1.82009131
kk,1385211600000,873.43705,904.0765,873.43705,883.60236,3.9246556
kk,1385215200000,878.46479,878.46479,805.96,850.95127,7.1906988
kk,1385218800000,855.0,882.25969,801.0,882.25969,5.56994822
kk,1385222400000,876.84688,892.479,859.56102,859.56102,1.14814761
kk,1385226000000,859.65381,876.829,830.38065,830.38065,6.78663959
kk,1385229600000,841.57097,882.25969,841.57097,882.25969,0.2455658
kk,1385233200000,875.0,875.0,875.0,875.0,0.2
kk,1385240400000,875.0,891.17141,866.71102,891.17141,0.22520969
kk,1385244000000,876.75,876.75,865.03857,865.03857,0.03726252
kk,1385247600000,856.64064,856.64064,822.15906,830.75754,0.56031147
kk,1385254800000,838.97872,838.97872,829.5,829.5,0.67763126
kk,1385258400000,822.43935,822.43935,805.0,807.0,2.59781903
kk,1385262000000,797.83543,797.83543,782.25611,790.07865,0.24552547
kk,1385265600000,781.94976,782.61458,774.05207,774.51099,0.17835625
kk,1385269200000,782.96687,816.774,782.96687,816.774,0.40325386
kk,1385272800000,810.0,810.0,800.33147,800.33147,0.11228395
kk,1385280000000,808.49658,808.49658,760.38,772.74504,6.02516375
kk,1385283600000,765.74504,765.74504,765.74504,765.74504,0.03618
kk,1385287200000,779.89215,790.0,779.89215,790.0,0.03189226
kk,1385294400000,795.40422,800.41165,790.0,790.0,0.08004024
kk,1385301600000,798.0,800.41165,798.0,800.41165,0.12750699
kk,1385305200000,800.41165,800.41165,800.41165,800.41165,0.00022982
kk,1385308800000,803.27556,825.0,803.27556,825.0,1.165
kk,1385312400000,811.06085,811.06085,811.06085,811.06085,0.01
kk,1385316000000,810.14372,819.50902,810.14372,819.50902,0.02905771
kk,1385319600000,825.0,825.0,825.0,825.0,0.00980157
kk,1385323200000,811.39106,811.39106,800.0,800.0,0.15
kk,1385334000000,808.49661,820.0,802.7899,808.33476,1.43530308
kk,1385337600000,805.0,805.0,800.0,800.0,2.964
kk,1385341200000,810.0,810.0,810.0,810.0,0.03434521
kk,1385355600000,800.0,800.0,800.0,800.0,0.10201455
kk,1385359200000,800.5,800.5,800.5,800.5,0.44190881
kk,1385362800000,808.02569,810.0,800.5,800.5,0.07625384
kk,1385370000000,800.5,800.5,800.0,800.0,0.07891234
kk,1385373600000,804.79685,809.0,804.79685,809.0,0.2002
kk,1385377200000,800.33468,800.33468,800.33468,800.33468,0.02789998
kk,1385380800000,800.33468,802.36271,735.08899,735.08899,1.9050681
kk,1385384400000,730.0,809.0,730.0,794.79864,0.42637846
kk,1385398800000,794.78323,794.78323,750.05213,758.28059,0.13667474
kk,1385402400000,764.79868,808.0,764.79868,794.94695,0.57514552
kk,1385406000000,803.45825,818.36641,760.70192,818.36641,1.28365594
kk,1385409600000,818.36641,818.36641,785.64235,801.59886,0.94672231
kk,1385413200000,791.26616,801.59886,774.65004,801.59886,0.4963187
kk,1385416800000,801.59886,801.59886,801.59886,801.59886,0.39922788
kk,1385420400000,801.59886,801.59886,801.59886,801.59886,0.75828514
kk,1385431200000,801.59886,801.59886,801.59886,801.59886,0.0786
kk,1385438400000,792.30603,792.30603,792.30603,792.30603,0.01505043
kk,1385442000000,801.59886,823.93383,801.59886,823.93383,1.0
kk,1385449200000,813.64171,813.64171,805.42393,805.42393,0.01467
kk,1385452800000,818.5137,825.0,818.5137,825.0,0.33229836
kk,1385456400000,825.0,834.79391,825.0,834.79391,0.28726923
kk,1385460000000,834.79391,840.0,828.0,828.0,1.08419824
kk,1385463600000,840.0,840.0,828.0,828.0,0.238503
kk,1385467200000,839.9999,839.9999,828.0,828.0,0.327091
kk,1385470800000,828.0,828.0,816.32339,817.69013,1.85959701
kk,1385474400000,816.32339,816.32339,811.18111,811.18111,0.09172816
kk,1385478000000,810.23072,810.23072,768.58034,788.74885,0.74265295
kk,1385481600000,788.74885,823.1902,788.74885,818.4176,2.03867948
kk,1385485200000,825.65733,826.336,823.095,823.095,0.46650568
kk,1385488800000,832.55734,852.38515,821.29125,852.38515,0.8613698
kk,1385492400000,849.55367,863.85,834.34272,863.85,1.47840271
kk,1385496000000,864.83632,868.30614,853.125,860.0,0.207255
kk,1385499600000,860.0,880.0,860.0,860.925,0.37293665
kk,1385503200000,871.1625,877.04153,871.1625,877.04153,0.52206315
kk,1385506800000,875.0625,900.0,875.0625,893.87025,1.82775082
kk,1385510400000,893.9,893.9,893.9,893.9,0.07529736
kk,1385514000000,893.9,898.36687,893.9,898.36687,0.25794199
kk,1385517600000,893.9,900.0,893.9,893.9,0.24570422
kk,1385521200000,900.0,900.0,893.9,893.9,0.20175822
kk,1385524800000,892.00363,892.00363,890.0,890.0,0.19211873
kk,1385528400000,890.0,890.0,890.0,890.0,0.174386
kk,1385532000000,890.0,900.0,890.0,900.0,0.15172452
kk,1385535600000,900.0,920.64249,900.0,920.64249,0.96955332
kk,1385539200000,922.83523,938.95495,922.83523,925.0,11.06781707
kk,1385542800000,925.0,925.0,922.83523,922.83523,0.16489479
kk,1385546400000,930.0,945.0,915.44515,915.44515,2.86333735
kk,1385550000000,935.85895,951.09,915.44515,951.09,0.63749246
kk,1385553600000,930.0,959.7,922.8,940.0,0.75226286
kk,1385557200000,940.0,1000.0,922.8,951.0,5.42838554
kk,1385560800000,951.0,951.0,933.91966,951.0,3.52163128
kk,1385564400000,962.43072,1081.09181,958.61448,987.65587,7.33331988
kk,1385568000000,985.68451,1049.0,957.19,957.19,4.10166417
kk,1385571600000,960.26772,1049.0,952.01,1000.55689,2.34509618
kk,1385575200000,1028.45868,1028.45868,959.01,987.65572,2.22923132
kk,1385578800000,1015.28351,1049.0,979.79373,979.79373,1.21164355
kk,1385582400000,977.83806,1007.958,961.0,961.0,0.4522217
kk,1385586000000,986.96308,993.16968,961.23,961.23,0.48879216
kk,1385589600000,961.23,990.7467,961.0,990.7467,1.23909803
kk,1385593200000,993.435,994.95,978.5,994.95,0.30777232
kk,1385596800000,994.95,1000.0,994.95,1000.0,0.34255143
kk,1385600400000,975.0,975.0,975.0,975.0,0.17494825
kk,1385604000000,975.0,975.0,935.0806,964.73217,3.29559473
kk,1385607600000,979.01896,984.91664,979.01896,984.91664,0.09334345
kk,1385614800000,971.21029,988.77941,971.21029,988.77941,1.12
kk,1385618400000,965.79801,965.79801,965.79801,965.79801,0.016
kk,1385622000000,965.79801,999.2419,952.38432,980.0,1.16648385
kk,1385625600000,961.94631,1000.0,956.04575,971.6043,4.78935135
kk,1385629200000,971.6043,994.21073,969.66498,976.73,0.40576199
kk,1385632800000,993.25849,1001.24442,969.1499,969.1499,0.50601917
kk,1385636400000,975.1,1008.01196,975.1,1007.00471,0.49739921
kk,1385640000000,1007.27605,1032.53747,1007.27605,1032.53747,0.86143792
kk,1385643600000,1003.1663,1049.47526,992.48645,1037.98343,8.77268916
kk,1385647200000,1037.98343,1050.0,1032.8243,1050.0,5.87378033
kk,1385650800000,1030.76267,1033.83566,1029.825,1033.83566,1.36036398
kk,1385654400000,1046.32896,1080.0,1046.32896,1080.0,0.89041173
kk,1385658000000,1080.0,1080.0,1042.17701,1042.17701,1.002532
kk,1385665200000,1071.34033,1088.41486,1016.44672,1033.31467,1.23182206
kk,1385668800000,1016.44672,1016.44672,1016.44672,1016.44672,0.00416918
kk,1385672400000,1012.39309,1012.39309,1012.39309,1012.39309,0.012
kk,1385676000000,1010.37234,1010.37234,1010.37234,1010.37234,0.00115035
kk,1385679600000,1016.44669,1031.7683,999.0,1000.32893,0.61255394
kk,1385686800000,1012.39302,1067.65565,1012.39302,1067.65565,0.96530986
kk,1385690400000,1065.35301,1079.30844,1053.66737,1053.66737,1.3863729
kk,1385697600000,1078.22724,1078.65482,1078.22724,1078.65482,0.15
kk,1385701200000,1053.66737,1053.66737,1053.66737,1053.66737,0.13361818
kk,1385704800000,1069.19311,1098.71888,1043.85876,1043.85876,0.68782577
kk,1385708400000,1037.62054,1056.42691,1033.48248,1056.42691,0.311
kk,1385712000000,1031.41963,1062.7909,1025.25577,1035.54939,0.40443146
kk,1385715600000,1033.48243,1073.54102,1018.03,1065.52158,4.93993813
kk,1385719200000,1037.62045,1086.15912,1037.2,1060.6777,3.78360141
kk,1385722800000,1061.0,1061.0,1060.7,1061.0,2.0
kk,1385726400000,1093.00036,1094.78826,1062.79905,1062.79905,1.8468909
kk,1385730000000,1084.0,1113.99972,1079.78829,1101.42427,1.856
kk,1385733600000,1090.23088,1090.23088,1075.61653,1075.61653,0.09285544
kk,1385737200000,1088.63284,1095.19084,1088.63284,1093.01,0.05422529
kk,1385740800000,1097.38561,1113.69115,1058.56058,1112.87266,4.63662996
kk,1385744400000,1121.82033,1122.9345,1085.01,1107.1948,1.97112186
kk,1385748000000,1108.42564,1112.87267,1081.93822,1112.87267,0.88635807
kk,1385751600000,1112.87267,1135.09563,1103.77273,1103.77273,0.67464316
kk,1385755200000,1099.37086,1099.37086,1090.61971,1092.80094,0.10080002
kk,1385758800000,1110.0,1135.0,1110.0,1135.0,1.50757992
kk,1385762400000,1135.0,1151.40016,1103.77273,1115.05,1.21330693
kk,1385766000000,1115.92,1198.8009,1111.11,1165.425,5.22477999
kk,1385769600000,1155.62219,1155.62219,1155.0,1155.0,1.13712554
kk,1385773200000,1148.77254,1148.77254,1148.77254,1148.77254,0.06681819
kk,1385776800000,1155.67896,1155.67896,1155.0,1155.0,1.02227272
kk,1385780400000,1155.0,1189.10145,1155.0,1189.10145,2.22519555
kk,1385784000000,1160.30629,1160.30629,1140.0,1140.0,2.25903036
kk,1385787600000,1149.09756,1151.0,1132.1,1150.0,1.50298422
kk,1385791200000,1150.0,1162.0,1150.0,1161.97234,2.88925068
kk,1385794800000,1155.01446,1155.01446,1125.42719,1145.32,0.502
kk,1385798400000,1141.5,1141.5,1135.07,1135.07,0.07562415
kk,1385802000000,1135.88,1153.35,1135.88,1142.2,2.19064131
kk,1385805600000,1142.2,1161.97234,1123.18082,1161.97234,2.51662051
kk,1385809200000,1132.19324,1161.97234,1132.19324,1161.97234,0.0044099
kk,1385812800000,1132.19324,1162.0,1117.5038,1162.0,0.15096363
kk,1385816400000,1159.6484,1159.6484,1109.97234,1109.97234,1.63737787
kk,1385820000000,1110.52733,1113.28,1100.0,1100.54,2.12620823
kk,1385823600000,1100.0,1127.59708,1094.38283,1120.84503,0.34099999
kk,1385827200000,1123.09121,1141.22344,1120.93882,1120.93882,0.205
kk,1385830800000,1125.42705,1125.42705,1125.42705,1125.42705,0.014
kk,1385834400000,1116.46849,1116.46849,1116.46849,1116.46849,0.016
kk,1385838000000,1114.24001,1125.34189,1109.79639,1125.34189,0.12824872
kk,1385841600000,1125.34189,1125.42705,1125.34189,1125.42705,0.42833376
kk,1385845200000,1125.42705,1125.42705,1125.42705,1125.42705,1.30841752
kk,1385852400000,1114.24001,1114.24001,1114.24001,1114.24001,0.014
kk,1385856000000,1112.01598,1112.01598,1112.01598,1112.01598,0.014
kk,1385859600000,1130.0,1130.0,1103.16417,1103.16417,0.128
kk,1385866800000,1100.96225,1100.96225,1087.84268,1087.84268,0.11389454
kk,1385870400000,1085.67133,1094.23873,1056.0,1094.23873,1.19170734
kk,1385874000000,1068.61128,1068.61128,1050.0,1050.0,2.93514285
kk,1385877600000,1049.79536,1049.79536,1025.0,1025.0,2.26510235
kk,1385881200000,1025.0,1075.2911,1018.79968,1058.21869,1.4190799
kk,1385884800000,1058.21869,1059.0,1038.8588,1056.09009,1.89801864
kk,1385888400000,1047.69966,1047.69966,1038.8,1038.8,0.46600196
kk,1385892000000,1038.8,1053.97791,1037.8788,1046.8654,0.84700499
kk,1385895600000,1035.21484,1048.05097,999.0,1048.05097,0.928082
kk,1385899200000,1026.97429,1026.97429,963.3498,965.16213,2.49975564
kk,1385902800000,984.77783,1016.67301,984.41196,1016.67301,3.10350089
kk,1385906400000,1016.67301,1026.90106,1016.67301,1026.90106,0.18478005
kk,1385913600000,1016.67306,1016.67306,985.0,985.0,0.40489696
kk,1385917200000,976.80211,984.6231,967.71566,984.6231,0.5848096
kk,1385920800000,969.02657,969.02657,916.30367,916.30367,0.58334164
kk,1385924400000,910.9789,937.53872,824.91225,899.03276,5.65667081
kk,1385928000000,897.23829,941.05752,770.0,912.94549,23.59601816
kk,1385931600000,912.94549,969.51561,909.11886,909.11886,2.73478807
kk,1385935200000,935.16635,961.77501,931.15702,961.77501,0.459
kk,1385938800000,961.77501,985.0,949.92972,953.72943,0.49198
kk,1385942400000,952.89757,985.0,946.14514,985.0,2.49133614
kk,1385946000000,981.24355,1033.72599,981.24355,988.61814,3.56401507
kk,1385949600000,1008.0081,1035.02864,990.457,1014.33453,0.40537332
kk,1385953200000,1037.8775,1047.15782,1016.63382,1016.63382,0.27948584
kk,1385956800000,1012.58349,1014.8005,994.9403,1014.8005,0.89474918
kk,1385960400000,1014.8005,1034.8,1004.53118,1029.6,2.83531228
kk,1385964000000,1024.85,1029.08844,1024.85,1029.08844,0.05393937
kk,1385967600000,1029.08844,1037.37081,1029.08844,1037.37081,0.05499
kk,1385971200000,1039.85235,1039.85235,1035.70951,1035.70951,0.265991
kk,1385974800000,1039.85234,1039.85234,1011.19677,1038.2886,1.36034768
kk,1385978400000,1023.37972,1023.37972,997.79415,997.79415,2.0
kk,1385982000000,1019.53176,1029.18,983.33085,983.33085,2.239935
kk,1385985600000,987.26417,987.26417,971.62464,971.62464,0.39875054
kk,1385989200000,971.62464,971.62464,971.62464,971.62464,0.079017
kk,1385992800000,967.75362,971.0,963.89802,971.0,0.102039
kk,1385996400000,998.81667,1039.85235,998.81667,1039.85235,0.40420006
kk,1386000000000,1039.85235,1039.85235,1007.16794,1007.16794,0.769829
kk,1386003600000,1009.8,1023.37952,972.84361,972.84361,6.142079
kk,1386007200000,980.0,1002.78682,977.52177,1002.78682,0.46924459
kk,1386010800000,998.77568,1024.284,998.77568,1005.0,1.24362165
kk,1386014400000,1005.73858,1005.73858,1005.73858,1005.73858,2.25
kk,1386018000000,1006.76358,1035.0,1006.76358,1035.0,5.77619414
kk,1386021600000,1035.0,1035.0,1022.9544,1022.9544,0.890893
kk,1386025200000,1035.46139,1059.0,1022.9544,1022.9544,1.91789317
kk,1386032400000,1031.15439,1031.15439,1027.04621,1027.04621,0.042
kk,1386039600000,1018.87889,1018.87889,995.4975,1014.91726,0.6649
kk,1386043200000,1017.75163,1025.0,1017.75163,1025.0,0.193
kk,1386050400000,1020.19596,1064.15011,1018.25274,1018.25274,1.31101243
kk,1386054000000,1022.32575,1028.0,1022.0,1028.0,0.878
kk,1386057600000,1029.0,1029.0,1029.0,1029.0,0.015
kk,1386061200000,1027.0,1055.65394,1027.0,1055.65394,2.154
kk,1386064800000,1034.64279,1059.0,1034.64279,1047.10822,0.69569783
kk,1386068400000,1047.10822,1064.0,1047.10822,1059.89351,2.3935283
kk,1386072000000,1059.89351,1059.89351,1059.89351,1059.89351,0.68331386
kk,1386075600000,1064.0,1064.0,1040.0,1040.0,1.58427027
kk,1386079200000,1040.0,1047.22561,1000.0,1035.0,1.65207394
kk,1386082800000,1006.13077,1033.0,1000.0,1033.0,0.63984756
kk,1386086400000,1030.57029,1030.57029,1002.12229,1026.44801,0.06916193
kk,1386090000000,1026.44801,1036.40558,1026.44801,1036.40558,1.20926161
kk,1386093600000,1051.43133,1060.0,1051.2966,1051.2966,0.43315782
kk,1386097200000,1047.10817,1047.10817,1035.0,1035.0,5.0679
kk,1386100800000,1047.22563,1063.46827,1037.74252,1038.78131,1.7084836
kk,1386104400000,1055.65396,1076.52087,1035.0,1055.0,0.58651232
kk,1386108000000,1047.10817,1063.02824,1047.10817,1063.02824,0.765
kk,1386111600000,1064.15016,1066.04762,1047.10817,1063.46318,0.52476876
kk,1386115200000,1051.2966,1068.18131,1035.0,1067.64749,4.65911019
kk,1386118800000,1068.18131,1068.18131,1040.0,1040.0,0.47475066
kk,1386122400000,1059.89356,1065.9236,1059.89356,1065.9236,0.2
kk,1386126000000,1064.15016,1064.15016,1064.0988,1064.15016,0.03792697
kk,1386129600000,1064.15016,1064.15016,1064.15016,1064.15016,0.00067849
kk,1386133200000,1042.93643,1042.93643,1040.0,1040.0,1.03058653
kk,1386140400000,1064.0382,1064.0382,1064.0382,1064.0382,0.050661
kk,1386144000000,1066.58064,1068.0,1040.5636,1068.0,0.95106
kk,1386147600000,1044.72585,1049.02236,1011.88848,1049.02236,1.3289539
kk,1386151200000,1049.02236,1105.12996,1049.02236,1070.05131,5.42017271
kk,1386154800000,1109.56825,1119.65754,1042.0,1042.0,2.28600874
kk,1386158400000,1044.72584,1065.0,981.75885,988.26204,9.89656346
kk,1386162000000,988.75617,1071.30889,988.75617,997.41548,3.39957206
kk,1386165600000,1000.41149,1111.15754,1000.41149,1083.0,2.02666213
kk,1386169200000,1084.0,1093.99473,1048.90459,1093.99473,0.82807118
kk,1386172800000,1094.0,1116.80298,1078.62868,1095.99054,1.85044569
kk,1386176400000,1095.99054,1095.99054,1080.0,1080.0,0.47729536
kk,1386180000000,1101.79143,1120.0,1070.0,1070.0,0.922755
kk,1386183600000,1082.94319,1084.26829,1056.0,1079.93122,1.18475684
kk,1386187200000,1079.93122,1092.99475,1079.93122,1079.93122,0.67063
kk,1386190800000,1079.93122,1090.0,1079.93122,1079.93122,1.35189378
kk,1386194400000,1079.93122,1092.99475,1079.93122,1092.99475,0.08750046
kk,1386198000000,1092.99475,1097.38428,1079.93122,1079.93122,1.21677983
kk,1386201600000,1088.62278,1088.62278,1088.62278,1088.62278,0.52842737
kk,1386205200000,1092.99475,1105.0,1092.99475,1105.0,0.90870308
kk,1386208800000,1105.0,1106.2163,1105.0,1106.2163,0.053
kk,1386212400000,1091.62404,1110.0,1091.62404,1110.0,0.07690132
kk,1386223200000,1085.78221,1085.78221,1085.78221,1085.78221,0.012
kk,1386226800000,1085.78221,1085.78221,1055.0,1055.0,0.60199531
kk,1386230400000,1077.1134,1077.1134,936.68869,951.76584,9.69546565
kk,1386234000000,959.39519,1030.65716,923.93834,923.93834,2.82884038
kk,1386237600000,925.5377,977.56137,855.7,976.0,11.33143647
kk,1386241200000,995.0,995.0,948.32196,967.17982,4.9382559
kk,1386244800000,972.43807,1020.0,959.88386,1020.0,5.58992284
kk,1386248400000,987.08526,1032.69452,971.44859,987.10731,6.70901489
kk,1386252000000,986.92983,992.12247,985.0,992.12247,0.84
kk,1386255600000,996.10689,1020.0,996.10689,1014.49275,9.39225664
kk,1386259200000,1002.97362,1045.1867,993.54681,1045.1867,3.08681338
kk,1386262800000,1039.71292,1069.92276,1019.11773,1020.01,5.116028
kk,1386266400000,1032.01615,1032.7,987.18129,1015.60272,1.77403894
kk,1386270000000,1011.54031,1030.0,1011.54031,1027.88809,0.28053573
kk,1386273600000,1015.15624,1032.01615,1008.05015,1032.01615,0.49141293
kk,1386277200000,1036.16079,1040.35854,1016.26002,1016.26002,0.3486491
kk,1386284400000,1032.05233,1032.05233,1032.05233,1032.05233,0.03290186
kk,1386288000000,1032.05233,1047.90262,1030.0,1032.06876,0.6025271
kk,1386291600000,1007.64226,1007.64226,980.0,980.0,1.33912194
kk,1386295200000,1007.16271,1026.8839,1007.16271,1026.8839,1.94090538
kk,1386298800000,987.72894,987.72894,987.72894,987.72894,0.0379
kk,1386302400000,987.72894,987.72894,983.79377,983.79377,0.063
kk,1386306000000,980.0,980.0,964.35183,964.35183,0.62614084
kk,1386309600000,990.55622,1010.1219,990.55622,995.10062,0.64947636
kk,1386313200000,995.10062,1010.2593,995.10062,1010.2593,1.26562928
kk,1386316800000,1019.28318,1049.29923,1010.2593,1019.28318,5.05730834
kk,1386320400000,1023.16369,1052.4953,1023.16369,1052.3,1.3116341
kk,1386324000000,1065.22702,1065.22702,995.10062,995.10062,2.43321781
kk,1386327600000,1027.48677,1035.75624,1027.48677,1030.0,2.05343629
kk,1386331200000,1035.75624,1035.75624,1030.0,1032.53802,0.16200642
kk,1386334800000,1026.36625,1039.9159,1012.1195,1017.6291,1.55904438
kk,1386338400000,1018.20434,1023.37683,1015.0,1023.37683,0.28704746
kk,1386342000000,1018.20434,1022.01918,950.0,950.0,2.98446802
kk,1386345600000,975.3212,980.0,951.97565,960.0,5.01497784
kk,1386349200000,962.85952,980.0,959.02343,965.0,1.50985881
kk,1386352800000,965.0,979.23815,911.0,921.49307,8.58394376
kk,1386356400000,921.49307,921.49307,865.0,900.09968,6.69657141
kk,1386360000000,899.20026,929.01216,869.1893,904.60271,8.03463323
kk,1386363600000,890.25953,911.5237,883.25,911.03528,2.40028593
kk,1386367200000,911.03528,922.05574,883.25,903.76158,4.51457609
kk,1386370800000,903.76158,903.76158,838.51515,864.78197,3.58113828
kk,1386374400000,866.89118,882.28708,850.01685,868.0,0.63951106
kk,1386378000000,868.0,868.0,763.05826,763.05826,8.79048075
kk,1386381600000,761.57581,815.33075,695.28744,784.8496,10.71752143
kk,1386385200000,784.1,950.0,758.1418,783.93658,10.78786824
kk,1386388800000,790.90403,805.8234,767.65464,767.65464,1.80587551
kk,1386392400000,762.41873,762.41873,747.65085,747.65085,0.2717264
kk,1386396000000,746.8325,746.8325,676.94825,701.6603,5.32362346
kk,1386399600000,702.02484,710.19731,600.96141,650.14086,9.89683078
kk,1386403200000,650.14086,693.28859,650.14086,661.55328,18.08088419
kk,1386406800000,668.10005,694.94201,650.14086,663.63515,7.64066417
kk,1386410400000,656.01295,722.99167,650.14086,721.69831,5.75575946
kk,1386414000000,721.69831,786.12,721.69831,786.12,4.33918512
kk,1386417600000,788.36497,866.61836,750.0,770.0,11.13239058
kk,1386421200000,770.0,810.57508,770.0,800.61848,1.96656417
kk,1386424800000,795.39822,796.37295,786.3848,786.3848,0.30516399
kk,1386428400000,780.89422,780.89422,756.401,756.401,0.88708216
kk,1386432000000,751.17544,751.17544,686.7617,691.01,8.41119811
kk,1386435600000,691.01,749.27349,691.01,749.27349,0.48321659
kk,1386439200000,756.68833,766.53,756.68833,766.53,0.97509736
kk,1386442800000,766.53,766.53,650.80631,725.54779,4.60433324
kk,1386446400000,723.6635,748.42816,698.78012,745.26223,3.34940421
kk,1386450000000,741.01066,745.0,734.10076,741.36542,1.49222225
kk,1386453600000,734.02158,734.02158,716.10729,716.10729,3.79972477
kk,1386457200000,712.34659,717.0,691.87076,699.42201,1.07557971
kk,1386464400000,693.64295,693.64295,670.004,676.78265,2.65689098
kk,1386468000000,676.78265,704.51597,674.0,704.51597,1.56588575
kk,1386471600000,704.51597,715.92494,704.51597,715.92494,0.30862989
kk,1386475200000,707.02013,707.02013,693.64293,704.51597,0.36836
kk,1386478800000,706.94274,706.94274,706.94274,706.94274,0.0115228
kk,1386482400000,713.93867,728.33311,713.93867,723.05004,0.417232
kk,1386486000000,728.33311,769.89,728.33311,740.39001,5.06606994
kk,1386489600000,740.0,771.0,740.0,771.0,5.9807624
kk,1386493200000,772.20731,788.0,766.05,774.0105,8.8782679
kk,1386496800000,779.0,800.35883,779.0,800.35883,1.81068363
kk,1386500400000,787.3116,787.3116,770.06212,770.06212,0.040556
kk,1386504000000,769.09652,769.09652,745.90522,745.90522,0.61773628
kk,1386507600000,745.90522,745.90522,715.94516,744.3675,3.98585267
kk,1386511200000,744.3675,744.3675,728.28617,730.19,0.9854324
kk,1386514800000,723.4541,728.48,715.78,716.85825,5.97829157
kk,1386518400000,722.2417,752.85256,722.2417,734.11245,0.96787674
kk,1386522000000,742.90809,742.90809,742.90809,742.90809,0.01124964
kk,1386525600000,735.54897,735.54897,728.28617,734.11245,0.1031
kk,1386529200000,730.17436,732.97,729.96,732.97,0.2212
kk,1386532800000,740.12778,758.17888,740.0,740.0,3.22857419
kk,1386536400000,741.64508,759.31,741.64508,759.0,0.78723506
kk,1386540000000,759.31,789.24767,751.87246,789.24767,3.40254779
kk,1386543600000,782.92,801.45651,779.0,795.61257,0.4758369
kk,1386547200000,801.53386,803.0432,788.0,803.0432,1.82010003
kk,1386550800000,795.00137,812.0,782.43239,804.27,1.74690689
kk,1386554400000,815.01692,852.69566,815.01692,844.60655,8.04978646
kk,1386558000000,833.9328,869.10704,833.31968,849.63084,3.48041891
kk,1386561600000,841.21446,841.21446,816.4623,828.21543,0.50289444
kk,1386565200000,832.70169,845.0,832.70169,845.0,0.28321478
kk,1386568800000,847.32909,880.0,847.32909,880.0,1.1223831
kk,1386572400000,878.30646,890.0,871.39,890.0,11.09276333
kk,1386576000000,890.0,890.0,865.65,878.0,7.14712631
kk,1386579600000,885.3895,890.0,874.10318,890.0,6.24935244
kk,1386583200000,890.0,890.0,865.28518,885.38957,0.40379743
kk,1386586800000,890.0,890.0,858.429,858.429,1.2991
kk,1386590400000,864.30945,864.30945,864.30945,864.30945,0.0265573
kk,1386594000000,872.62009,890.0,872.62009,878.19371,1.0762458
kk,1386597600000,878.19371,889.88097,857.04325,871.28001,3.7485023
kk,1386601200000,864.30945,870.0,850.0,865.0,2.63265557
kk,1386604800000,870.87,890.0,870.87,885.38957,0.798283
kk,1386608400000,880.59067,880.59067,878.19371,878.19371,0.10914716
kk,1386612000000,871.86761,879.95,852.55319,879.95,1.9809471
kk,1386615600000,878.30646,914.29786,857.44986,857.44986,6.55425416
kk,1386619200000,857.44986,885.38957,857.44986,885.38957,0.33818601
kk,1386622800000,878.30646,883.0,878.30646,878.83,0.23624238
kk,1386626400000,871.22392,886.99,864.30945,886.99,0.26607734
kk,1386630000000,890.0,899.72762,885.38957,899.72762,0.25330955
kk,1386633600000,899.72762,940.12827,899.72762,930.81546,6.90314539
kk,1386637200000,940.02677,946.0,921.79379,939.92534,1.03018763
kk,1386640800000,930.61457,930.61457,920.0,930.51407,1.12023947
kk,1386644400000,938.0,938.0,912.17024,912.17024,0.11414342
kk,1386648000000,903.13437,912.17024,899.4394,910.0,0.18249569
kk,1386651600000,910.0,930.0,910.0,930.0,1.4675375
kk,1386655200000,925.09904,928.72,919.0,919.11,2.67381
kk,1386658800000,920.11,932.50016,920.11,932.50016,0.19307258
kk,1386662400000,937.0,937.0,932.0,932.0,0.4028
kk,1386666000000,933.1,937.1,928.0,928.0,1.89358836
kk,1386669600000,924.69553,924.69553,919.0,920.13,0.46322099
kk,1386673200000,925.0,925.0,925.0,925.0,0.02
kk,1386676800000,919.0,923.11,912.56,923.11,3.46745332
kk,1386680400000,924.57748,925.5,917.18087,917.35668,2.364
kk,1386684000000,924.57748,928.54,924.57748,928.0,2.21442559
kk,1386687600000,928.54,935.0,928.54,935.0,0.12009377
kk,1386691200000,935.0,936.7,930.325,930.325,1.65679917
kk,1386694800000,924.69553,934.48,924.69553,925.35,0.10132809
kk,1386698400000,939.55015,975.11,939.55015,964.9,2.42746285
kk,1386702000000,955.89,955.89,950.0,950.0,3.81368089
kk,1386705600000,950.0,950.0,945.0,950.0,32.82331924
kk,1386709200000,950.0,950.0,941.29894,950.0,3.17512184
kk,1386712800000,950.0,959.11111,939.54983,959.11111,1.12833152
kk,1386716400000,954.64274,959.11111,954.64274,959.11111,0.06056065
kk,1386720000000,954.64274,959.11111,954.64274,959.11111,0.07071246
kk,1386723600000,959.11111,979.23,959.11111,979.23,1.01
kk,1386727200000,962.27988,962.27988,962.27988,962.27988,0.0717
kk,1386730800000,962.27988,962.27988,950.0,959.79,1.51439525
kk,1386734400000,947.06622,964.36848,941.88,964.36848,0.28295884
kk,1386738000000,954.81087,954.81087,935.0,935.0,0.5919453
kk,1386741600000,932.0,932.0,931.0,931.0,0.9
kk,1386745200000,940.0,940.0,940.0,940.0,1.0
kk,1386748800000,945.01,945.01,945.01,945.01,0.018
kk,1386752400000,940.0,940.0,924.0,927.41651,2.88549528
kk,1386756000000,920.17354,920.17354,858.0,898.09344,8.08004145
kk,1386759600000,891.30762,919.99718,861.0,863.34723,5.28592513
kk,1386763200000,864.99,883.78144,820.0,871.43,4.87402751
kk,1386766800000,876.71119,887.43266,861.59957,887.43266,4.32845271
kk,1386770400000,884.03,927.41651,884.03,915.0,1.83998515
kk,1386774000000,905.62554,905.62554,887.22474,888.11218,0.68279747
kk,1386777600000,900.0,900.0,877.21239,892.21,2.1388272
kk,1386781200000,896.51832,898.08344,879.59,898.08344,0.84227187
kk,1386784800000,887.54169,890.9087,886.0,890.9087,1.05
kk,1386788400000,890.9087,898.08344,863.3472,870.25397,0.27868968
kk,1386792000000,870.25397,880.0,856.49524,880.0,1.12343473
kk,1386795600000,876.71119,880.0,868.0,878.27133,3.42297734
kk,1386799200000,870.25397,883.78144,870.25397,883.78144,0.75138602
kk,1386806400000,883.78144,886.96271,882.03,886.96271,0.29602783
kk,1386810000000,895.7401,919.07787,891.30758,891.30758,0.51871477
kk,1386813600000,890.0,890.0,890.0,890.0,0.19601764
kk,1386817200000,890.0,890.0,878.34083,878.34083,0.09575534
kk,1386820800000,870.25397,873.3472,863.3472,873.3472,0.19864391
kk,1386824400000,879.00716,890.9087,863.3472,863.3472,0.36852553
kk,1386828000000,878.81827,883.78144,866.12,879.33297,0.24940368
kk,1386860400000,883.78144,883.78144,883.78144,883.78144,0.02080831
kk,1386864000000,871.14958,871.14958,863.66,863.66,3.7
kk,1386871200000,863.66,863.66,857.37669,857.37669,0.22259925
kk,1386874800000,860.85604,861.0,860.85604,861.0,0.4
kk,1386882000000,867.79842,867.79842,867.79842,867.79842,0.01313669
kk,1386885600000,867.79842,885.85814,867.70433,869.14245,1.31799893
kk,1386889200000,873.0,873.0,873.0,873.0,0.21
kk,1386900000000,881.4786,890.20173,880.0,890.0,0.31947494
kk,1386903600000,891.30758,904.42155,891.30758,904.42155,0.72841966
kk,1386907200000,890.0096,890.0096,890.0,890.0,0.25339845
kk,1386914400000,893.65,906.93845,893.65,906.93845,0.41223635
kk,1386918000000,906.9383,907.71182,892.59942,892.59942,0.40663502
kk,1386921600000,905.0,910.0,904.44505,910.0,2.51682587
kk,1386925200000,912.5,916.59561,912.5,916.59561,0.39416584
kk,1386928800000,907.71,907.71,907.71,907.71,0.087285
kk,1386932400000,907.51596,907.51596,899.74021,899.74021,0.06
kk,1386936000000,899.74021,899.74021,871.51529,887.87,0.73229307
kk,1386939600000,888.26815,892.47549,870.0,870.0,3.09712811
kk,1386943200000,876.0,886.0,872.645,886.0,3.74769505
kk,1386946800000,883.0,886.0,870.67,870.67,0.835891
kk,1386950400000,878.26285,878.26285,853.07,857.49,8.55752948
kk,1386954000000,864.8,869.72474,864.8,869.72474,0.11215497
kk,1386957600000,871.23675,871.23675,871.23675,871.23675,0.088
kk,1386961200000,861.10939,861.10939,859.0,859.0,0.09177299
kk,1386964800000,859.06,870.27965,857.73662,857.73662,0.46091896
kk,1386968400000,857.73662,871.23675,857.73662,871.23675,0.98847275
kk,1386972000000,874.0,874.0,864.0,864.0,1.0933418
kk,1386975600000,871.3,878.79707,868.23,878.79707,1.1073847
kk,1386979200000,885.34561,885.34561,877.60892,877.60892,1.34532296
kk,1386982800000,885.33561,885.34561,885.33561,885.33561,0.07054907
kk,1386986400000,878.0,878.0,872.01,872.01,1.06267
kk,1387008000000,885.17569,885.18569,878.09395,878.09395,0.188929
kk,1387011600000,871.12496,871.12496,871.12496,871.12496,0.07034
kk,1387015200000,871.13496,871.13496,871.13496,871.13496,0.08062597
kk,1387018800000,871.12496,871.12496,870.0,870.0,0.19130368
kk,1387022400000,870.01,870.01,867.0,868.53,2.39997734
kk,1387026000000,865.65,865.65,850.0,857.18819,2.4937147
kk,1387029600000,860.0,864.09099,860.0,864.09099,0.36098738
kk,1387033200000,864.10099,885.0,857.36246,885.0,1.95548664
kk,1387036800000,878.08429,878.08429,854.99,854.99,0.1146319
kk,1387040400000,870.76156,871.0,862.13593,862.13593,0.03480099
kk,1387044000000,858.26,858.26,858.26,858.26,0.00088502
kk,1387051200000,857.35246,884.2184,850.1,864.21127,0.74960493
kk,1387054800000,865.0,865.0,864.21127,864.21127,0.1146
kk,1387058400000,864.21127,864.21127,853.0,862.17448,0.95924738
kk,1387072800000,870.6966,870.6966,870.6966,870.6966,0.12
kk,1387076400000,865.77,865.77,865.77,865.77,0.00051262
kk,1387080000000,853.63392,862.59145,853.0,862.59145,0.23856089
kk,1387083600000,853.0,857.5216,830.45725,843.7524,3.85567965
kk,1387087200000,833.12965,834.42282,820.0,834.42282,0.52669325
kk,1387090800000,839.78494,853.38446,839.78494,853.38446,0.25104792
kk,1387094400000,842.8414,858.96534,820.7556,858.96534,2.53073093
kk,1387098000000,846.55739,854.88,846.55739,853.37446,0.59698213
kk,1387101600000,853.38446,853.38446,853.38446,853.38446,0.014
kk,1387105200000,860.25659,867.36,854.87,854.87,3.18388267
kk,1387108800000,854.87,854.87,852.18276,852.18276,0.18391788
kk,1387112400000,846.50287,846.50287,843.74114,843.74114,0.091455
kk,1387116000000,846.50287,868.4,846.50287,853.27489,0.3993434
kk,1387119600000,867.0,871.52,853.28489,853.28489,0.85232137
kk,1387123200000,860.11108,860.11108,860.11108,860.11108,0.05
kk,1387126800000,862.11,862.11,855.01,855.01,1.06309286
kk,1387130400000,853.28489,853.31,853.0,853.31,1.57379892
kk,1387134000000,861.99,865.0,861.99,863.56,0.7482934
kk,1387137600000,866.12,884.0,859.0,859.28,14.31164981
kk,1387141200000,859.28,882.0,851.11,860.0,3.24852064
kk,1387144800000,860.11108,885.0,860.11108,883.10346,0.84476472
kk,1387148400000,870.61316,870.61316,863.71354,863.71354,1.0
kk,1387152000000,863.70354,863.70354,863.70354,863.70354,0.079299
kk,1387162800000,876.45755,884.0,870.61316,870.61316,0.68766991
kk,1387170000000,877.63456,878.0,870.61316,870.61316,0.48703054
kk,1387180800000,873.59,873.59,867.81211,867.81211,0.08785
kk,1387184400000,868.816,869.99,847.31349,847.31349,10.14626226
kk,1387188000000,853.98299,853.98299,830.0,830.0,1.47814005
kk,1387191600000,830.0,830.0,830.0,830.0,0.00435404
kk,1387195200000,837.8452,837.8452,801.0,812.49,4.46793019
kk,1387198800000,815.0,815.0,763.93644,795.0,3.85041034
kk,1387202400000,795.01,807.29255,782.41796,782.42796,2.9658118
kk,1387206000000,794.4034,811.0,794.4034,811.0,2.05198076
kk,1387209600000,813.80297,813.80297,811.0,811.0,0.9898398
kk,1387213200000,802.17832,802.17832,751.85858,775.51341,0.75430971
kk,1387216800000,767.11462,767.11462,691.38,738.69999,10.69970664
kk,1387220400000,744.98528,746.00284,676.35,683.29733,9.84156323
kk,1387224000000,672.49438,757.04961,662.6585,757.04961,4.53877481
kk,1387227600000,745.026,833.65105,716.75854,752.0,4.95461671
kk,1387231200000,745.89127,770.0,715.41211,736.32443,2.96166763
kk,1387234800000,736.33443,736.33443,699.82792,709.93373,5.5363195
kk,1387238400000,715.659,722.49259,710.0,715.659,2.85964733
kk,1387242000000,711.06995,711.06995,705.42654,705.42654,0.252978
kk,1387245600000,705.42654,729.39425,688.0401,709.69008,2.79814859
kk,1387249200000,716.71321,733.11332,681.01751,683.29724,5.85235466
kk,1387252800000,683.0,683.0,677.87425,677.87425,0.33052748
kk,1387256400000,674.74714,693.03128,674.73714,693.03128,1.79646806
kk,1387260000000,694.55934,758.84502,694.55934,728.56097,9.13573856
kk,1387263600000,732.01,749.50912,721.59392,725.53213,4.91199666
kk,1387267200000,729.70449,730.81079,720.74967,725.80113,2.23832747
kk,1387270800000,725.80113,731.58269,719.77394,719.77394,2.086895
kk,1387274400000,716.13213,716.13213,714.06145,714.06145,0.067448
kk,1387278000000,723.20893,723.20893,723.20893,723.20893,0.01776804
kk,1387281600000,714.06145,714.06145,695.9,695.9,1.28598051
kk,1387285200000,695.9,702.85243,686.17192,686.17192,1.83471965
kk,1387288800000,686.18192,732.3961,686.17192,714.23462,1.7629626
kk,1387292400000,713.63619,713.63619,700.9,700.9,0.1328544
kk,1387296000000,702.77213,734.75598,700.9,700.9,1.32142349
kk,1387299600000,712.68764,737.56495,712.68764,725.53213,1.49411607
kk,1387303200000,725.53213,725.53213,725.53213,725.53213,0.05888217
kk,1387306800000,725.0,725.0,725.0,725.0,5.47590093
kk,1387310400000,725.0,725.44213,702.0,702.0,3.10220821
kk,1387314000000,702.77213,702.77213,702.0,702.0,0.111
kk,1387317600000,702.0,702.0,702.0,702.0,11.805292
kk,1387321200000,702.0,702.0,702.0,702.0,0.01236407
kk,1387324800000,698.61378,698.61378,680.0,680.0,0.89158672
kk,1387328400000,683.13611,683.13611,677.7144,680.1,5.40165329
kk,1387335600000,675.0,675.0,671.34074,671.34074,1.42099977
kk,1387339200000,664.6905,664.6905,661.0,661.0,0.03009539
kk,1387342800000,658.10614,658.10614,605.0,605.0,12.00624958
kk,1387346400000,605.0,605.0,552.25484,565.35144,19.38927832
kk,1387350000000,565.35144,570.0,513.29015,534.01261,29.8536739
kk,1387353600000,538.73186,554.80404,466.38103,488.04216,9.49995689
kk,1387357200000,485.04216,550.53161,485.04216,504.05118,14.20571133
kk,1387360800000,504.05118,504.05118,429.78902,429.78902,54.34666373
kk,1387364400000,429.45,503.97728,380.0,484.3605,16.08187231
kk,1387368000000,484.3605,533.1253,475.1955,495.94598,6.55451824
kk,1387371600000,495.94598,560.00689,495.94598,538.98139,10.38294821
kk,1387375200000,540.11976,597.219,540.11976,541.5148,6.00716315
kk,1387378800000,541.5148,600.0,540.96849,572.57715,6.67782704
kk,1387382400000,571.87182,591.80367,562.96117,577.15776,0.42137092
kk,1387386000000,581.79502,618.66242,581.79502,614.1,10.15649358
kk,1387389600000,610.2647,610.2647,581.77502,581.77502,0.25641978
kk,1387393200000,577.15776,577.7138,550.31132,554.61532,1.38012876
kk,1387396800000,554.0507,571.4205,547.01,571.4205,0.85403638
kk,1387400400000,560.45595,565.99,551.02,551.05,0.99031904
kk,1387404000000,559.44764,560.76595,554.61532,554.61532,2.17556496
kk,1387407600000,554.70541,554.70541,527.0,528.0,2.22289199
kk,1387411200000,533.3138,533.3138,533.3138,533.3138,0.01349692
kk,1387414800000,528.03087,528.03087,517.62147,517.62147,0.04721636
kk,1387418400000,522.74383,527.92002,522.74383,527.92002,0.01953723
kk,1387422000000,530.18402,565.0,530.18402,545.84678,3.33482788
kk,1387425600000,556.47763,559.44764,545.4,545.4,0.38463904
kk,1387429200000,554.97206,554.97206,550.21355,550.21355,0.143
kk,1387432800000,553.51056,571.58288,553.51056,566.02,0.23825546
kk,1387436400000,570.51191,580.14,570.51191,576.19241,0.424351
kk,1387440000000,580.83913,585.52331,580.83913,585.52331,0.05890219
kk,1387443600000,587.71,643.74442,587.71,629.40802,2.51096211
kk,1387447200000,624.26698,644.769,624.26698,644.769,1.52069103
kk,1387450800000,644.02503,681.429,638.74928,656.31594,5.16974649
kk,1387454400000,656.31594,700.0,656.31594,677.66032,3.06999619
kk,1387458000000,664.40227,664.40227,613.92112,629.0156,2.57136589
kk,1387461600000,635.24035,678.46279,635.24035,676.59339,1.8906766
kk,1387465200000,671.81281,687.56035,670.1598,670.1598,1.04242988
kk,1387468800000,670.1598,680.0,669.6525,680.0,0.23322527
kk,1387472400000,670.86353,670.86353,638.87399,650.45655,3.23388129
kk,1387476000000,656.0728,665.82107,653.0,663.32322,0.46721389
kk,1387479600000,664.75969,674.87781,663.26165,671.63,1.37466954
kk,1387483200000,676.51668,694.01,676.3707,676.3707,1.01634866
kk,1387486800000,675.52107,680.01,670.0,675.71532,2.08891687
kk,1387490400000,675.71532,683.62304,675.71532,683.62304,0.11494508
kk,1387494000000,685.0,700.0,679.21,699.81249,8.83267339
kk,1387497600000,699.80249,699.80249,652.0,666.86622,6.22165435
kk,1387501200000,666.88622,668.93479,666.88622,668.93479,0.03207947
kk,1387504800000,675.55459,675.55459,675.55459,675.55459,0.01202032
kk,1387508400000,677.68581,683.15101,677.68581,683.15101,0.05684566
kk,1387512000000,683.15101,700.0,683.15101,700.0,0.450701
kk,1387515600000,695.02957,698.5,688.66007,698.5,0.28778243
kk,1387519200000,700.0,712.0,680.79,706.7707,3.1606046
kk,1387522800000,706.7707,718.21618,706.7707,709.1238,0.97857979
kk,1387526400000,709.1238,714.76709,700.2371,700.2371,0.67949542
kk,1387530000000,699.1479,706.7507,699.1479,706.7507,1.21642416
kk,1387533600000,699.1479,706.7607,684.5214,687.38985,1.86849391
kk,1387537200000,684.5214,684.5214,655.0,678.94862,2.12542975
kk,1387540800000,680.9885,686.84,675.3,685.48096,0.5412865
kk,1387544400000,689.38058,695.50761,679.63514,686.21664,0.55579947
kk,1387548000000,687.0,687.26433,680.34506,685.76414,0.27040059
kk,1387551600000,684.28309,693.6983,684.28309,693.6983,0.2357909
kk,1387555200000,695.50761,700.0,695.196,698.08332,0.48684862
kk,1387558800000,694.93012,699.39695,661.675,675.7568,0.85984972
kk,1387562400000,678.92862,678.92862,670.0,670.0,0.15491274
kk,1387566000000,670.0,678.94862,670.0,678.94862,0.0281
kk,1387569600000,673.68924,673.68924,627.06824,627.06824,23.68780442
kk,1387573200000,630.96,670.77336,630.96,668.12891,0.21301385
kk,1387576800000,660.20701,660.20701,654.96728,654.96728,0.025
kk,1387580400000,654.96728,665.44627,614.51908,665.44627,3.83585701
kk,1387584000000,656.24474,660.1227,638.03103,660.1227,0.10455815
kk,1387587600000,650.34057,651.0,618.89,638.99247,0.8536115
kk,1387591200000,639.60555,700.0,639.60555,649.76913,0.61587928
kk,1387598400000,649.76913,649.76913,649.0,649.0,0.05939
kk,1387605600000,649.0,653.05086,637.85363,637.85363,3.22957014
kk,1387609200000,631.53509,631.53509,605.0,618.642,1.03339247
kk,1387612800000,622.56614,637.51247,622.56614,637.51247,0.09175361
kk,1387616400000,637.46247,637.46247,637.46247,637.46247,0.2
kk,1387620000000,637.45247,637.45247,628.65984,628.65984,0.18949705
kk,1387627200000,628.52105,628.52105,617.63203,617.63203,0.10584021
kk,1387630800000,617.63203,622.28015,610.16193,610.16193,1.02594711
kk,1387634400000,607.86726,607.86726,605.0,605.0,0.0428
kk,1387638000000,616.20007,633.66435,616.20007,622.17226,1.06163959
kk,1387641600000,619.19131,619.19131,607.87726,607.87726,0.32548883
kk,1387645200000,619.12447,625.25134,619.12447,625.25134,0.04011676
kk,1387648800000,627.35309,627.69,627.35309,627.69,0.051888
kk,1387652400000,625.25134,625.25134,625.25134,625.25134,0.31597
kk,1387656000000,625.25134,625.83617,625.25134,625.25134,2.00963833
kk,1387659600000,619.0577,627.69,617.12037,627.69,0.14810172
kk,1387666800000,619.28787,621.45299,618.99088,621.45299,0.19871578
kk,1387677600000,614.99785,618.88928,606.46272,607.64811,0.87271866
kk,1387681200000,606.5,606.5,606.5,606.5,0.16766
kk,1387684800000,611.88,611.88,611.88,611.88,0.098
kk,1387688400000,611.88,611.88,611.88,611.88,0.03459703
kk,1387692000000,611.88,613.6614,611.88,613.6614,0.016
kk,1387695600000,613.70301,632.31033,613.70301,632.31033,0.293646
kk,1387699200000,632.55009,669.56497,632.55009,662.40424,0.42920846
kk,1387702800000,661.70246,669.0,656.01327,669.0,1.586051
kk,1387706400000,669.0,681.38026,652.19682,652.19682,1.60858797
kk,1387710000000,652.07,657.52855,624.6897,657.52855,6.06651079
kk,1387713600000,645.12701,657.52855,645.10701,657.52855,0.300345
kk,1387717200000,657.52855,665.11775,656.0,662.1011,8.75913706
kk,1387720800000,662.1011,666.27337,658.49031,658.49031,5.86274894
kk,1387724400000,658.50031,663.93142,654.88,663.93142,1.42706644
kk,1387728000000,656.54605,661.2242,654.88,654.88,8.21677689
kk,1387731600000,654.88,654.88,643.36801,643.36801,6.28301034
kk,1387735200000,641.7768,641.7768,641.7768,641.7768,0.01
kk,1387738800000,641.7768,641.7768,638.63386,638.63386,2.23251653
kk,1387742400000,645.57723,645.94451,628.47348,628.47348,0.74138326
kk,1387746000000,626.93805,629.92572,605.0,629.92572,7.32785553
kk,1387749600000,634.35845,641.0661,634.35845,641.0561,1.33176766
kk,1387753200000,641.0361,641.0561,629.0,641.0361,0.58245487
kk,1387756800000,633.71842,633.71842,633.71842,633.71842,0.022
kk,1387760400000,633.71842,636.5865,633.71842,636.5865,0.188007
kk,1387764000000,633.72842,645.755,633.72842,645.755,0.26659061
kk,1387767600000,647.70116,648.0,647.70116,648.0,0.67788984
kk,1387771200000,648.0,680.0,648.0,650.41458,13.60306837
kk,1387774800000,650.44458,657.77666,650.41458,655.28983,0.98593876
kk,1387778400000,652.99474,652.99474,650.41458,650.41458,0.35
kk,1387782000000,650.41458,650.41458,650.41458,650.41458,0.19238381
kk,1387785600000,652.0,652.0,652.0,652.0,0.75
kk,1387789200000,654.9999,655.95,654.9999,655.95,0.42447184
kk,1387792800000,650.01,650.01,647.39542,647.39542,3.35730849
kk,1387796400000,646.59288,646.59288,643.29396,643.29396,1.29035003
kk,1387800000000,640.99237,640.99237,637.10758,637.10758,1.35498939
kk,1387803600000,645.74794,645.74794,637.11758,637.11758,0.13044029
kk,1387821600000,641.07,659.3799,641.07,641.12549,0.93868075
kk,1387828800000,652.57602,652.57602,643.84064,643.84064,0.0169027
kk,1387832400000,652.57602,652.57602,646.07401,652.57602,1.06305531
kk,1387836000000,652.57602,659.47629,652.57602,659.47629,0.37226186
kk,1387839600000,660.0,666.04821,655.22662,655.22662,1.58994759
kk,1387843200000,666.03821,683.7417,663.85001,664.0,1.39239231
kk,1387846800000,660.59959,660.59959,655.9,655.9,1.0
kk,1387854000000,655.16662,655.16662,655.16662,655.16662,0.0195
kk,1387857600000,655.88,655.88,655.88,655.88,0.06216
kk,1387864800000,653.39,653.39,650.332,650.332,1.113
kk,1387868400000,657.7419,659.84593,651.67422,657.5302,0.31920888
kk,1387872000000,656.26,659.77471,656.26,659.77471,0.40018485
kk,1387875600000,653.23908,653.23908,653.23908,653.23908,0.0123931
kk,1387879200000,653.96309,656.26,653.96309,656.26,0.032
kk,1387882800000,656.26,656.5,651.67422,656.26,0.209147
kk,1387886400000,651.67422,653.96309,642.26,642.26,2.72475877
kk,1387890000000,644.85558,652.67715,644.85558,651.67422,1.75784969
kk,1387897200000,653.16852,658.57497,643.168,658.56497,0.28695508
kk,1387900800000,658.56497,658.56497,642.0,642.0,1.31227408
kk,1387904400000,651.67422,658.56497,651.67422,658.55497,0.06052312
kk,1387908000000,658.56497,666.13,657.83073,657.83073,0.15923004
kk,1387911600000,665.49431,666.13,665.49431,666.13,0.09663568
kk,1387926000000,659.79308,659.79308,659.79308,659.79308,0.022
kk,1387929600000,659.79308,660.87809,652.7453,660.87809,0.123
kk,1387933200000,652.7453,665.665,652.375,661.9318,0.86645456
kk,1387944000000,667.83616,667.83616,642.0,651.83453,0.58715651
kk,1387951200000,655.86481,655.87481,645.4328,653.91335,0.583
kk,1387958400000,658.28508,677.69597,658.28508,669.42642,0.21244194
kk,1387962000000,667.73359,667.73359,664.13306,667.0,0.15416432
kk,1387969200000,669.27211,671.0,661.67091,661.67091,0.05523
kk,1387972800000,661.52515,669.27211,661.11907,669.27211,0.03649
kk,1387980000000,661.52515,661.52515,661.52515,661.52515,0.01
kk,1387983600000,664.0,664.0,664.0,664.0,0.011
kk,1387994400000,669.27211,671.0,669.27211,671.0,0.26
kk,1388001600000,669.27211,673.98171,669.27211,673.98171,3.61289428
kk,1388005200000,675.0,680.01,675.0,676.0,1.71153505
kk,1388008800000,676.0,679.70678,676.0,679.70678,2.5473076
kk,1388012400000,682.13424,684.51009,676.0,676.0,0.118718
kk,1388016000000,684.53009,694.305,676.0,692.0,6.44499457
kk,1388019600000,697.0,706.95149,696.63622,706.95149,3.8437844
kk,1388023200000,710.0,713.93531,695.36166,702.96,1.13725909
kk,1388026800000,695.02459,696.455,680.0,696.455,0.40842886
kk,1388030400000,690.51193,693.0,690.51193,693.0,0.036
kk,1388034000000,696.60628,699.06306,696.60628,699.06306,0.67628
kk,1388041200000,699.07306,706.07449,699.07306,705.99899,3.24331
kk,1388044800000,712.18935,715.0,707.16055,707.16055,0.20625196
kk,1388048400000,714.69076,720.87804,714.69076,720.87804,1.40878249
kk,1388052000000,717.19096,717.19096,717.19096,717.19096,0.242818
kk,1388055600000,720.87804,720.87804,720.87804,720.87804,2.49695
kk,1388059200000,717.19096,722.20786,701.46505,702.24631,2.30849506
kk,1388062800000,712.18937,718.11,712.18937,718.11,0.15203821
kk,1388066400000,717.20098,720.30265,712.14933,720.30265,0.20376609
kk,1388070000000,727.00605,730.0,727.00605,730.0,0.0872788
kk,1388077200000,729.88486,742.79307,729.88486,742.79307,2.32948063
kk,1388080800000,748.02006,771.0,745.69807,771.0,0.66783072
kk,1388084400000,761.49425,770.0,749.94543,749.94543,1.59006543
kk,1388088000000,749.94543,749.94543,739.008,739.008,0.21863821
kk,1388091600000,740.0,740.0,723.01,738.84845,26.28584347
kk,1388095200000,740.1678,764.4,737.5,752.9217,14.86518466
kk,1388098800000,756.07315,760.0,752.33596,752.33596,0.07656199
kk,1388102400000,757.65272,757.65272,757.65272,757.65272,0.012
kk,1388109600000,751.25622,757.57272,740.14766,740.14766,18.77948284
kk,1388113200000,740.13766,740.13766,734.93241,734.93241,0.05967801
kk,1388116800000,734.0,744.81297,734.0,734.90673,0.69149308
kk,1388120400000,732.34353,734.11811,720.2706,734.11811,2.12640807
kk,1388124000000,734.11811,735.0,720.0,735.0,1.15879381
kk,1388127600000,734.51826,735.0,726.8328,726.8328,0.52084102
kk,1388131200000,726.8328,750.0,720.0,720.73781,5.15371106
kk,1388134800000,727.8702,741.77134,727.8702,741.77134,0.14162436
kk,1388142000000,743.00829,743.00829,743.00829,743.00829,0.029637
kk,1388145600000,747.00829,761.48898,743.00829,743.00829,1.288062
kk,1388149200000,755.4125,769.005,743.00829,743.00829,1.47372703
kk,1388156400000,741.45215,748.78956,727.86834,727.86834,0.18633594
kk,1388160000000,734.52758,734.52758,731.97571,731.97571,0.07666
kk,1388163600000,735.0713,740.67777,729.41277,729.41277,0.13254402
kk,1388167200000,729.41277,729.41277,729.41277,729.41277,0.08279456
kk,1388170800000,727.78979,732.99,725.0,732.99,0.17525317
kk,1388174400000,734.98196,734.98196,720.58036,734.42518,0.44638843
kk,1388178000000,723.53024,731.86466,714.14721,723.15136,0.67458217
kk,1388181600000,716.66672,731.86466,716.66672,731.86466,0.06563602
kk,1388188800000,734.43518,741.0,734.43518,741.0,0.06257903
kk,1388192400000,737.00473,737.00473,737.00473,737.00473,0.06713
kk,1388203200000,741.04,741.04,727.90825,727.90825,0.43582435
kk,1388206800000,724.19787,724.19787,724.19787,724.19787,0.00008972
kk,1388217600000,736.88461,736.88461,736.88461,736.88461,0.0108
kk,1388221200000,737.39205,745.2,737.39205,745.19,1.05102386
kk,1388232000000,736.31657,744.31657,736.31657,737.34668,0.35472811
kk,1388235600000,737.34668,742.58101,737.34668,742.58101,0.222
kk,1388239200000,742.58101,742.58101,742.58101,742.58101,0.07260657
kk,1388242800000,742.58101,742.58101,742.58101,742.58101,0.2227589
kk,1388246400000,742.57101,742.57101,724.57752,724.57752,0.14337
kk,1388253600000,722.05035,727.0,715.52601,721.0,1.74324803
kk,1388257200000,722.5,734.81118,722.0,734.80118,1.16199943
kk,1388264400000,730.0,737.39205,730.0,737.39205,1.98758405
kk,1388271600000,729.86182,737.39205,719.0,719.0,0.09321452
kk,1388275200000,732.23935,739.98198,732.23935,739.98198,0.07176146
kk,1388286000000,727.3219,727.3219,725.0,725.0,0.07155
kk,1388296800000,732.64533,732.64533,732.64533,732.64533,0.07070269
kk,1388304000000,732.65533,734.0,732.0,732.0,0.27762585
kk,1388307600000,732.0,732.0,731.0,731.0,0.34970028
kk,1388311200000,731.5,731.5,725.0,725.0,0.44949859
kk,1388318400000,727.46256,734.5,725.0,727.45256,0.24985333
kk,1388322000000,726.01,731.85387,726.01,731.85387,0.08303
kk,1388325600000,724.91536,731.82387,724.77627,731.82387,0.22044
kk,1388340000000,726.1,732.50723,726.1,732.50723,0.54601376
kk,1388343600000,734.0,734.0,715.0,722.01,2.20675635
kk,1388347200000,726.0,729.29239,726.0,729.29239,0.05187853
kk,1388350800000,731.85387,744.31657,731.85387,734.34121,0.35088533
kk,1388354400000,739.18062,744.31657,733.0251,744.31657,0.71660738
kk,1388358000000,738.18524,738.18524,733.0451,733.0451,0.4833524
kk,1388365200000,742.67124,750.0,735.59068,735.59068,1.94490259
kk,1388372400000,738.17524,749.28455,738.17524,749.28455,0.09888126
kk,1388376000000,740.74881,744.04875,733.0251,733.0251,0.14668202
kk,1388386800000,735.20682,743.90057,735.20682,743.90057,0.097
kk,1388394000000,743.91057,743.91057,743.91057,743.91057,0.00508125
kk,1388401200000,735.0,736.12683,733.55039,736.12683,0.47716
kk,1388404800000,738.71232,744.0,731.85612,743.91057,1.13230837
kk,1388408400000,743.91057,750.0,743.91057,750.0,0.45991124
kk,1388412000000,741.30656,741.30656,741.30656,741.30656,0.03676355
kk,1388415600000,746.5234,750.0,746.5234,750.0,0.59659339
kk,1388419200000,750.0,750.0,745.0,745.0,0.72123411
kk,1388422800000,750.0,750.0,750.0,750.0,0.18
kk,1388426400000,743.90113,743.90113,741.31656,741.31656,0.817669
kk,1388430000000,741.31656,749.1454,741.31656,749.1454,0.964986
kk,1388433600000,749.1454,750.0,749.1454,750.0,0.18774181
kk,1388437200000,750.0,751.0,749.0,749.0,0.53399189
kk,1388440800000,749.0,749.0,749.0,749.0,0.42771329
kk,1388448000000,749.0,750.0,741.30656,750.0,3.0264
kk,1388451600000,749.98,749.98,741.30656,746.5234,1.39716824
kk,1388458800000,741.30656,743.90057,730.0,741.28689,1.4821151
kk,1388462400000,741.28689,741.29689,741.28689,741.29689,0.3648441
kk,1388466000000,741.29689,743.89057,741.29689,743.89057,0.24559631
kk,1388469600000,742.33768,742.33768,742.33768,742.33768,0.011
kk,1388480400000,744.94498,744.95498,740.57263,740.57263,0.42171036
kk,1388487600000,738.0,746.10148,738.0,746.10148,1.02851432
kk,1388498400000,738.71072,739.72114,737.95214,737.95214,0.02689928
kk,1388502000000,744.94498,745.0,744.94498,745.0,0.06711512
kk,1388505600000,739.73114,739.73114,739.73114,739.73114,0.30135983
