lm,1575817200000,7555.2,7555.2,7555.2,7555.2,0.088
lm,1575820800000,7532.0,7532.0,7521.3,7521.3,2.602
lm,1575831600000,7519.0,7519.0,7518.3,7518.3,3.817
lm,1575835200000,7518.9,7518.9,7518.9,7518.9,3.0
lm,1575853200000,7491.8,7494.0,7486.1,7494.0,8.061
lm,1575856800000,7488.4,7488.4,7482.8,7483.0,5.67
lm,1575860400000,7513.9,7525.1,7513.9,7517.3,7.189
lm,1575871200000,7488.6,7515.1,7488.6,7515.1,5.3346
lm,1575874800000,7508.3,7508.3,7483.5,7483.5,3.771
lm,1575878400000,7461.0,7473.0,7461.0,7467.7,6.233
lm,1575882000000,7472.2,7475.6,7462.2,7465.2,18.052
lm,1575885600000,7454.8,7488.5,7454.8,7483.2,10.129
lm,1575889200000,7482.2,7498.4,7479.1,7493.3,16.886
lm,1575892800000,7471.2,7508.4,7466.3,7508.4,10.8249
lm,1575896400000,7509.7,7522.2,7509.7,7522.2,4.00921871
lm,1575900000000,7520.4,7520.4,7520.4,7520.4,1.536
lm,1575903600000,7564.9,7663.2,7394.8,7414.1,71.42332195
lm,1575907200000,7409.6,7442.1,7409.6,7420.7,30.6237
lm,1575910800000,7409.9,7429.3,7409.9,7429.3,3.599
lm,1575918000000,7402.8,7402.8,7359.1,7364.9,14.08457715
lm,1575921600000,7381.0,7381.0,7286.3,7294.8,17.80240401
lm,1575925200000,7317.8,7361.4,7316.3,7361.4,4.27378124
lm,1575928800000,7348.1,7349.1,7313.9,7346.1,14.992
lm,1575932400000,7346.1,7346.1,7346.1,7346.1,0.862
lm,1575936000000,7332.4,7345.0,7320.0,7345.0,10.788
lm,1575939600000,7344.5,7386.2,7320.2,7359.8,18.906
lm,1575943200000,7366.3,7366.3,7366.3,7366.3,0.76
lm,1575946800000,7378.5,7378.5,7378.5,7378.5,3.0
lm,1575950400000,7371.9,7384.7,7371.9,7384.7,3.379
lm,1575954000000,7357.3,7357.3,7342.6,7342.6,2.771
lm,1575964800000,7304.0,7319.8,7282.0,7295.5,4.93
lm,1575968400000,7309.5,7319.5,7305.8,7305.8,2.4132
lm,1575972000000,7345.4,7345.4,7319.9,7319.9,3.5
lm,1575979200000,7342.4,7342.4,7342.4,7342.4,0.1341
lm,1575982800000,7338.0,7338.0,7325.0,7325.0,2.113
lm,1575986400000,7306.4,7341.3,7256.6,7300.0,38.34126722
lm,1575990000000,7281.3,7281.3,7225.4,7238.5,10.036
lm,1575993600000,7229.5,7229.9,7215.0,7229.9,8.277
lm,1575997200000,7242.5,7244.1,7173.1,7180.1,25.604
lm,1576000800000,7170.3,7219.1,7160.6,7219.1,11.33356917
lm,1576004400000,7215.3,7220.6,7215.3,7220.6,6.0
lm,1576008000000,7194.8,7194.8,7194.8,7194.8,1.716
lm,1576011600000,7220.0,7220.7,7220.0,7220.7,4.255
lm,1576015200000,7237.9,7237.9,7237.9,7237.9,3.0
lm,1576018800000,7240.9,7248.7,7240.4,7248.7,6.5318
lm,1576026000000,7252.7,7259.8,7250.7,7259.8,3.6652
lm,1576029600000,7251.2,7251.2,7251.2,7251.2,1.159
lm,1576033200000,7220.0,7220.0,7192.4,7197.0,7.942
lm,1576047600000,7213.8,7214.3,7209.7,7214.3,1.48537524
lm,1576051200000,7217.5,7217.5,7213.4,7213.4,1.868
lm,1576054800000,7237.8,7237.8,7237.8,7237.8,0.841
lm,1576058400000,7216.6,7216.6,7193.2,7213.9,8.5053
lm,1576065600000,7235.6,7253.9,7235.6,7253.9,3.1386
lm,1576069200000,7230.0,7238.4,7230.0,7238.4,0.3465
lm,1576072800000,7248.0,7248.0,7220.1,7220.1,2.046
lm,1576076400000,7190.4,7200.9,7132.2,7154.2,19.4907
lm,1576080000000,7153.0,7208.7,7149.5,7183.7,17.753
lm,1576083600000,7179.9,7193.5,7172.9,7193.5,18.976
lm,1576087200000,7192.1,7192.1,7184.5,7184.5,2.397
lm,1576090800000,7207.5,7207.5,7207.5,7207.5,6.0
lm,1576094400000,7189.8,7189.8,7189.8,7189.8,0.778
lm,1576098000000,7187.1,7187.1,7187.1,7187.1,1.167
lm,1576108800000,7212.2,7284.4,7105.1,7121.0,28.27699634
lm,1576112400000,7130.2,7131.9,7075.7,7102.2,10.26545265
lm,1576116000000,7136.3,7150.6,7136.3,7145.0,5.022
lm,1576119600000,7152.4,7152.4,7152.4,7152.4,2.794
lm,1576130400000,7156.0,7156.0,7156.0,7156.0,1.15
lm,1576134000000,7147.9,7147.9,7145.5,7145.5,8.544
lm,1576137600000,7113.6,7122.7,7113.6,7122.7,3.09483491
lm,1576141200000,7147.5,7147.5,7147.5,7147.5,1.672
lm,1576144800000,7178.7,7199.4,7147.8,7147.8,9.5809
lm,1576148400000,7182.5,7197.5,7182.5,7197.5,4.2774
lm,1576152000000,7196.0,7205.1,7175.7,7175.7,30.0379
lm,1576155600000,7183.2,7183.2,7183.2,7183.2,0.032
lm,1576159200000,7215.5,7215.5,7133.6,7133.6,6.6926
lm,1576162800000,7149.8,7149.8,7149.8,7149.8,0.011
lm,1576166400000,7196.7,7199.1,7191.4,7193.5,0.936
lm,1576170000000,7189.2,7189.2,7185.4,7185.4,2.968
lm,1576173600000,7203.6,7203.6,7201.1,7201.1,0.063
lm,1576177200000,7197.2,7197.2,7188.7,7188.7,4.807
lm,1576180800000,7206.7,7249.2,7206.7,7248.0,7.985
lm,1576184400000,7241.6,7241.6,7241.1,7241.1,0.064
lm,1576188000000,7198.1,7198.1,7180.7,7181.3,16.991
lm,1576209600000,7228.2,7229.2,7228.2,7229.2,3.387
lm,1576216800000,7204.9,7206.2,7200.8,7200.8,6.937
lm,1576220400000,7230.5,7230.5,7227.5,7227.5,3.3344
lm,1576224000000,7197.5,7197.5,7197.5,7197.5,2.777
lm,1576227600000,7207.7,7214.4,7207.7,7214.4,11.938
lm,1576231200000,7210.9,7215.7,7207.5,7215.7,7.684
lm,1576234800000,7216.4,7232.0,7215.0,7232.0,29.1477
lm,1576238400000,7214.6,7223.0,7203.7,7222.8,22.3619
lm,1576242000000,7227.0,7233.4,7223.7,7233.4,10.86
lm,1576245600000,7234.8,7234.8,7218.3,7227.1,11.93387098
lm,1576249200000,7224.9,7259.2,7224.9,7249.8,15.34313338
lm,1576252800000,7264.6,7282.9,7258.8,7281.1,12.9927574
lm,1576256400000,7288.0,7288.0,7262.0,7268.9,3.45188158
lm,1576260000000,7273.4,7273.8,7230.1,7230.1,3.83775876
lm,1576263600000,7238.5,7256.8,7238.5,7256.8,3.975
lm,1576267200000,7261.4,7261.4,7256.9,7256.9,0.02
lm,1576270800000,7249.3,7249.3,7249.3,7249.3,3.0
lm,1576274400000,7247.2,7247.7,7228.6,7228.6,11.5559
lm,1576278000000,7245.4,7248.4,7245.4,7248.4,0.42
lm,1576281600000,7246.1,7246.1,7235.4,7244.4,2.586
lm,1576285200000,7238.6,7238.6,7238.6,7238.6,0.915
lm,1576288800000,7254.2,7254.2,7253.1,7253.1,1.527
lm,1576296000000,7253.5,7256.8,7253.5,7256.8,7.08
lm,1576299600000,7265.9,7268.1,7264.1,7264.1,4.506
lm,1576303200000,7246.6,7246.6,7246.6,7246.6,3.0
lm,1576306800000,7241.6,7254.2,7239.4,7254.2,1.404
lm,1576310400000,7240.6,7240.6,7172.2,7182.8,11.2395
lm,1576314000000,7167.9,7198.7,7167.9,7184.1,12.472
lm,1576317600000,7188.1,7194.4,7175.2,7175.2,18.081
lm,1576321200000,7178.1,7178.8,7152.6,7178.8,5.766
lm,1576324800000,7172.7,7172.7,7167.0,7167.9,0.131
lm,1576328400000,7145.2,7145.2,7145.2,7145.2,0.012
lm,1576332000000,7120.5,7133.7,7114.3,7133.7,4.207
lm,1576335600000,7145.9,7145.9,7023.3,7047.7,38.1454
lm,1576339200000,7025.8,7061.6,7009.3,7059.1,7.428
lm,1576342800000,7058.6,7067.8,7050.9,7059.3,5.161
lm,1576346400000,7061.8,7088.7,7061.8,7086.9,7.6163
lm,1576368000000,7042.0,7042.0,7042.0,7042.0,1.036
lm,1576382400000,7056.2,7056.2,7056.2,7056.2,1.152
lm,1576386000000,7043.7,7043.7,7043.5,7043.5,0.052
lm,1576389600000,7040.1,7040.1,7032.0,7038.1,1.097
lm,1576393200000,7073.2,7198.1,7037.5,7198.1,10.878
lm,1576396800000,7139.2,7149.9,7137.1,7149.9,0.066
lm,1576400400000,7149.9,7149.9,7128.5,7128.5,0.049
lm,1576404000000,7112.7,7112.7,7083.4,7083.4,0.7429
lm,1576407600000,7104.5,7104.5,7094.7,7102.7,2.073
lm,1576411200000,7098.7,7109.2,7098.4,7105.2,2.535
lm,1576414800000,7069.1,7069.1,7069.1,7069.1,0.899
lm,1576422000000,7116.3,7116.5,7116.3,7116.5,0.806
lm,1576429200000,7103.2,7103.2,7101.2,7101.2,0.026
lm,1576432800000,7096.7,7096.7,7096.7,7096.7,0.012
lm,1576436400000,7100.2,7100.2,7100.2,7100.2,0.013
lm,1576440000000,7134.0,7134.0,7134.0,7134.0,0.946
lm,1576450800000,7088.4,7088.4,7088.4,7088.4,0.161
lm,1576458000000,7079.7,7079.7,7079.7,7079.7,1.081
lm,1576461600000,7070.7,7070.7,7070.7,7070.7,0.013
lm,1576465200000,7068.8,7069.7,7068.8,7069.7,1.282
lm,1576468800000,7043.4,7054.9,7034.9,7054.9,4.07
lm,1576476000000,7070.5,7073.7,7065.9,7065.9,3.65
lm,1576483200000,7051.4,7051.4,7051.4,7051.4,3.0
lm,1576490400000,7060.2,7060.2,7057.8,7058.5,13.054
lm,1576494000000,7052.7,7106.7,7052.7,7096.6,7.0368
lm,1576497600000,7088.7,7093.1,7083.5,7086.6,10.7694
lm,1576501200000,7090.6,7131.5,7090.6,7119.1,8.7164
lm,1576504800000,7100.2,7100.2,7100.0,7100.0,0.689
lm,1576508400000,7108.2,7108.2,7072.1,7074.0,0.221
lm,1576512000000,7077.7,7087.0,7077.1,7082.8,2.487
lm,1576519200000,7060.5,7060.5,6834.2,6885.8,75.30000071
lm,1576522800000,6906.3,6906.8,6867.8,6893.6,35.5994
lm,1576526400000,6900.8,6900.8,6843.2,6843.2,5.789
lm,1576530000000,6849.3,6849.3,6848.7,6848.7,0.065
lm,1576533600000,6878.8,6880.8,6874.3,6876.2,1.0994
lm,1576537200000,6867.3,6889.5,6867.3,6875.3,5.549
lm,1576551600000,6857.6,6857.6,6854.6,6854.7,4.2
lm,1576555200000,6861.8,6861.8,6855.8,6855.8,0.829
lm,1576566000000,6868.4,6868.4,6868.4,6868.4,3.0
lm,1576569600000,6864.8,6864.8,6851.2,6851.2,1.041
lm,1576573200000,6871.5,6871.5,6871.5,6871.5,1.8379
lm,1576576800000,6871.5,6871.5,6871.5,6871.5,3.1621
lm,1576580400000,6872.9,6928.6,6872.3,6928.6,28.6573
lm,1576584000000,6924.8,6924.8,6872.1,6872.1,4.557
lm,1576587600000,6868.2,6871.3,6698.2,6764.9,34.12644974
lm,1576591200000,6757.4,6757.4,6711.3,6751.5,3.134
lm,1576594800000,6748.6,6748.6,6693.0,6693.0,0.9319692
lm,1576598400000,6716.8,6718.6,6636.9,6718.6,17.03754794
lm,1576602000000,6725.6,6725.6,6691.6,6705.6,3.5522
lm,1576605600000,6703.1,6716.3,6702.6,6709.1,6.84944526
lm,1576609200000,6702.0,6702.0,6598.0,6603.9,35.37083255
lm,1576612800000,6609.6,6611.3,6575.0,6586.6,7.7983
lm,1576616400000,6594.1,6612.6,6594.1,6612.6,4.731
lm,1576620000000,6637.6,6674.7,6567.0,6584.5,43.9488
lm,1576623600000,6581.5,6614.0,6558.4,6588.0,21.12
lm,1576627200000,6598.0,6642.6,6598.0,6642.6,0.109
lm,1576630800000,6641.6,6676.5,6641.6,6652.9,15.2146
lm,1576634400000,6648.1,6698.1,6648.1,6684.5,7.3024
lm,1576638000000,6705.6,6705.6,6697.1,6700.1,0.066
lm,1576641600000,6671.8,6671.8,6656.4,6656.4,2.187
lm,1576645200000,6650.7,6663.9,6650.7,6653.1,1.246
lm,1576648800000,6642.9,6642.9,6626.2,6627.4,3.77
lm,1576652400000,6599.9,6625.6,6587.3,6611.9,3.3463
lm,1576656000000,6627.7,6631.0,6606.2,6617.0,3.4186
lm,1576659600000,6633.0,6639.0,6627.8,6639.0,6.8507
lm,1576663200000,6627.0,6653.3,6625.6,6650.5,6.9086
lm,1576666800000,6642.2,6642.2,6602.8,6610.0,14.72949308
lm,1576670400000,6614.8,6614.8,6494.4,6537.0,31.27899677
lm,1576674000000,6527.2,6670.1,6435.0,6670.1,60.06195632
lm,1576677600000,6676.8,6721.9,6638.6,6688.1,44.6597
lm,1576681200000,6703.1,6859.9,6703.1,6799.3,25.87053091
lm,1576684800000,6843.2,6914.4,6786.6,6873.2,18.38880095
lm,1576688400000,6864.2,6896.2,6839.3,6839.3,3.186
lm,1576692000000,6870.7,6870.7,6855.2,6864.2,0.066
lm,1576695600000,6866.7,6965.1,6863.2,6965.1,25.91787004
lm,1576699200000,6951.7,7219.2,6951.7,7123.5,117.26091108
lm,1576702800000,7117.8,7198.3,7117.8,7154.3,7.180216
lm,1576706400000,7146.2,7454.3,7144.8,7454.3,68.46809471
lm,1576710000000,7424.3,7424.3,7244.4,7289.0,142.55912507
lm,1576713600000,7302.9,7361.9,7241.4,7261.1,17.1265817
lm,1576717200000,7231.5,7231.5,7144.4,7170.4,3.11451865
lm,1576720800000,7147.3,7194.9,7147.3,7160.5,11.8394
lm,1576724400000,7182.3,7186.2,7165.3,7169.8,2.9517
lm,1576728000000,7159.3,7163.4,7144.3,7144.3,1.194
lm,1576731600000,7135.8,7158.9,7119.3,7158.9,1.901
lm,1576735200000,7162.8,7162.8,7143.3,7143.3,1.337
lm,1576738800000,7135.3,7141.4,7092.6,7092.6,2.999
lm,1576742400000,7086.7,7112.0,7081.3,7081.3,3.746
lm,1576746000000,7081.3,7134.3,7051.6,7134.3,10.63711312
lm,1576749600000,7128.8,7186.5,7128.8,7154.6,7.88238744
lm,1576753200000,7154.3,7167.4,7135.5,7167.0,8.1956
lm,1576756800000,7156.3,7186.5,7152.7,7186.5,27.9856
lm,1576760400000,7191.7,7227.8,7086.7,7112.9,38.49059284
lm,1576764000000,7080.8,7104.8,7075.0,7104.8,34.81574456
lm,1576767600000,7134.3,7163.5,7127.8,7142.0,29.696
lm,1576771200000,7127.4,7161.3,7127.4,7136.7,10.552
lm,1576774800000,7121.1,7148.7,7111.7,7138.8,9.898
lm,1576778400000,7123.7,7138.0,7123.2,7138.0,7.8332
lm,1576782000000,7163.5,7178.3,7143.2,7165.7,14.054
lm,1576785600000,7168.8,7170.2,7168.8,7170.2,0.02
lm,1576789200000,7161.8,7168.9,7128.4,7156.0,17.284
lm,1576792800000,7150.3,7151.9,7150.3,7151.9,3.176
lm,1576796400000,7155.9,7155.9,7141.4,7142.0,10.0547
lm,1576800000000,7148.3,7148.3,7089.7,7096.8,9.6959
lm,1576803600000,7094.7,7110.7,7094.4,7109.2,2.369
lm,1576807200000,7102.0,7129.7,7102.0,7129.7,9.967
lm,1576810800000,7125.8,7136.4,7125.8,7136.4,6.0
lm,1576814400000,7122.2,7122.2,7120.8,7122.1,0.116
lm,1576818000000,7126.7,7126.7,7123.4,7124.1,0.065
lm,1576821600000,7086.7,7125.0,7086.7,7108.2,5.485
lm,1576825200000,7122.1,7154.0,7122.1,7130.7,9.81559656
lm,1576828800000,7141.7,7167.7,7116.7,7124.3,16.5175
lm,1576832400000,7137.2,7137.2,7125.5,7135.2,5.2399
lm,1576836000000,7134.8,7141.8,7134.8,7139.6,2.165
lm,1576839600000,7146.7,7146.7,7146.7,7146.7,0.137
lm,1576843200000,7147.2,7190.6,7146.6,7188.2,13.045
lm,1576846800000,7179.2,7181.4,7179.2,7181.4,1.8059
lm,1576850400000,7151.7,7200.1,7151.7,7195.2,7.8356
lm,1576854000000,7212.3,7213.5,7142.4,7152.1,9.9956
lm,1576857600000,7150.8,7167.1,7138.4,7167.1,4.0038
lm,1576861200000,7166.6,7186.8,7154.1,7165.1,16.9307
lm,1576864800000,7187.4,7196.8,7173.5,7180.2,41.7485
lm,1576868400000,7190.0,7191.6,7190.0,7191.4,4.7308
lm,1576872000000,7196.5,7210.9,7196.5,7210.9,28.404
lm,1576875600000,7204.5,7205.0,7195.9,7199.0,4.8594
lm,1576879200000,7191.6,7191.6,7185.0,7186.7,6.367
lm,1576882800000,7178.7,7178.7,7178.7,7178.7,1.097
lm,1576886400000,7188.1,7188.1,7168.1,7169.8,5.5587
lm,1576890000000,7169.7,7169.7,7153.2,7153.2,3.4631
lm,1576900800000,7178.6,7178.6,7154.1,7154.1,4.52
lm,1576908000000,7156.7,7156.7,7145.6,7146.5,13.66
lm,1576911600000,7144.5,7144.5,7127.0,7132.2,13.4546
lm,1576915200000,7140.3,7145.1,7140.3,7145.1,1.446
lm,1576918800000,7139.9,7139.9,7116.2,7124.1,4.734
lm,1576922400000,7132.0,7138.4,7132.0,7138.4,2.164
lm,1576926000000,7145.4,7152.4,7144.9,7152.4,4.44
lm,1576929600000,7147.9,7151.8,7145.9,7148.4,10.2248
lm,1576936800000,7136.1,7139.9,7136.1,7139.4,4.9083
lm,1576940400000,7141.0,7141.0,7141.0,7141.0,0.83
lm,1576944000000,7141.7,7142.3,7141.7,7142.2,1.509
lm,1576947600000,7157.5,7158.6,7157.5,7158.6,0.67
lm,1576954800000,7152.4,7152.4,7144.2,7145.1,12.73
lm,1576958400000,7145.8,7149.0,7145.8,7149.0,6.0
lm,1576962000000,7169.0,7170.2,7139.0,7140.3,10.44762513
lm,1576969200000,7131.0,7131.0,7131.0,7131.0,0.738
lm,1576972800000,7137.3,7137.3,7133.6,7134.1,3.396
lm,1576983600000,7149.8,7149.8,7142.4,7142.4,1.378
lm,1576987200000,7138.1,7147.0,7138.1,7145.7,10.336
lm,1576990800000,7144.5,7144.9,7132.8,7132.8,2.851
lm,1576994400000,7128.2,7134.4,7128.2,7134.4,1.801
lm,1576998000000,7141.2,7174.0,7141.2,7174.0,12.39567243
lm,1577001600000,7205.0,7205.0,7160.2,7168.4,15.58813785
lm,1577005200000,7165.2,7165.2,7164.6,7164.6,2.22
lm,1577008800000,7183.9,7188.3,7167.7,7167.7,10.4169692
lm,1577012400000,7174.0,7180.8,7154.4,7154.4,5.723
lm,1577016000000,7171.6,7172.0,7171.6,7172.0,4.048
lm,1577019600000,7172.4,7189.5,7161.5,7161.5,18.88374293
lm,1577023200000,7169.7,7170.1,7168.8,7169.6,4.356
lm,1577026800000,7182.6,7195.7,7182.6,7184.3,8.4584528
lm,1577030400000,7182.2,7272.0,7165.2,7223.3,75.03861731
lm,1577034000000,7225.0,7356.1,7212.9,7299.2,73.3299771
lm,1577037600000,7337.4,7434.3,7324.5,7406.3,42.59719565
lm,1577041200000,7405.0,7453.4,7365.0,7406.6,33.8291861
lm,1577044800000,7442.1,7455.9,7397.9,7424.4,11.269
lm,1577048400000,7404.6,7413.2,7404.6,7413.2,1.3319976
lm,1577052000000,7388.5,7416.9,7382.2,7408.5,23.158
lm,1577055600000,7415.7,7518.3,7415.7,7512.9,45.85922389
lm,1577059200000,7544.6,7626.3,7532.5,7561.7,53.97248438
lm,1577062800000,7591.5,7631.5,7550.0,7615.8,27.43576011
lm,1577066400000,7629.6,7629.6,7559.3,7569.7,21.36290256
lm,1577070000000,7574.0,7600.9,7574.0,7596.0,13.9542
lm,1577073600000,7585.2,7585.2,7569.0,7569.0,3.894
lm,1577077200000,7565.4,7584.3,7549.3,7549.3,12.044
lm,1577080800000,7537.7,7537.7,7475.3,7486.8,6.07659764
lm,1577084400000,7487.0,7517.6,7487.0,7517.6,9.92046621
lm,1577088000000,7501.6,7521.8,7501.6,7519.8,2.5789384
lm,1577091600000,7507.7,7535.3,7507.7,7529.8,21.6491
lm,1577095200000,7539.0,7552.9,7525.2,7525.2,8.416
lm,1577098800000,7518.2,7558.2,7518.2,7552.5,19.5368
lm,1577102400000,7565.0,7567.6,7539.1,7566.6,4.4199
lm,1577106000000,7577.3,7594.5,7514.6,7530.2,16.9108
lm,1577109600000,7492.1,7580.4,7492.1,7577.3,14.6298
lm,1577113200000,7574.6,7602.9,7567.9,7586.5,28.3578
lm,1577116800000,7587.1,7687.8,7514.6,7526.4,57.6195
lm,1577120400000,7550.2,7550.2,7365.4,7410.3,41.8129534
lm,1577124000000,7397.3,7449.3,7360.9,7402.3,48.5295
lm,1577127600000,7384.8,7431.0,7384.8,7431.0,16.465
lm,1577131200000,7429.9,7429.9,7391.6,7414.7,11.8819
lm,1577134800000,7353.9,7353.9,7292.5,7307.9,30.0152
lm,1577138400000,7316.7,7328.1,7271.5,7289.4,43.3985
lm,1577142000000,7315.9,7341.1,7311.3,7312.1,9.538
lm,1577145600000,7309.1,7310.9,7284.4,7296.3,6.738
lm,1577149200000,7293.8,7304.3,7293.8,7304.3,1.603
lm,1577152800000,7314.9,7326.0,7314.9,7326.0,1.367
lm,1577156400000,7321.7,7321.7,7303.9,7307.5,5.16
lm,1577160000000,7304.1,7319.6,7298.7,7312.7,6.966
lm,1577167200000,7328.7,7331.3,7328.7,7331.3,5.193
lm,1577170800000,7318.3,7318.3,7238.1,7254.5,20.2924
lm,1577174400000,7247.8,7367.0,7221.2,7361.8,36.5445
lm,1577178000000,7372.6,7385.0,7328.3,7356.0,28.1665
lm,1577181600000,7361.2,7394.3,7359.4,7390.7,12.4078
lm,1577185200000,7368.7,7368.7,7340.8,7364.6,2.2334
lm,1577188800000,7355.5,7365.8,7355.5,7365.8,2.962
lm,1577192400000,7384.2,7384.2,7376.5,7376.5,1.086
lm,1577196000000,7388.7,7427.8,7330.8,7337.5,14.7953
lm,1577199600000,7332.9,7332.9,7248.0,7256.8,27.7349
lm,1577203200000,7253.9,7285.1,7212.7,7285.1,23.8207
lm,1577206800000,7282.9,7290.0,7212.7,7230.5,14.9458
lm,1577210400000,7229.9,7229.9,7156.4,7205.5,34.705
lm,1577214000000,7215.5,7254.4,7172.9,7242.9,33.2116
lm,1577217600000,7251.5,7264.0,7199.9,7199.9,20.35
lm,1577221200000,7234.9,7255.4,7234.6,7251.5,7.813
lm,1577224800000,7234.7,7248.3,7222.2,7226.0,8.074
lm,1577228400000,7221.0,7259.7,7209.6,7259.7,7.0329
lm,1577232000000,7249.0,7249.0,7249.0,7249.0,0.819
lm,1577235600000,7215.3,7225.6,7215.3,7224.3,4.641
lm,1577242800000,7219.7,7238.7,7219.7,7237.7,7.967
lm,1577246400000,7226.7,7252.7,7226.1,7249.9,14.756
lm,1577253600000,7224.3,7224.3,7224.3,7224.3,0.959
lm,1577257200000,7216.8,7254.2,7203.0,7254.1,16.332
lm,1577260800000,7243.3,7253.9,7243.3,7253.9,3.892
lm,1577264400000,7223.7,7229.9,7223.3,7224.9,9.229
lm,1577268000000,7219.3,7231.9,7214.0,7231.9,4.901
lm,1577271600000,7217.2,7217.2,7207.5,7207.5,2.015
lm,1577275200000,7195.1,7248.1,7175.9,7217.9,21.238
lm,1577278800000,7204.9,7204.9,7179.3,7194.9,10.6819
lm,1577282400000,7177.0,7177.0,7177.0,7177.0,1.373
lm,1577289600000,7192.3,7192.3,7124.8,7133.8,39.7168
lm,1577293200000,7133.8,7167.3,7133.8,7149.5,8.812
lm,1577296800000,7148.3,7168.4,7148.3,7168.4,3.4927
lm,1577300400000,7164.8,7234.6,7164.8,7229.4,34.013
lm,1577304000000,7239.7,7263.4,7209.5,7234.1,30.385
lm,1577307600000,7230.5,7230.5,7208.0,7208.0,2.886
lm,1577311200000,7194.4,7214.1,7174.7,7209.3,23.456
lm,1577314800000,7195.6,7195.6,7195.6,7195.6,0.326
lm,1577318400000,7205.3,7206.7,7183.8,7183.8,10.874
lm,1577322000000,7180.3,7190.4,7177.6,7186.0,14.708
lm,1577332800000,7184.0,7184.0,7184.0,7184.0,0.711
lm,1577336400000,7182.6,7182.6,7173.5,7173.5,9.5437
lm,1577340000000,7174.8,7208.5,7174.8,7208.5,3.721
lm,1577350800000,7216.9,7216.9,7206.9,7206.9,0.69349856
lm,1577354400000,7213.0,7213.0,7211.9,7211.9,4.011
lm,1577358000000,7194.6,7194.6,7194.6,7194.6,0.77
lm,1577361600000,7189.5,7207.6,7189.5,7205.7,1.6871
lm,1577368800000,7207.9,7214.8,7207.9,7212.6,2.347
lm,1577372400000,7213.4,7229.3,7213.4,7229.3,11.1046
lm,1577376000000,7215.4,7324.7,7193.9,7317.0,20.0808
lm,1577379600000,7349.2,7366.7,7327.3,7361.4,9.1134
lm,1577383200000,7360.8,7360.8,7344.9,7358.6,9.855
lm,1577386800000,7363.4,7431.7,7246.6,7283.8,64.5288
lm,1577390400000,7298.5,7298.5,7237.3,7258.7,6.6884
lm,1577394000000,7231.4,7231.8,7183.3,7186.9,27.6786
lm,1577397600000,7183.3,7194.5,7161.6,7194.5,7.9475
lm,1577401200000,7180.0,7180.0,7179.4,7179.4,0.905
lm,1577404800000,7191.9,7200.2,7181.1,7187.2,20.8618
lm,1577408400000,7196.9,7196.9,7196.9,7196.9,0.863
lm,1577412000000,7204.7,7219.5,7204.7,7219.1,19.08
lm,1577415600000,7211.4,7220.1,7205.8,7215.9,4.338
lm,1577419200000,7216.8,7219.4,7191.5,7191.5,5.912
lm,1577422800000,7185.0,7191.9,7185.0,7191.9,0.991
lm,1577426400000,7192.3,7196.8,7172.5,7184.0,16.178
lm,1577430000000,7177.8,7182.4,7153.2,7182.4,9.287
lm,1577444400000,7136.7,7138.8,7095.2,7102.7,20.285
lm,1577448000000,7113.5,7198.7,7089.0,7198.7,23.981
lm,1577451600000,7216.9,7229.5,7178.7,7182.6,4.417
lm,1577455200000,7182.2,7187.0,7182.2,7185.7,2.978
lm,1577458800000,7188.9,7229.3,7188.9,7229.3,5.419
lm,1577462400000,7236.1,7249.7,7175.2,7175.2,11.6993
lm,1577466000000,7179.0,7181.4,7176.1,7181.4,2.4169
lm,1577469600000,7212.9,7216.0,7201.1,7207.7,17.569
lm,1577473200000,7211.5,7212.6,7177.3,7212.6,7.588
lm,1577480400000,7210.5,7211.4,7203.7,7211.4,9.557
lm,1577484000000,7227.7,7241.4,7215.3,7234.1,25.787
lm,1577487600000,7225.2,7243.1,7222.9,7235.6,8.185
lm,1577491200000,7236.2,7301.7,7236.1,7280.8,17.437
lm,1577494800000,7313.5,7314.2,7282.9,7297.3,8.5973
lm,1577498400000,7305.8,7305.8,7275.9,7276.2,14.1001
lm,1577502000000,7275.8,7275.8,7275.8,7275.8,1.452
lm,1577505600000,7290.4,7298.4,7290.4,7298.4,1.2
lm,1577509200000,7305.5,7322.8,7305.5,7322.8,1.672
lm,1577512800000,7315.4,7337.0,7281.7,7281.7,27.159
lm,1577516400000,7277.4,7302.7,7273.2,7273.2,26.3798
lm,1577520000000,7261.4,7279.1,7241.5,7278.9,14.783
lm,1577523600000,7286.0,7296.0,7283.3,7283.3,8.885
lm,1577527200000,7283.8,7311.9,7283.8,7311.9,10.317
lm,1577530800000,7302.5,7302.5,7268.9,7268.9,12.218
lm,1577534400000,7294.3,7294.3,7294.3,7294.3,0.995
lm,1577538000000,7277.0,7277.0,7274.4,7274.4,1.409
lm,1577541600000,7285.7,7308.4,7285.7,7305.7,3.933
lm,1577545200000,7309.3,7331.4,7280.0,7288.6,56.3739
lm,1577548800000,7290.0,7311.2,7260.7,7306.2,16.1859
lm,1577552400000,7300.0,7335.6,7300.0,7321.7,14.328
lm,1577559600000,7337.2,7337.2,7337.2,7337.2,1.059
lm,1577563200000,7332.0,7332.0,7319.0,7319.0,4.349
lm,1577566800000,7319.6,7319.6,7316.3,7316.3,3.648
lm,1577570400000,7297.8,7302.2,7289.9,7298.3,11.296
lm,1577577600000,7282.2,7286.0,7279.8,7286.0,5.444
lm,1577584800000,7290.8,7293.3,7290.8,7293.3,4.104
lm,1577588400000,7294.4,7294.9,7294.4,7294.9,1.374
lm,1577595600000,7286.8,7311.1,7285.5,7311.1,4.059
lm,1577606400000,7321.4,7341.6,7321.4,7339.4,5.591
lm,1577610000000,7315.6,7320.3,7305.2,7305.2,2.016
lm,1577617200000,7326.0,7327.4,7320.3,7320.3,9.765
lm,1577620800000,7326.7,7340.2,7309.5,7336.4,12.658
lm,1577624400000,7366.9,7393.2,7357.9,7387.0,12.37
lm,1577628000000,7388.9,7388.9,7386.2,7386.2,1.437
lm,1577631600000,7366.7,7403.0,7366.7,7403.0,0.6039
lm,1577635200000,7407.6,7417.3,7394.0,7417.3,2.6119
lm,1577646000000,7431.8,7431.8,7431.8,7431.8,0.005
lm,1577649600000,7476.7,7478.4,7385.9,7385.9,7.7662
lm,1577653200000,7377.4,7391.5,7377.4,7391.5,3.4035
lm,1577656800000,7389.9,7392.1,7389.9,7392.1,3.1337
lm,1577660400000,7392.0,7392.0,7392.0,7392.0,3.0
lm,1577664000000,7362.6,7362.6,7324.0,7333.2,8.9393
lm,1577667600000,7330.7,7330.7,7330.7,7330.7,3.0
lm,1577671200000,7347.4,7347.4,7347.4,7347.4,3.0
lm,1577685600000,7361.5,7361.5,7361.5,7361.5,3.0
lm,1577700000000,7285.6,7290.1,7285.6,7290.1,6.018
lm,1577703600000,7291.8,7291.8,7291.8,7291.8,4.004
lm,1577710800000,7303.8,7303.8,7303.8,7303.8,1.958
lm,1577718000000,7273.2,7273.2,7246.4,7259.8,16.326
lm,1577721600000,7218.1,7218.1,7217.4,7217.4,3.107
lm,1577725200000,7224.9,7234.7,7224.9,7234.7,0.4159
lm,1577728800000,7234.7,7234.7,7232.9,7232.9,0.025
lm,1577732400000,7223.8,7224.9,7223.8,7224.9,3.0067
lm,1577736000000,7221.7,7256.7,7221.7,7256.7,3.7602
lm,1577739600000,7252.0,7252.0,7234.7,7234.7,10.138
lm,1577743200000,7246.9,7246.9,7246.9,7246.9,1.7756
lm,1577746800000,7254.8,7254.8,7223.4,7223.4,9.0
lm,1577750400000,7211.6,7217.7,7198.4,7217.7,12.2465
lm,1577754000000,7235.5,7235.5,7235.5,7235.5,3.0
lm,1577757600000,7237.8,7237.8,7237.8,7237.8,3.0
lm,1577764800000,7233.0,7233.0,7233.0,7233.0,3.0
lm,1577775600000,7229.0,7229.0,7229.0,7229.0,3.0
lm,1577779200000,7210.7,7210.7,7210.7,7210.7,3.0
lm,1577782800000,7206.8,7206.8,7206.8,7206.8,3.0
lm,1577786400000,7223.8,7227.4,7223.8,7227.4,5.16
lm,1577790000000,7228.8,7230.1,7221.0,7226.3,6.628
lm,1577793600000,7221.3,7227.5,7205.4,7227.5,10.427
lm,1577797200000,7231.2,7232.1,7220.4,7220.4,3.884
lm,1577800800000,7216.2,7298.4,7204.6,7206.4,12.8073
lm,1577804400000,7188.4,7230.3,7164.1,7169.7,17.0431
lm,1577808000000,7187.9,7193.0,7180.5,7193.0,5.6959
lm,1577811600000,7165.1,7166.0,7143.0,7143.0,6.62
lm,1577815200000,7125.2,7125.2,7125.2,7125.2,0.4177
lm,1577818800000,7151.0,7151.0,7151.0,7151.0,3.0
lm,1577822400000,7143.2,7143.2,7143.2,7143.2,3.0
lm,1577829600000,7168.7,7168.7,7168.7,7168.7,3.0
lm,1577833200000,7160.8,7160.8,7160.8,7160.8,0.352
