mg,1388534400000,806.01002,817.0,804.00001,817.0,522.20739169
mg,1388538000000,817.229,818.8,812.0,812.02,111.20133416
mg,1388541600000,813.0,827.0,811.0,822.0,1168.87816059
mg,1388545200000,822.0,825.0,812.23,817.0,235.37855031
mg,1388548800000,817.9,827.87,815.0,827.85,297.5933681
mg,1388552400000,827.0001,827.87,821.1,826.0,261.266004
mg,1388556000000,827.87,827.87,821.003,826.0,170.38149003
mg,1388559600000,826.0,829.0,820.0,820.0,135.43076385
mg,1388563200000,826.803,830.0,820.0,829.288,249.03018248
mg,1388566800000,826.803,829.88888,820.0,821.75,217.55874284
mg,1388570400000,828.75643,829.3,771.0,792.0,4133.33807453
mg,1388574000000,793.67337,809.789,777.0001,804.99999,707.06349888
mg,1388577600000,799.12879,809.0,797.94013,805.0,262.36482555
mg,1388581200000,804.0,810.0,801.34003,807.995,268.5485811
mg,1388584800000,805.53404,811.0,800.0,808.12708,217.99807921
mg,1388588400000,808.12708,809.06,803.09,805.0,25.73442352
mg,1388592000000,805.0,808.0,803.0,807.91361,68.65478999
mg,1388595600000,807.91361,811.0,802.22027,810.995,92.9751897
mg,1388599200000,811.0,812.2,804.38011,806.625,34.56854977
mg,1388602800000,806.88753,812.9999,805.205,812.0,85.03224019
mg,1388606400000,807.89502,813.97,793.11001,799.0,561.23022606
mg,1388610000000,795.09,807.80799,795.0,807.189,216.52979284
mg,1388613600000,802.46069,815.0,800.50002,814.8,320.09749809
mg,1388617200000,811.00001,817.0,806.60001,815.995,197.47336216
mg,1388620800000,810.5601,819.96328,810.5601,819.948,242.4869603
mg,1388624400000,819.95,819.99,813.51502,818.0,207.96873593
mg,1388628000000,819.89,819.99,813.5,814.60002,222.50001002
mg,1388631600000,814.80001,820.0,812.10012,813.09,231.0173932
mg,1388635200000,819.69999,822.0,815.05608,816.31624,143.70739146
mg,1388638800000,821.20999,823.77,816.57444,818.13507,186.40889721
mg,1388642400000,823.089,823.77,815.221,821.995,145.49297088
mg,1388646000000,821.895,823.749,816.0,822.0,277.29445036
mg,1388649600000,821.995,823.75,816.30307,823.75,213.77762208
mg,1388653200000,823.749,823.75,817.15364,817.15365,117.46072418
mg,1388656800000,820.99,823.0,814.34772,822.878,197.25831294
mg,1388660400000,822.995,823.999,816.10503,819.12,117.23141709
mg,1388664000000,819.1,824.0,819.01,823.995,160.7026956
mg,1388667600000,819.01003,825.0,819.01,824.8,204.08440376
mg,1388671200000,824.8,825.0,820.56318,824.00001,277.95820129
mg,1388674800000,824.1,828.97996,821.12,822.56818,256.37872213
mg,1388678400000,822.56818,828.97998,821.12,825.57,233.78139628
mg,1388682000000,826.99999,829.0,823.56318,823.5682,376.06001069
mg,1388685600000,823.5682,829.8,820.56318,822.09,473.98244572
mg,1388689200000,825.36829,837.07973,822.49,837.07973,800.2556733
mg,1388692800000,837.07973,860.0,832.06319,858.99999,2932.75390192
mg,1388696400000,858.88999,886.31309,852.095,875.0,2690.30549223
mg,1388700000000,875.0,876.0,855.0001,871.0,1031.14927932
mg,1388703600000,871.0,875.4,854.0,857.0,455.09320655
mg,1388707200000,859.0,875.69999,855.04001,868.41309,342.78561432
mg,1388710800000,868.41309,874.96489,855.0,868.97999,502.58766447
mg,1388714400000,861.08624,868.7999,854.0,854.0,436.1511285
mg,1388718000000,854.0,859.9,846.63466,859.89999,603.88771644
mg,1388721600000,859.89999,869.9,840.0,847.77665,1241.21438922
mg,1388725200000,848.99999,858.88998,843.0,854.99999,258.49421914
mg,1388728800000,850.40001,857.8999,850.4,856.99999,155.38497803
mg,1388732400000,857.0,870.0,851.14002,870.0,442.01274115
mg,1388736000000,869.0,872.12,864.0,872.115,367.73539973
mg,1388739600000,866.0,875.0,864.40501,864.40501,288.27233842
mg,1388743200000,866.0,879.12,864.40501,879.0,384.24730502
mg,1388746800000,878.995,880.0,865.13003,870.0,409.75559696
mg,1388750400000,875.0,887.1337,870.055,887.0,370.86600032
mg,1388754000000,884.1,888.8,875.88901,883.0,334.18776533
mg,1388757600000,883.0,887.0,873.18,883.545,471.41868278
mg,1388761200000,883.545,886.0,874.0,878.4942,241.82638023
mg,1388764800000,878.0,878.4942,866.06328,871.0,456.36102992
mg,1388768400000,873.81264,879.0,871.0,872.305,254.17091919
mg,1388772000000,876.8,880.0,868.07001,868.6,295.68602426
mg,1388775600000,868.61001,877.99997,862.01001,873.57199,390.55082458
mg,1388779200000,868.3,875.0,866.35001,874.99,177.54211959
mg,1388782800000,871.0,880.0,868.82603,875.21977,172.79595436
mg,1388786400000,876.0,884.888,875.0,883.225,322.55995606
mg,1388790000000,882.275,884.888,876.60001,884.888,205.38101057
mg,1388793600000,884.883,886.49,864.45,867.99,970.21054369
mg,1388797200000,867.99,874.61599,866.21,870.0,96.38674863
mg,1388800800000,870.0,872.0,864.0,872.0,56.46182324
mg,1388804400000,867.71501,872.0,850.0,861.89989,1150.20781947
mg,1388808000000,861.89989,868.93997,848.47873,861.01001,482.00945311
mg,1388811600000,861.17075,877.97964,861.005,877.37652,240.45302943
mg,1388815200000,876.995,877.78497,861.5,862.5,258.01385541
mg,1388818800000,863.005,878.91,863.0,878.61498,175.92737446
mg,1388822400000,871.42537,878.7,871.0,873.51001,159.57008394
mg,1388826000000,878.0,879.79999,873.51,879.495,136.64985477
mg,1388829600000,879.49999,879.79,869.69,871.01502,188.91718115
mg,1388833200000,870.60005,879.7999,870.60005,875.00001,128.2592435
mg,1388836800000,879.79989,884.0,873.04004,873.07114,159.97916702
mg,1388840400000,881.995,885.0,873.11114,884.7,141.23095204
mg,1388844000000,884.5,896.41,879.0,888.00001,1187.14931696
mg,1388847600000,896.0,898.55,888.0,898.0,755.25839577
mg,1388851200000,898.0,932.37989,895.0,920.0,4273.5146577
mg,1388854800000,920.0,929.0,913.44211,922.10859,673.03823468
mg,1388858400000,922.005,931.0,915.32059,924.98828,537.80731735
mg,1388862000000,915.799,928.6,907.50001,920.0,641.28129163
mg,1388865600000,920.005,928.0,916.60001,924.99999,442.38412366
mg,1388869200000,923.985,925.0,911.21501,917.99999,306.33182546
mg,1388872800000,918.0,928.0,917.0,924.11007,288.66056237
mg,1388876400000,925.0,930.0,922.0,924.92499,293.82199492
mg,1388880000000,929.89997,943.99,924.0,942.30001,926.4505013
mg,1388883600000,943.59999,944.0,922.07,931.90845,886.89186946
mg,1388887200000,931.91826,934.99998,911.58,926.00001,1278.80290864
mg,1388890800000,926.40501,937.2,926.40001,935.5,244.98654205
mg,1388894400000,931.00001,937.51,927.10501,931.0,98.89386069
mg,1388898000000,930.00001,934.89992,923.0,923.00502,213.80481023
mg,1388901600000,925.0,929.49999,913.1,925.50621,574.43932546
mg,1388905200000,925.0,929.093,915.55026,916.005,84.27271956
mg,1388908800000,916.006,925.0,916.006,919.02,78.26756721
mg,1388912400000,919.99999,924.97998,917.53737,918.0,66.90128732
mg,1388916000000,917.25,922.99997,915.2,915.4,199.60094607
mg,1388919600000,919.99999,927.88,915.2,927.88,151.2316246
mg,1388923200000,927.88,939.0,927.88,938.99998,575.11838778
mg,1388926800000,937.00001,941.72792,925.2,940.00001,642.80038317
mg,1388930400000,940.0,964.263,928.75005,963.91,2500.70711724
mg,1388934000000,963.91,1024.0,959.77363,985.0,5942.44415164
mg,1388937600000,984.0,1009.303,982.1,1007.4,731.76429856
mg,1388941200000,1002.00001,1006.0,976.0,995.0,969.44730974
mg,1388944800000,995.0,1015.25,985.02552,1015.2,567.37189707
mg,1388948400000,1015.2,1029.98765,1004.12001,1013.00501,1527.98413462
mg,1388952000000,1013.10128,1026.0,1008.16,1023.0,483.85822267
mg,1388955600000,1022.9,1025.0,1010.0,1012.0,362.78790697
mg,1388959200000,1013.98999,1016.0,990.30101,1001.4,988.74996137
mg,1388962800000,1001.4,1015.0,990.0,1015.0,849.73930067
mg,1388966400000,1015.0,1019.99,1006.06613,1014.79696,335.40659772
mg,1388970000000,1011.7,1019.69999,992.0,1008.21001,599.30454847
mg,1388973600000,1011.0,1024.0,1008.22001,1020.1,399.42933974
mg,1388977200000,1023.995,1035.0,1015.00001,1032.0,997.67273528
mg,1388980800000,1034.99999,1039.339,1028.0,1030.0,490.71302295
mg,1388984400000,1030.0,1040.0,1025.0,1038.99999,363.53945035
mg,1388988000000,1038.0,1059.0,1032.80891,1057.999,1114.13468107
mg,1388991600000,1057.8,1057.999,1034.0,1049.9,697.80519802
mg,1388995200000,1045.0,1070.0,1042.0,1064.2,493.61946787
mg,1388998800000,1064.00001,1092.76589,1064.0,1089.3,1099.88992131
mg,1389002400000,1089.3,1093.68199,1065.0,1088.0,837.66140849
mg,1389006000000,1086.5726,1087.7064,1059.0,1072.1,933.32105526
mg,1389009600000,1074.99999,1075.0,1025.0,1037.88499,1104.583216
mg,1389013200000,1028.1028,1050.0,991.0,1045.96998,2774.32903014
mg,1389016800000,1045.0,1045.1,1001.0,1032.00001,976.1899933
mg,1389020400000,1034.99999,1035.0,967.0,970.0001,2822.70878507
mg,1389024000000,966.8,995.0,965.0,977.02601,956.18403557
mg,1389027600000,977.02601,1026.0,977.02601,1023.995,1220.8524633
mg,1389031200000,1023.98,1027.0,1003.12,1010.4,815.99333959
mg,1389034800000,1010.4,1025.0,1010.4,1024.995,314.38916461
mg,1389038400000,1024.995,1027.99996,1018.10001,1027.0,198.52544421
mg,1389042000000,1022.01001,1044.1,1018.89001,1023.2196,928.35238619
mg,1389045600000,1023.2196,1029.995,992.0,1009.995,879.16352204
mg,1389049200000,1005.0,1021.96328,982.5,1012.89899,1111.04253598
mg,1389052800000,1012.88,1023.34647,1008.11111,1012.0,323.46103118
mg,1389056400000,1014.995,1028.89742,1006.59,1018.0,285.63136382
mg,1389060000000,1017.66,1041.9999,1017.01085,1029.70501,573.41940763
mg,1389063600000,1029.70001,1044.2,1015.1,1024.85268,285.53438126
mg,1389067200000,1021.0,1040.0,1017.11001,1039.88823,581.23253431
mg,1389070800000,1026.55,1044.2,1026.55,1027.2003,557.94690822
mg,1389074400000,1027.2003,1040.99,990.0,1040.98998,758.96839357
mg,1389078000000,1023.5899,1029.59497,993.00003,1019.8,530.76053345
mg,1389081600000,1020.0,1021.88,1002.91007,1017.0,295.25942386
mg,1389085200000,1017.0,1029.55126,1013.3277,1013.3277,163.52751979
mg,1389088800000,1014.033,1028.42994,997.30101,1008.71164,580.07247068
mg,1389092400000,1008.71164,1024.99999,996.30103,1014.113,325.39535737
mg,1389096000000,1014.113,1028.344,982.123,982.123,1103.2646353
mg,1389099600000,986.0,990.0,956.0,982.0,2423.77618505
mg,1389103200000,980.01,992.47,961.12,968.001,783.37496597
mg,1389106800000,966.552,998.0,960.19381,989.0,507.51103404
mg,1389110400000,989.0,998.9,970.1,973.6,412.39044215
mg,1389114000000,973.8,989.70133,970.0,974.09,418.47599336
mg,1389117600000,974.29,975.0,951.0,960.0,870.66859572
mg,1389121200000,953.5,960.0,926.11,954.2,2232.04181938
mg,1389124800000,955.0,982.91453,940.0,946.0,1070.18216147
mg,1389128400000,945.50001,950.0,896.0,896.0,2976.4180537
mg,1389132000000,896.0,927.14633,888.11,906.0,1832.46991018
mg,1389135600000,906.0,920.0,880.0,880.0,2101.26996423
mg,1389139200000,880.5,910.0,859.0,901.0,1380.52165274
mg,1389142800000,905.0,925.0,887.0,916.51,766.66449155
mg,1389146400000,916.51,933.99927,900.0,907.0,1060.92386359
mg,1389150000000,907.0,928.89,907.0,912.94559,555.43783422
mg,1389153600000,912.95059,927.0,906.98462,910.0,384.62187443
mg,1389157200000,910.0,919.0,890.00001,918.86,454.84267053
mg,1389160800000,913.005,920.0,893.1378,893.1428,461.66353171
mg,1389164400000,894.0,915.0,893.0,915.0,317.16139171
mg,1389168000000,906.653,952.33329,905.45136,951.995,1474.36735363
mg,1389171600000,949.8,965.0,938.0,940.25761,670.03600354
mg,1389175200000,940.25761,955.55,939.01002,955.25992,351.49024368
mg,1389178800000,951.0,966.9963,943.09563,952.67788,236.43714999
mg,1389182400000,954.0,965.884,930.00002,934.03501,468.27946022
mg,1389186000000,934.03501,955.0,931.7398,940.0,374.74191675
mg,1389189600000,940.0,949.7,925.0,937.995,664.83269409
mg,1389193200000,932.579,932.584,905.0,914.0,961.53984221
mg,1389196800000,913.96143,924.96328,897.02,905.06329,997.7411407
mg,1389200400000,907.0,922.97998,905.11,917.5,333.2775968
mg,1389204000000,917.995,934.0,915.30002,921.005,466.15637324
mg,1389207600000,921.005,930.0,921.005,924.00001,197.94169005
mg,1389211200000,928.49999,935.0,917.173,917.47678,291.45695431
mg,1389214800000,919.515,934.49,915.1,919.625,282.06515662
mg,1389218400000,919.105,931.22999,916.83336,922.595,80.19011693
mg,1389222000000,917.0,940.0,916.23002,939.0,351.61145527
mg,1389225600000,933.015,958.21854,933.015,946.76028,1226.70910822
mg,1389229200000,946.76028,952.79899,928.88527,935.0,413.86197096
mg,1389232800000,935.0,944.99999,925.0101,935.9064,224.89837937
mg,1389236400000,941.0,947.88996,934.27,945.0,87.94355147
mg,1389240000000,945.0,949.79899,938.0,949.79399,96.36264981
mg,1389243600000,949.79399,957.79898,939.0,956.995,529.44786173
mg,1389247200000,956.995,963.5,935.0,961.98999,553.0933704
mg,1389250800000,961.97998,964.69663,943.12956,947.13,247.14081917
mg,1389254400000,948.9948,950.0,944.90567,949.99498,245.30397972
mg,1389258000000,945.1,949.99998,936.02013,941.99999,120.15641753
mg,1389261600000,941.99999,951.0,935.999,935.999,206.73586432
mg,1389265200000,936.049,940.0,921.0,929.0,505.565286
mg,1389268800000,930.768,938.00746,924.0,929.88,140.70591359
mg,1389272400000,929.0,929.89,866.58247,880.11,2568.27783391
mg,1389276000000,887.415,906.8,871.2,899.98999,1178.28682166
mg,1389279600000,898.95888,898.95888,885.0,891.9,609.83308141
mg,1389283200000,891.89999,916.99999,885.0,905.40132,884.58209578
mg,1389286800000,906.0,917.0,897.20001,911.0,371.35244161
mg,1389290400000,912.0,913.0,885.0,885.0,486.31931335
mg,1389294000000,885.0,915.0,873.5,910.005,944.95565575
mg,1389297600000,910.0,940.53488,910.0,916.7,1239.07467417
mg,1389301200000,917.06751,940.09961,911.92001,938.9,423.51677469
mg,1389304800000,931.387,939.0,924.11,931.99834,255.63101414
mg,1389308400000,928.0,943.0,928.0,937.0,413.35770937
mg,1389312000000,935.0,935.995,918.0,928.88475,415.33197587
mg,1389315600000,925.0,935.66,919.44261,919.44261,211.28106854
mg,1389319200000,920.291,934.85692,915.6,926.99499,211.43070592
mg,1389322800000,926.99499,932.93994,915.60501,915.60502,89.68911455
mg,1389326400000,915.60502,926.9999,910.0,910.0,220.49805667
mg,1389330000000,910.0,924.40608,906.0,919.99999,139.45383791
mg,1389333600000,919.99999,920.0,911.96805,915.0,41.96822155
mg,1389337200000,913.94153,918.0,912.23009,915.01012,35.28274252
mg,1389340800000,917.0,932.9,917.0,925.42823,87.60906157
mg,1389344400000,925.42823,933.98998,923.123,924.647,181.09676944
mg,1389348000000,923.263,929.92999,914.0,920.0,71.18393457
mg,1389351600000,920.0,927.0,916.011,925.0,64.29718945
mg,1389355200000,926.89999,929.0,920.14003,925.0,95.94089866
mg,1389358800000,927.89999,930.0,908.0,908.0,389.3939357
mg,1389362400000,909.0,917.65744,909.0,916.43859,87.33748229
mg,1389366000000,916.43857,929.849,913.0,916.21,233.36018546
mg,1389369600000,924.84964,925.7,912.21001,913.11,148.54563991
mg,1389373200000,913.11,933.35919,913.11,929.91803,302.56633848
mg,1389376800000,929.91803,931.86492,922.123,923.005,112.72863463
mg,1389380400000,928.995,929.0,923.005,929.0,28.66436119
mg,1389384000000,927.1,941.32,926.99,933.1,591.43527446
mg,1389387600000,933.1141,948.0,931.03505,937.02501,344.91230572
mg,1389391200000,940.484,964.99,937.3,951.78396,1446.7855247
mg,1389394800000,951.78396,960.52973,940.00003,957.89998,434.71146039
mg,1389398400000,957.573,960.99999,942.77003,949.94999,290.28948283
mg,1389402000000,948.99,967.7,943.01002,960.26,626.84250404
mg,1389405600000,963.0,967.99997,958.0,963.77,379.40222795
mg,1389409200000,961.99,963.0,950.00001,956.74193,319.97765421
mg,1389412800000,957.0,961.9899,950.00005,957.0,149.67343678
mg,1389416400000,954.594,958.895,950.01,953.0,164.17162759
mg,1389420000000,953.0,953.0,940.0,942.21,572.1300727
mg,1389423600000,942.22,947.5641,935.13,939.01001,210.96022593
mg,1389427200000,939.711,953.0,939.01001,950.11,371.12108377
mg,1389430800000,953.085,957.0,949.08603,949.09,156.20511605
mg,1389434400000,949.995,989.0,949.09,980.43791,1180.75236586
mg,1389438000000,980.43791,1011.0,973.005,998.14,2750.92188988
mg,1389441600000,999.0,1002.53816,986.0,995.5,518.67789511
mg,1389445200000,996.0,1001.9,990.01,993.0,245.05813882
mg,1389448800000,990.02,993.1,983.33,987.01001,558.09893645
mg,1389452400000,987.01001,999.1,987.0,995.0,126.66370087
mg,1389456000000,998.99,1000.0,992.1,995.0,202.49251315
mg,1389459600000,995.00001,999.9999,988.0,999.0,184.09277967
mg,1389463200000,998.995,998.995,979.87018,983.10001,527.44917395
mg,1389466800000,986.99999,994.0,980.305,993.05549,138.79249814
mg,1389470400000,993.05549,994.0,981.003,985.48514,149.55468972
mg,1389474000000,987.99999,992.0,982.0,990.0,97.10006772
mg,1389477600000,990.0,996.665,985.62004,995.80799,164.58135711
mg,1389481200000,996.0,1010.0,990.00003,1005.5,757.37836065
mg,1389484800000,1007.49999,1022.99,1001.0,1010.0,1282.59662972
mg,1389488400000,1008.0,1015.0,1001.2,1005.00502,129.59741568
mg,1389492000000,1005.00502,1014.86999,985.87184,1005.495,592.96950099
mg,1389495600000,997.0,1002.46871,985.48,986.99,187.05942776
mg,1389499200000,987.0,996.4536,984.45,985.54,194.09783102
mg,1389502800000,988.88,996.995,988.88,996.5,37.9430987
mg,1389506400000,992.20131,998.0,978.45,978.45,542.56140611
mg,1389510000000,978.45,983.5,976.45,983.495,224.0893481
mg,1389513600000,980.0,995.96229,978.86634,990.0,232.31881025
mg,1389517200000,983.17989,992.3,976.50001,977.25511,114.79188576
mg,1389520800000,977.26012,983.6771,965.46558,966.105,537.04957915
mg,1389524400000,968.005,975.88477,953.0,962.005,787.15866352
mg,1389528000000,962.0,991.7,922.3,936.0,2168.68859272
mg,1389531600000,935.99998,957.0,928.0,945.78,534.21018708
mg,1389535200000,945.78,965.0,940.00539,956.1,415.10510795
mg,1389538800000,955.5555,969.99999,947.0,966.99999,371.66529386
mg,1389542400000,965.07,968.79,955.0,959.5851,145.87110553
mg,1389546000000,959.5851,968.87999,949.19632,959.0,259.38567506
mg,1389549600000,959.0,959.985,949.0,949.0,51.51613807
mg,1389553200000,953.995,958.40478,946.0,950.0001,123.17027007
mg,1389556800000,950.0001,957.0,946.1,956.99999,103.8464737
mg,1389560400000,956.99999,959.85999,946.0,946.0,168.86310168
mg,1389564000000,946.01,950.0,942.0,948.44777,174.02439336
mg,1389567600000,943.005,959.0,940.0,940.0,361.20386299
mg,1389571200000,940.0,949.47573,926.0,928.245,421.20959406
mg,1389574800000,939.62439,947.0,928.275,935.02102,136.3395653
mg,1389578400000,934.424,939.49999,920.771,927.00003,665.06683036
mg,1389582000000,933.83372,945.58328,925.1,943.89,132.20937142
mg,1389585600000,940.0,940.00011,911.4,918.0,800.6948164
mg,1389589200000,920.0,925.0,907.0,907.2,479.00804392
mg,1389592800000,907.2,921.9999,907.02,921.0,190.89536717
mg,1389596400000,921.9,928.89,909.0,910.01002,170.39338229
mg,1389600000000,910.01002,935.59404,910.01002,927.86855,282.94718424
mg,1389603600000,932.94997,932.94997,920.1632,926.975,80.15024346
mg,1389607200000,926.0,926.0,915.0,920.0,113.46667566
mg,1389610800000,916.01,920.0,910.0,917.995,215.78390342
mg,1389614400000,917.995,923.73974,905.1,905.201,309.55262513
mg,1389618000000,905.27,914.97028,880.11,885.00001,2271.79780597
mg,1389621600000,898.9,904.99998,882.0,895.0,493.18862346
mg,1389625200000,899.0,920.0,895.0,908.0,338.83303386
mg,1389628800000,913.33,913.995,904.99125,904.99125,61.18570612
mg,1389632400000,905.0,908.89999,886.0,894.01,235.37237957
mg,1389636000000,894.01,920.0,890.01,912.995,352.32018981
mg,1389639600000,912.995,918.48999,897.01,903.0,319.89348815
mg,1389643200000,903.0,909.0,903.0,903.0,78.10436582
mg,1389646800000,908.8,934.0,903.01001,925.0,627.3250308
mg,1389650400000,928.0,938.8,916.13301,926.99499,527.18028941
mg,1389654000000,926.95587,935.87988,923.0,923.1001,145.35736842
mg,1389657600000,925.9,926.9,909.89227,914.0,278.91982111
mg,1389661200000,916.0,926.358,912.0,916.28956,96.26357181
mg,1389664800000,916.28956,929.98781,915.10001,919.11,151.84156528
mg,1389668400000,924.99999,934.9,919.1,934.9,79.56787899
mg,1389672000000,925.3383,936.98998,909.0,927.0,133.89496022
mg,1389675600000,927.0,939.0,921.92893,932.0,305.84314682
mg,1389679200000,936.26,936.84116,925.0,933.72,120.58354317
mg,1389682800000,933.72,941.3,923.99999,941.3,265.80017908
mg,1389686400000,941.3,943.0,933.0,936.0,184.78646753
mg,1389690000000,937.0,937.0,918.995,919.0,288.27588298
mg,1389693600000,919.0,932.9599,917.43938,926.0,180.71765091
mg,1389697200000,926.0,930.0,918.17404,918.38346,73.43029162
mg,1389700800000,918.38347,928.0,905.0,910.505,468.97712769
mg,1389704400000,910.505,922.99999,905.0,915.0,220.37585066
mg,1389708000000,915.0,921.81,910.0,915.0,172.00468621
mg,1389711600000,920.0,924.0,915.0,917.005,65.3016516
mg,1389715200000,923.5,932.5,912.0,929.90996,228.54291834
mg,1389718800000,928.56788,929.98374,912.00002,918.0,55.43104052
mg,1389722400000,922.0,924.99999,913.4,921.93229,64.40240298
mg,1389726000000,921.93229,924.0,915.00002,916.048,19.41260093
mg,1389729600000,916.043,929.98375,915.1,918.00503,72.21921676
mg,1389733200000,918.00502,930.333,918.00502,924.92881,126.37077025
mg,1389736800000,929.59999,930.333,922.10001,929.88998,210.05219201
mg,1389740400000,929.0,929.0,919.94154,920.0,33.54630204
mg,1389744000000,920.0,920.99499,915.333,916.1,77.37863631
mg,1389747600000,915.333,921.0,915.15,915.34,44.37789708
mg,1389751200000,920.99,925.0,916.0,922.995,49.4317437
mg,1389754800000,922.995,929.489,916.256,929.2,39.05606895
mg,1389758400000,929.51538,943.0,924.529,938.07011,552.20049953
mg,1389762000000,936.00001,944.0,936.0,941.0,304.18556067
mg,1389765600000,941.99999,960.0,937.0,943.56084,1229.32018254
mg,1389769200000,940.3,955.98999,940.0,954.99,154.70549302
mg,1389772800000,954.20531,965.0,950.05,953.5,500.6389425
mg,1389776400000,953.42,963.89,943.0,952.99,269.19344628
mg,1389780000000,952.99,973.2,950.00001,959.89,839.82308813
mg,1389783600000,955.55327,968.20997,936.0,947.985,724.99135105
mg,1389787200000,941.66827,954.996,936.60724,948.5,129.76918651
mg,1389790800000,947.99499,947.99499,931.11,941.99999,143.29980856
mg,1389794400000,941.99499,951.0,936.13002,939.83046,188.46291514
mg,1389798000000,939.83046,951.0,935.0001,940.00001,145.68766672
mg,1389801600000,941.05,956.0,940.01002,951.995,127.50087891
mg,1389805200000,950.0,952.0,944.01,945.0,11.58381939
mg,1389808800000,948.0,956.36546,944.05,946.9999,135.45228926
mg,1389812400000,945.0,956.13,940.0,941.302,224.63312247
mg,1389816000000,940.1324,943.77734,930.0,931.005,230.73288208
mg,1389819600000,931.115,946.97996,931.11001,938.105,77.69691078
mg,1389823200000,941.0,953.0,936.50501,952.4,154.09409006
mg,1389826800000,951.331,952.33996,940.19521,941.31001,39.74185098
mg,1389830400000,948.995,955.0,941.31001,952.855,197.11953599
mg,1389834000000,952.845,952.845,945.10501,945.10501,17.20863605
mg,1389837600000,947.99999,956.06,942.0,942.00166,171.01222906
mg,1389841200000,943.213,952.94488,938.25624,948.481,87.01742354
mg,1389844800000,941.905,950.0,941.9,942.26738,40.74359181
mg,1389848400000,942.26738,955.5,939.893,946.995,220.92960181
mg,1389852000000,946.995,946.995,941.0,941.00001,15.12910215
mg,1389855600000,946.0,952.995,939.99,949.55499,203.52643218
mg,1389859200000,946.19324,949.98992,940.086,943.5,30.1827935
mg,1389862800000,942.0,948.195,940.102,945.0,19.40081331
mg,1389866400000,946.98999,949.925,940.31503,948.195,32.03368755
mg,1389870000000,947.0,948.08499,920.0,929.98375,780.84285607
mg,1389873600000,929.97875,938.29867,918.0,920.28117,251.02272365
mg,1389877200000,918.00005,935.98,915.333,930.00001,323.30783204
mg,1389880800000,930.0,935.00001,923.0,933.995,232.16882343
mg,1389884400000,929.88517,933.89999,925.0,932.99433,113.89510129
mg,1389888000000,926.02001,932.99432,922.4006,923.00001,131.27763614
mg,1389891600000,928.0,931.99499,920.39586,927.995,181.3542373
mg,1389895200000,921.763,928.0,919.05,919.05,276.79758147
mg,1389898800000,919.05,924.7,915.333,918.305,148.16380274
mg,1389902400000,918.3,929.99,911.1,921.93492,642.77337219
mg,1389906000000,928.23999,933.995,918.12011,918.12011,220.01803804
mg,1389909600000,918.12177,922.99999,911.5,916.2,220.86428316
mg,1389913200000,916.2,919.93999,911.01001,914.0,136.56133315
mg,1389916800000,914.0,918.43332,903.0,914.99989,1231.52769352
mg,1389920400000,914.9938,920.34891,908.33,911.49134,91.4181681
mg,1389924000000,911.49634,916.37267,902.36151,913.0,196.58760308
mg,1389927600000,913.0,913.9,898.0,908.8194,288.70424096
mg,1389931200000,905.5111,913.50899,895.0,904.15,715.99480119
mg,1389934800000,913.0,913.0,901.01,904.499,87.93721161
mg,1389938400000,901.30531,911.66328,901.00096,905.1015,89.70698234
mg,1389942000000,905.1015,915.99999,905.1015,915.0,78.21392116
mg,1389945600000,914.0,921.97998,912.01,917.52628,119.22450659
mg,1389949200000,920.91397,930.0,916.6,920.01002,361.59368734
mg,1389952800000,927.98988,928.86428,896.7,904.94499,617.79942578
mg,1389956400000,899.915,910.0,889.0,901.005,607.08580504
mg,1389960000000,907.2,907.46498,898.06022,900.0,131.03596567
mg,1389963600000,906.729,906.99967,894.29516,896.50001,61.11429501
mg,1389967200000,896.50001,900.0,890.0,898.00001,374.25844372
mg,1389970800000,896.9612,901.87999,885.0,885.21,615.75918906
mg,1389974400000,889.82,897.6099,883.0,887.80661,270.53793285
mg,1389978000000,887.80901,891.99999,882.5,887.97924,111.25485779
mg,1389981600000,883.7923,887.97423,872.08,880.99999,939.66473107
mg,1389985200000,880.99999,907.0,874.01,896.78,974.47900716
mg,1389988800000,888.322,896.78,867.43,875.0,430.72360864
mg,1389992400000,875.22975,887.44242,869.6,874.995,332.17270063
mg,1389996000000,874.7,897.0,874.6,894.3,401.67017464
mg,1389999600000,894.567,895.0,879.897,894.5,348.99495589
mg,1390003200000,894.9191,909.89,891.12,905.69,429.8325814
mg,1390006800000,905.4,909.89,901.50002,904.25502,138.30071623
mg,1390010400000,904.25502,909.89,885.0,902.0,535.30023426
mg,1390014000000,901.5,904.88999,890.505,902.69999,174.2009478
mg,1390017600000,903.0,910.00001,890.6,910.0,231.57144315
mg,1390021200000,910.0,913.69899,908.0,913.68899,204.57491621
mg,1390024800000,913.68899,917.69899,909.00005,917.6,329.71314818
mg,1390028400000,916.9,917.69899,908.0,917.69,142.41336765
mg,1390032000000,908.016,918.69999,907.00001,911.11502,266.15999774
mg,1390035600000,917.0,919.0,908.016,908.016,237.54361063
mg,1390039200000,908.006,922.0,907.22504,921.821,275.46899706
mg,1390042800000,921.821,922.0,912.14301,919.99,181.00244064
mg,1390046400000,919.99,923.0,913.405,920.5,238.71732564
mg,1390050000000,917.8,925.0,916.025,924.93138,265.47234396
mg,1390053600000,924.93138,925.0,916.01,924.97913,262.37684129
mg,1390057200000,924.58,924.591,901.0,905.185,473.70052862
mg,1390060800000,905.36001,912.8,900.0,902.22004,273.66045364
mg,1390064400000,902.22004,918.93759,902.21505,906.73702,219.75095696
mg,1390068000000,907.16004,924.24989,907.14005,920.0,280.70804792
mg,1390071600000,921.395,923.13468,911.00502,917.0,62.26157476
mg,1390075200000,917.0,922.85,913.0,913.12003,69.83651511
mg,1390078800000,918.0,922.83999,911.85005,913.1,55.03445826
mg,1390082400000,917.99499,917.99999,909.0,911.22979,105.57510325
mg,1390086000000,909.1,916.51992,902.12,906.005,166.28408971
mg,1390089600000,906.0,915.0,905.0,909.77,97.84292067
mg,1390093200000,905.21,909.99999,902.77014,908.98496,37.67637766
mg,1390096800000,902.87016,908.89498,902.77014,908.62865,44.42926089
mg,1390100400000,905.37981,909.995,905.0,905.0,14.19223364
mg,1390104000000,905.0,909.885,902.65,905.0,32.72078047
mg,1390107600000,902.8,908.99999,902.12,902.2,34.49490414
mg,1390111200000,902.21001,910.0,902.01,909.945,48.70357803
mg,1390114800000,909.995,918.72,902.65957,908.06004,131.38367738
mg,1390118400000,918.0,919.07543,908.30502,912.00001,142.14793066
mg,1390122000000,919.0,920.0,910.742,919.0,181.06909486
mg,1390125600000,919.0,921.09999,910.26103,918.99499,179.81793823
mg,1390129200000,918.995,921.1,910.36108,921.1,169.89509973
mg,1390132800000,920.439,925.0,912.03002,921.0,405.28817763
mg,1390136400000,924.0,929.0,913.99464,929.0,194.6804531
mg,1390140000000,928.99,934.99999,922.01001,929.77,452.11680432
mg,1390143600000,928.34001,936.95377,928.34,930.00003,467.12739402
mg,1390147200000,934.0,934.0,925.00001,931.0,318.40620931
mg,1390150800000,933.89,937.97999,927.00601,937.0,192.25638126
mg,1390154400000,936.99834,941.0,923.00002,924.89144,1007.38488005
mg,1390158000000,924.89144,934.29996,924.89144,933.9,227.43887057
mg,1390161600000,933.5,941.0,922.51,930.005,345.24839699
mg,1390165200000,937.0,937.9,920.25,934.495,354.14074314
mg,1390168800000,934.495,939.0,925.14007,938.695,174.00308447
mg,1390172400000,938.68,958.24,930.16504,954.995,2164.28703841
mg,1390176000000,954.99999,960.0,926.0,938.585,1280.66699125
mg,1390179600000,938.52496,949.82997,931.5,940.54501,253.03711978
mg,1390183200000,942.57974,970.0,942.57974,961.99337,1978.59878014
mg,1390186800000,961.56942,980.59324,956.98502,963.15501,1407.37791393
mg,1390190400000,963.15,970.0,956.1,965.095,305.51459797
mg,1390194000000,961.0,965.0,950.0,950.90453,324.55131056
mg,1390197600000,951.41004,970.98,951.39505,952.50501,255.56145547
mg,1390201200000,952.50501,967.41173,952.15543,955.43006,254.00738619
mg,1390204800000,957.43006,966.86,950.5,962.495,161.97524248
mg,1390208400000,962.495,965.89,953.47267,965.68,124.95231448
mg,1390212000000,955.474,966.69846,954.07935,955.03003,188.97628237
mg,1390215600000,955.04004,969.6,955.04004,961.0,126.1597386
mg,1390219200000,961.005,969.0,945.02,945.215,334.44616614
mg,1390222800000,953.0,961.95217,945.01,947.005,208.76123559
mg,1390226400000,950.0,959.78999,942.00001,943.005,287.76309408
mg,1390230000000,943.005,952.98998,940.01112,948.98999,193.37825024
mg,1390233600000,951.367,954.0,943.0,945.505,256.94679803
mg,1390237200000,944.582,954.49,944.1,954.485,199.84143594
mg,1390240800000,950.07459,960.0,946.41002,952.005,173.38353423
mg,1390244400000,952.005,966.29784,951.7,965.751,335.30350172
mg,1390248000000,962.999,974.0,957.48073,971.565,408.5264349
mg,1390251600000,971.0,974.63668,968.0,968.00001,350.85657787
mg,1390255200000,968.09548,973.985,967.99,968.42401,215.38344787
mg,1390258800000,971.99,972.0,951.0,956.00002,528.34457665
mg,1390262400000,959.995,974.4,956.00002,965.51002,449.4765326
mg,1390266000000,971.99,974.17,964.53056,972.95,257.82229306
mg,1390269600000,971.4,973.9999,959.56791,962.99316,245.57915
mg,1390273200000,966.11463,972.999,958.86521,964.99499,281.82385994
mg,1390276800000,960.99,972.0,957.31015,965.00501,165.53577809
mg,1390280400000,971.995,972.999,958.53555,963.00001,161.49508886
mg,1390284000000,971.9,972.99385,952.00001,957.66701,270.98371605
mg,1390287600000,965.895,967.0,955.99909,964.95,282.15485232
mg,1390291200000,964.945,966.99999,950.0,951.944,549.40821845
mg,1390294800000,961.04619,964.99,943.32,954.92484,304.1104889
mg,1390298400000,954.92984,961.96998,943.60002,961.58475,272.7179394
mg,1390302000000,951.34003,969.99999,951.34003,967.89,319.94794467
mg,1390305600000,966.355,967.89,956.47077,963.00439,179.0877357
mg,1390309200000,963.00439,969.9,956.29949,959.13495,242.83221785
mg,1390312800000,959.13495,967.0,956.36454,967.0,125.7796379
mg,1390316400000,966.39499,967.0,952.20001,960.00001,225.3088472
mg,1390320000000,960.0,966.2,955.00001,958.00502,155.66643592
mg,1390323600000,959.99999,965.0,953.0002,954.801,251.89937329
mg,1390327200000,959.6807,966.02995,953.60001,958.0,148.92393248
mg,1390330800000,955.5,968.99998,954.41204,966.245,153.58400254
mg,1390334400000,961.00001,969.1,958.06504,959.00001,208.99577782
mg,1390338000000,959.00501,969.00003,958.20369,960.05,183.65889166
mg,1390341600000,960.05001,970.0,960.05,960.5,137.66726245
mg,1390345200000,960.5,971.4501,960.5,962.36655,234.76371675
mg,1390348800000,970.57947,972.66524,965.0,966.11003,215.29079947
mg,1390352400000,966.5,974.0,963.29857,974.0,171.22849901
mg,1390356000000,973.99629,974.0,963.5,967.9997,80.68337221
mg,1390359600000,967.8,970.4905,963.50002,963.79393,90.65761402
mg,1390363200000,963.5101,969.98997,963.13,968.97297,224.12138243
mg,1390366800000,968.87776,969.87986,961.30415,966.3,27.74113548
mg,1390370400000,963.13499,966.28998,959.103,959.103,81.76186163
mg,1390374000000,959.103,964.51399,954.0,959.995,114.26816214
mg,1390377600000,960.0,962.7,955.01,958.99989,14.99295172
mg,1390381200000,958.99989,962.0,954.1,955.00001,39.19036371
mg,1390384800000,955.1,961.0,954.1,955.09,36.70740088
mg,1390388400000,954.14218,960.0,952.0,952.01,169.78710293
mg,1390392000000,952.005,957.99999,951.14486,951.2,71.82585065
mg,1390395600000,951.2,956.95991,945.0,945.0,331.35676821
mg,1390399200000,945.5,954.0,945.0,949.99999,113.81688645
mg,1390402800000,946.5,950.0,940.0,940.0,1073.58512047
mg,1390406400000,939.31786,955.29491,936.2,955.0,332.1961449
mg,1390410000000,945.0,952.80949,941.02,944.84998,112.79908708
mg,1390413600000,942.0,942.7622,938.1,940.0,98.89018012
mg,1390417200000,939.99999,949.69427,936.66501,943.8942,157.35336353
mg,1390420800000,937.205,943.8942,935.0,939.0,235.92819762
mg,1390424400000,937.26,955.99,935.12,954.00001,279.9469147
mg,1390428000000,953.14307,955.985,940.0,948.99994,174.51406103
mg,1390431600000,945.1337,954.0,941.08399,951.00001,70.56059277
mg,1390435200000,951.00001,957.9999,948.5358,952.0,125.89748918
mg,1390438800000,951.20001,958.99999,944.9813,953.69023,106.59928294
mg,1390442400000,953.20011,958.95623,947.00001,947.675,35.41530973
mg,1390446000000,956.96994,956.96994,948.05438,955.98495,11.50085312
mg,1390449600000,956.307,958.64965,948.07001,950.0,33.1485529
mg,1390453200000,950.0,958.64964,948.09952,954.95496,37.89256742
mg,1390456800000,951.0,954.72444,948.2,948.2,20.32307718
mg,1390460400000,949.0,954.23948,948.05438,948.05439,13.94382518
mg,1390464000000,951.89999,953.985,948.05438,948.055,7.79794868
mg,1390467600000,944.839,949.9,944.839,948.0,9.52860416
mg,1390471200000,949.9,954.99997,942.00001,945.58646,102.35712342
mg,1390474800000,950.99499,953.0,946.0,949.0,10.53638337
mg,1390478400000,948.4,950.84999,945.0,945.0,52.40120925
mg,1390482000000,949.99999,949.99999,938.0,940.0,306.69085101
mg,1390485600000,939.193,945.0,938.005,944.32,58.0188257
mg,1390489200000,940.2,945.0,937.12135,941.2,51.01698435
mg,1390492800000,941.2,950.0,941.2,943.0,103.35246795
mg,1390496400000,943.0,954.99999,943.0,949.14666,84.63746857
mg,1390500000000,949.14666,955.0,942.056,954.0,148.93269797
mg,1390503600000,953.0,953.89329,947.0,947.00693,35.83442507
mg,1390507200000,947.0,952.34981,943.424,950.995,55.19933716
mg,1390510800000,943.81001,952.2,942.07768,949.995,87.79843456
mg,1390514400000,949.99999,951.9,942.09271,949.98,48.64811819
mg,1390518000000,945.00001,949.98,943.31692,945.0,17.21997329
mg,1390521600000,943.50294,950.0,941.0,942.0,79.58317463
mg,1390525200000,942.0,946.978,941.0,944.8,44.84848028
mg,1390528800000,941.00001,941.00001,925.0,925.0,1122.50662881
mg,1390532400000,930.0,932.98999,924.07833,931.94987,233.65845057
mg,1390536000000,931.94987,931.99999,916.945,917.0,491.64504443
mg,1390539600000,916.945,924.96492,903.4,911.0,944.7127245
mg,1390543200000,911.0,928.68,904.1,917.3805,355.74657872
mg,1390546800000,917.5,928.0,907.21,918.54,351.37856058
mg,1390550400000,918.08001,928.67999,917.92473,925.40483,194.48764934
mg,1390554000000,925.0,933.59998,920.2,923.99999,219.85553848
mg,1390557600000,921.069,924.93484,915.58756,924.9328,155.78199675
mg,1390561200000,916.905,924.88495,913.11101,913.1996,71.60539574
mg,1390564800000,913.14853,923.71311,913.14853,916.5,45.01678753
mg,1390568400000,916.5,921.91459,913.0,917.5,144.40544145
mg,1390572000000,917.5,924.49499,917.1754,918.4244,90.9995389
mg,1390575600000,924.11371,924.49999,915.00001,916.0,58.35392185
mg,1390579200000,916.19,924.39999,915.001,917.205,47.8975543
mg,1390582800000,917.205,924.495,917.205,924.495,50.42536175
mg,1390586400000,924.0,929.0,916.0,925.00001,220.7107236
mg,1390590000000,925.00001,928.87919,921.49002,928.71682,61.96611068
mg,1390593600000,928.4861,928.69499,921.0,926.0,48.18676996
mg,1390597200000,926.0,933.59999,919.0,920.00001,139.34765546
mg,1390600800000,921.069,934.0,916.0,922.0,295.31814628
mg,1390604400000,922.0,933.49292,917.05879,917.05879,265.76468694
mg,1390608000000,924.97987,927.12275,916.01,917.04004,163.98608136
mg,1390611600000,917.04013,932.0,916.99001,930.45,177.10398169
mg,1390615200000,924.0,938.86207,923.0,937.86989,269.67820684
mg,1390618800000,937.85989,940.0,928.49626,933.0,162.28401301
mg,1390622400000,937.175,944.0,930.00003,943.8,239.70745265
mg,1390626000000,943.8,952.1,935.49042,947.00003,424.09310931
mg,1390629600000,947.00003,957.0,944.20012,946.18521,370.38410962
mg,1390633200000,946.18,957.0,940.9,955.1,266.28753561
mg,1390636800000,957.0,959.0,945.50007,956.0,200.67094866
mg,1390640400000,947.667,957.0,946.25009,953.28244,261.71413498
mg,1390644000000,953.28244,956.0,946.0,955.0,205.18933583
mg,1390647600000,955.0,959.76448,945.98989,957.0,272.1486856
mg,1390651200000,958.989,959.0,946.00506,948.18061,200.42271925
mg,1390654800000,950.0,959.0,948.17059,958.79999,182.88632142
mg,1390658400000,958.795,959.0,942.11,951.50499,415.80687462
mg,1390662000000,942.51,955.89999,942.50001,945.1002,220.05421451
mg,1390665600000,952.0,958.78999,945.1303,947.39199,212.3393592
mg,1390669200000,956.99999,974.0,947.42709,969.97,1624.7159901
mg,1390672800000,970.0,973.9,959.7804,972.99298,370.59293794
mg,1390676400000,972.97293,973.0,961.973,962.63844,207.54147954
mg,1390680000000,969.44,974.995,962.65505,972.0,342.13838098
mg,1390683600000,971.995,978.6,963.21142,967.5,564.2409387
mg,1390687200000,973.0,978.0,963.27,974.0,223.24101136
mg,1390690800000,972.85226,975.8,961.06328,961.23871,182.1163251
mg,1390694400000,963.93,975.0,961.43006,974.9998,171.28645141
mg,1390698000000,970.0,977.75,963.42505,977.75,180.75490906
mg,1390701600000,977.8335,977.8335,964.46632,973.99974,105.9626788
mg,1390705200000,969.99999,975.0,958.23,969.99843,152.88057274
mg,1390708800000,961.10009,969.5993,958.23,968.0,18.94254663
mg,1390712400000,961.0,967.99,950.73,952.2964,243.69801865
mg,1390716000000,951.936,973.9,950.75001,965.0,205.89568441
mg,1390719600000,973.699,976.99,963.17533,976.97999,204.45664387
mg,1390723200000,975.77726,977.77885,965.51689,974.99999,200.92220943
mg,1390726800000,974.99999,982.03218,962.46204,982.03218,704.88598223
mg,1390730400000,982.04085,986.16683,973.65011,986.16683,431.5310538
mg,1390734000000,986.0,986.251,975.25001,985.0,233.4550415
mg,1390737600000,985.38493,986.95246,977.21067,985.0,182.58398831
mg,1390741200000,984.99,1006.79763,975.30001,997.375,2561.44811698
mg,1390744800000,997.375,1015.0,985.56321,1006.0,1439.1617321
mg,1390748400000,1006.09545,1038.15894,1006.0,1010.0,2898.82858357
mg,1390752000000,1006.7,1021.51283,1001.00101,1019.0,511.58897683
mg,1390755600000,1017.09378,1017.09378,1002.27001,1004.0,312.39217401
mg,1390759200000,1002.27001,1019.5,1000.0,1001.0,555.3775107
mg,1390762800000,1001.0,1006.99,980.0,988.99016,789.26133078
mg,1390766400000,990.5,1009.79999,980.11,1000.0,212.32283485
mg,1390770000000,995.0,999.99999,988.07003,994.0,60.6110487
mg,1390773600000,992.0,1010.0,988.27001,995.712,223.96395546
mg,1390777200000,997.04505,1010.0,997.04505,1007.98999,120.61441509
mg,1390780800000,1007.09456,1012.72975,1001.3542,1002.43007,109.84284824
mg,1390784400000,1004.99999,1014.99999,1002.09905,1009.0,134.66895861
mg,1390788000000,1007.3943,1015.0,1004.4,1008.0,68.27718198
mg,1390791600000,1004.5012,1022.0,1004.5012,1019.0,371.55605281
mg,1390795200000,1019.0,1020.0,1005.00001,1005.00102,86.44228465
mg,1390798800000,1005.00102,1010.0,1003.31,1006.0,73.8072361
mg,1390802400000,1006.1,1017.0,1006.01012,1008.01003,76.79127776
mg,1390806000000,1013.0,1013.62192,1007.0,1007.0,117.92894518
mg,1390809600000,1007.02008,1015.0,1006.01014,1009.3,78.697263
mg,1390813200000,1009.3,1015.79913,1006.0,1006.0,89.28438179
mg,1390816800000,1006.0,1009.99999,996.25018,996.39028,127.12990893
mg,1390820400000,996.39028,1000.99,992.01998,993.0,135.75557162
mg,1390824000000,993.0,994.0,985.03,985.9,197.82684614
mg,1390827600000,986.1,997.25,985.90001,997.245,179.82404799
mg,1390831200000,990.6094,997.25,985.01,987.0,172.04004564
mg,1390834800000,986.30002,993.45499,983.2,983.22,205.4959976
mg,1390838400000,984.1,989.8,970.2,979.18998,591.64496281
mg,1390842000000,971.132,979.38499,955.0,960.7653,1446.11170505
mg,1390845600000,960.7653,976.28996,960.005,976.24495,590.26030636
mg,1390849200000,976.24495,981.0,965.53502,972.96999,289.7842585
mg,1390852800000,972.96999,978.75475,965.3,969.89,179.4857638
mg,1390856400000,969.89,971.99999,961.395,964.1,322.48790695
mg,1390860000000,967.0,968.99999,951.021,961.559,743.77999887
mg,1390863600000,961.559,961.559,937.67,944.0,1469.25040258
mg,1390867200000,941.00001,957.72696,940.14,946.7,282.15806281
mg,1390870800000,947.52,960.0,942.1799,960.0,352.52781846
mg,1390874400000,960.0,969.5,952.32932,959.62516,360.47639254
mg,1390878000000,959.63517,969.8,950.0,950.50801,197.99222868
mg,1390881600000,951.913,964.88697,929.0,941.2248,1560.74543181
mg,1390885200000,940.97499,941.64989,918.87,920.3,963.89391665
mg,1390888800000,922.9,934.79858,912.02001,933.0,952.93023441
mg,1390892400000,933.0,950.0,923.01,944.79999,701.61025146
mg,1390896000000,944.80333,944.85,921.11,928.0,393.77048185
mg,1390899600000,923.37898,937.80749,922.0,930.0,140.28457065
mg,1390903200000,928.0,935.8,921.0,933.29999,274.3580778
mg,1390906800000,933.29999,956.62,930.0,951.0,453.62359784
mg,1390910400000,956.62,960.0,940.67916,957.6,434.81114765
mg,1390914000000,957.6,958.88,947.19352,950.0,91.68899206
mg,1390917600000,950.47,956.0,945.0,948.0,152.96163454
mg,1390921200000,950.0,960.0,944.15115,951.03002,293.72370385
mg,1390924800000,951.03002,965.0,950.0,951.95505,198.40080221
mg,1390928400000,964.60499,966.0,957.0,964.49999,202.68296666
mg,1390932000000,964.49999,973.0,958.31254,962.1362,424.06306987
mg,1390935600000,972.895,973.0,960.00001,968.95399,248.28381818
mg,1390939200000,968.94899,972.0,952.43032,953.322,238.88505296
mg,1390942800000,958.95,959.5,947.17005,958.93,150.8557623
mg,1390946400000,958.90497,964.56211,935.02,949.73482,545.39027984
mg,1390950000000,949.73481,949.73481,933.00003,933.15525,247.90837931
mg,1390953600000,933.5,949.15427,932.0,938.005,242.97821421
mg,1390957200000,939.1,944.94,922.29,937.45499,555.99496686
mg,1390960800000,937.42999,937.80496,920.0,929.58999,854.06671009
mg,1390964400000,929.5,931.99992,919.3,927.48978,209.94886113
mg,1390968000000,927.48976,938.995,921.0,933.99999,106.51035455
mg,1390971600000,933.0034,939.995,930.5,939.8248,88.62145573
mg,1390975200000,931.12002,950.0,930.5,950.0,229.74964323
mg,1390978800000,949.00001,950.99999,935.2118,949.99499,99.33182205
mg,1390982400000,949.0,949.96491,935.11,935.54216,96.3414462
mg,1390986000000,935.54216,941.49999,926.20001,928.1337,346.3236807
mg,1390989600000,928.1337,942.88997,928.1337,930.51411,166.35257347
mg,1390993200000,929.5,944.33,927.73022,939.99999,142.32840274
mg,1390996800000,931.41513,942.6013,925.5678,933.99941,263.74727102
mg,1391000400000,933.28997,940.0,925.8,927.00001,229.38719773
mg,1391004000000,927.005,938.88993,925.1,932.59211,157.20341285
mg,1391007600000,930.0,935.00001,925.1,929.99999,97.06126767
mg,1391011200000,929.99999,944.21748,925.0,941.07418,321.21495755
mg,1391014800000,931.73874,943.93995,926.43487,928.85,140.06168565
mg,1391018400000,926.42986,937.79493,926.0,931.08988,116.38158827
mg,1391022000000,926.0,937.83699,925.34,926.06,162.96772895
mg,1391025600000,930.915,936.64386,926.09002,927.01006,125.78798523
mg,1391029200000,927.01013,935.88321,926.0,934.13966,195.33086793
mg,1391032800000,934.09959,934.99999,926.001,929.0001,210.1621464
mg,1391036400000,929.0001,935.89499,926.02358,926.13125,138.78290622
mg,1391040000000,931.99954,933.97995,925.01,927.0,96.1931869
mg,1391043600000,927.005,934.98498,925.1,925.27093,88.21457423
mg,1391047200000,925.01006,932.178,921.0,928.91482,311.90119088
mg,1391050800000,922.33772,931.46,911.0,911.0,281.23129237
mg,1391054400000,921.0,930.79999,920.0,924.0,157.04865534
mg,1391058000000,925.4242,928.99999,920.0,923.11,165.58386215
mg,1391061600000,920.31,927.99999,920.101,920.19,70.79527843
mg,1391065200000,922.05,925.0,920.0,920.0,167.12054255
mg,1391068800000,920.99999,924.99999,913.0,914.00001,620.65020758
mg,1391072400000,916.0,930.0,910.11,928.685,194.67157022
mg,1391076000000,920.005,928.62999,917.2,917.20167,143.73541176
mg,1391079600000,922.0,927.90976,915.55,924.85465,103.42275024
mg,1391083200000,916.0,925.90479,915.5,925.90313,143.08478985
mg,1391086800000,917.005,926.0,915.5,926.0,87.11167513
mg,1391090400000,925.00001,950.0,925.0,935.605,569.38466239
mg,1391094000000,936.24749,947.03997,935.00001,944.87999,191.77346522
mg,1391097600000,935.22,953.0,935.22,940.31441,503.55361831
mg,1391101200000,945.0,946.98998,940.36941,940.40001,183.08859235
mg,1391104800000,940.4,953.97898,936.6,952.105,316.90497642
mg,1391108400000,951.89106,953.0,940.01,950.0,176.4657936
mg,1391112000000,952.97238,952.99314,941.74979,948.37768,142.57612375
mg,1391115600000,948.0,949.7,940.005,944.725,126.371549
mg,1391119200000,947.29963,947.29963,940.0,942.0,149.57068479
mg,1391122800000,942.0,948.0,940.0,942.10001,75.02485054
mg,1391126400000,942.1,950.0,938.5,943.0,254.84908814
mg,1391130000000,947.3,954.84,938.0,940.0,304.90632528
mg,1391133600000,949.89009,949.89009,935.3,948.525,119.16957866
mg,1391137200000,946.99999,946.99999,929.4514,931.005,167.57171305
mg,1391140800000,939.93487,944.33992,931.0,940.0,12.07502312
mg,1391144400000,940.0,948.85,925.0,940.4877,245.23813039
mg,1391148000000,940.4877,942.69539,925.0,930.24162,125.13635402
mg,1391151600000,930.24162,951.67,927.0,947.98498,456.96885407
mg,1391155200000,946.41983,954.5,937.21847,954.5,261.52099382
mg,1391158800000,953.99933,954.5,944.0045,946.169,66.69762122
mg,1391162400000,946.169,954.29999,941.57205,949.29229,37.70715662
mg,1391166000000,953.0,955.0,941.5766,941.5766,138.51148898
mg,1391169600000,951.995,952.0,940.0,946.99995,64.36145724
mg,1391173200000,940.13501,944.7,935.0,935.01,92.81807386
mg,1391176800000,937.0,942.1,935.0,940.0,99.37298953
mg,1391180400000,940.0,942.0,937.0,937.1,91.49570082
mg,1391184000000,937.1,940.99999,935.0,939.96,62.75610855
mg,1391187600000,939.96,953.0,935.0,943.3502,334.83821278
mg,1391191200000,943.2399,948.29999,941.0,947.93463,90.19214688
mg,1391194800000,947.94976,947.94976,936.03029,946.95824,153.18577491
mg,1391198400000,936.656,945.98498,935.14001,942.046,93.94320165
mg,1391202000000,942.046,946.1321,935.22001,935.38504,67.68171346
mg,1391205600000,936.0,941.99999,935.2,935.22,48.19759019
mg,1391209200000,939.15,955.183,935.2,940.0,408.09347064
mg,1391212800000,949.98,958.47336,939.32086,945.42001,228.11401163
mg,1391216400000,945.42,952.99,935.254,949.04773,114.11641091
mg,1391220000000,949.03704,958.39999,939.13723,939.77779,241.39045846
mg,1391223600000,939.77779,951.49,935.0,938.74,76.38956833
mg,1391227200000,938.74067,946.621,931.83,935.2,151.70353506
mg,1391230800000,935.2,946.61533,935.12121,942.96211,96.79553867
mg,1391234400000,936.71,942.6719,931.0,931.0,166.81731525
mg,1391238000000,934.0,950.99999,928.0,950.0,257.55190296
mg,1391241600000,950.0,951.0,932.91649,933.11,145.75977147
mg,1391245200000,935.254,948.36972,932.917,936.656,141.32755217
mg,1391248800000,935.25467,946.87777,934.26858,936.14035,67.53772944
mg,1391252400000,938.0,949.0,936.0,948.98,162.49209257
mg,1391256000000,948.5,949.93124,940.1598,942.287,100.7992917
mg,1391259600000,949.68999,960.02115,940.46261,953.0,569.05264791
mg,1391263200000,953.0,969.3999,951.00001,965.61683,558.51421123
mg,1391266800000,962.13499,965.61683,955.01501,955.21,147.5957538
mg,1391270400000,956.0,964.99999,954.32873,962.377,164.17330591
mg,1391274000000,962.82966,962.83032,952.006,953.01001,94.27709425
mg,1391277600000,953.01001,959.98875,953.0,954.99999,90.73915925
mg,1391281200000,953.01,959.87893,952.0,952.0,92.52631058
mg,1391284800000,952.0,952.0,945.01,947.0,69.80451796
mg,1391288400000,945.2,952.93472,945.0,945.02201,51.33193281
mg,1391292000000,951.97999,951.97999,945.12449,950.99999,85.54970765
mg,1391295600000,950.0,952.0,940.6,941.0,151.90311641
mg,1391299200000,949.46534,950.56768,938.7,939.0,86.58044863
mg,1391302800000,939.0,949.19802,936.45,937.0,101.18264011
mg,1391306400000,937.0,947.43918,935.2,935.20002,94.73389776
mg,1391310000000,936.21,944.99,935.2,935.33,86.71687662
mg,1391313600000,935.5,944.73009,935.2,935.5,75.85780785
mg,1391317200000,935.809,943.22727,935.0001,935.11,102.3426797
mg,1391320800000,935.002,946.75453,935.0001,935.002,94.48565621
mg,1391324400000,945.0,949.79999,935.0001,940.0,68.80364087
mg,1391328000000,941.339,954.84998,939.12507,952.55021,45.06960798
mg,1391331600000,952.55052,954.9,943.87509,954.85,60.88246192
mg,1391335200000,945.37856,954.9,945.37856,954.70336,30.27622427
mg,1391338800000,954.70837,954.71337,946.37126,953.79836,21.91002787
mg,1391342400000,953.0,953.81337,945.0,945.0,27.3750888
mg,1391346000000,949.97999,949.98,945.0,949.98,3.40086616
mg,1391349600000,950.0,960.0,946.44418,957.0,210.50503343
mg,1391353200000,957.0,960.0,947.9,949.4,41.23422546
mg,1391356800000,948.05982,955.99999,945.30078,954.97999,20.50980126
mg,1391360400000,953.9,955.0,945.248,954.975,38.09597885
mg,1391364000000,949.89999,955.0,945.001,947.951,48.18761478
mg,1391367600000,947.9,955.0,946.96472,946.96472,67.63305477
mg,1391371200000,946.96639,954.96974,946.505,950.00001,15.65709554
mg,1391374800000,950.00001,953.2,946.1,946.1,30.06340586
mg,1391378400000,946.10001,949.99999,945.0,948.00001,28.83823102
mg,1391382000000,948.99999,959.5,945.01501,954.0,54.42152757
mg,1391385600000,954.0,958.9,947.74542,955.0,20.70299786
mg,1391389200000,955.00001,959.989,947.74001,949.5605,48.81454304
mg,1391392800000,958.04897,958.04897,947.96,951.00001,4.79982663
mg,1391396400000,951.1,959.9999,950.01001,959.795,34.46556888
mg,1391400000000,952.22201,956.89999,950.0,956.69999,11.49406311
mg,1391403600000,950.01001,956.66999,950.0,955.9191,14.40553608
mg,1391407200000,956.61999,959.9999,950.0,956.99499,34.26904344
mg,1391410800000,954.53371,956.99999,941.6,945.0,93.37902589
mg,1391414400000,945.48994,950.0,942.0,943.99999,35.26044194
mg,1391418000000,944.0,955.0,942.16295,948.99999,37.25732565
mg,1391421600000,948.99999,960.0,945.36003,948.34051,178.21604239
mg,1391425200000,951.00001,957.92755,945.35503,946.01,68.08660812
mg,1391428800000,946.01001,951.9,943.101,945.1,118.00782462
mg,1391432400000,949.00001,949.98987,943.001,946.0,60.91901336
mg,1391436000000,948.0,949.0,941.63,941.63,76.72587847
mg,1391439600000,941.64744,949.98984,940.01,940.01001,95.01019966
mg,1391443200000,941.00501,949.98483,940.0,940.9999,107.91557347
mg,1391446800000,947.645,947.65,936.99181,939.88799,236.67046782
mg,1391450400000,937.0,949.8986,935.0,944.995,336.43772176
mg,1391454000000,936.656,943.89499,935.00001,941.9,124.83291101
mg,1391457600000,935.50003,950.0,935.00001,941.22649,211.33105537
mg,1391461200000,941.4,948.64495,935.00001,935.11171,97.4587393
mg,1391464800000,936.5728,947.96895,935.0,935.0,161.6273883
mg,1391468400000,941.00999,947.505,932.05,932.22,216.27463376
mg,1391472000000,932.05,943.7,931.61338,939.0,142.88497817
mg,1391475600000,939.2,944.993,931.0,931.2,104.71248139
mg,1391479200000,944.987,944.987,931.0,937.89999,165.51884573
mg,1391482800000,931.06,942.9,931.0,931.0,147.13710931
mg,1391486400000,931.00001,939.92999,930.0,931.06,250.96788953
mg,1391490000000,931.06,949.457,930.0,930.03001,217.83014447
mg,1391493600000,939.895,944.85,931.06,932.03,105.55535499
mg,1391497200000,932.03501,939.992,928.0,928.00586,461.45276939
mg,1391500800000,938.14,939.992,927.56,939.99199,98.66591336
mg,1391504400000,927.57501,938.99499,920.0,933.79999,614.08418149
mg,1391508000000,930.0,933.9,920.00001,925.00001,75.89968895
mg,1391511600000,925.49601,933.9,925.0,933.795,117.72683505
mg,1391515200000,927.6,933.78999,921.005,925.005,63.41100252
mg,1391518800000,925.0,939.89,921.01,933.923,189.12955348
mg,1391522400000,922.00171,934.99999,922.0,925.00001,106.42372885
mg,1391526000000,926.0,937.0,922.58,924.715,136.72223409
mg,1391529600000,929.99999,933.923,922.0,931.0,149.37062052
mg,1391533200000,931.0,931.0,922.0,925.0,74.70946943
mg,1391536800000,925.97353,930.99999,921.1,929.995,131.8526138
mg,1391540400000,930.44,935.0,921.0,930.495,260.96447305
mg,1391544000000,930.495,934.99999,921.01,922.221,97.64891003
mg,1391547600000,927.99999,939.0,907.0,929.945,168.72923747
mg,1391551200000,921.34401,929.995,901.0321,925.0,118.56112345
mg,1391554800000,921.5,935.0,920.012,926.97999,198.08326522
mg,1391558400000,926.97999,927.512,920.02,927.512,70.31008057
mg,1391562000000,927.00001,927.512,920.0,920.77,244.71503266
mg,1391565600000,925.0,939.93,920.0,922.2,260.56123339
mg,1391569200000,923.0,933.74086,921.1,926.0,69.12782355
mg,1391572800000,930.99999,938.999,923.995,923.995,147.5982984
mg,1391576400000,929.72897,931.125,921.02,928.99498,133.16205127
mg,1391580000000,928.98997,928.99998,920.65655,920.65655,135.66123659
mg,1391583600000,926.00001,928.99999,920.01,920.5,62.307167
mg,1391587200000,928.335,931.98999,920.0,921.0,224.47662682
mg,1391590800000,920.2,925.99999,920.0,921.0,102.34274169
mg,1391594400000,920.0,925.0,918.74,922.0,135.80055064
mg,1391598000000,924.99999,925.0,918.7,918.71001,120.1403833
mg,1391601600000,924.88997,925.0,918.7,918.70067,74.09776165
mg,1391605200000,924.99,924.99001,914.0,915.501,426.10768292
mg,1391608800000,918.99999,920.99999,914.0,915.0003,112.75655056
mg,1391612400000,915.1,919.0,900.0,915.01001,232.73917038
mg,1391616000000,919.0,920.5,900.0,912.005,225.66289598
mg,1391619600000,912.005,916.5,912.0,912.41777,140.11181805
mg,1391623200000,915.0,915.0,912.0,914.99999,133.03696527
mg,1391626800000,915.0,916.0,911.0,912.1,159.56026231
mg,1391630400000,912.11,921.0,912.11,916.1,106.10528918
mg,1391634000000,918.29999,933.51848,916.1,927.49896,137.4818056
mg,1391637600000,927.0,931.59999,901.6,923.945,328.26346841
mg,1391641200000,922.495,922.495,890.1731,904.67,3304.67597981
mg,1391644800000,904.70001,909.0,850.0,869.99499,3556.69834748
mg,1391648400000,869.99498,879.0,825.0,860.0,1870.82873342
mg,1391652000000,862.0,880.0,840.0,861.995,1039.17600975
mg,1391655600000,855.50001,862.86199,830.0,849.38184,1197.17231394
mg,1391659200000,853.88,869.0,811.0,835.995,1693.16736738
mg,1391662800000,828.05307,838.1,805.0,827.00501,713.448218
mg,1391666400000,828.46073,869.0,801.0,851.51,1501.87449132
mg,1391670000000,859.353,859.353,835.1,854.0,480.14671422
mg,1391673600000,844.22501,850.0,827.6,833.32,580.04865192
mg,1391677200000,839.8856,876.0,834.0,868.3,1001.7078333
mg,1391680800000,868.24944,873.0,855.0,872.5,355.21368583
mg,1391684400000,872.5,874.51499,847.82176,859.995,243.41064768
mg,1391688000000,859.428,860.653,840.27752,858.36208,217.76713353
mg,1391691600000,858.35708,860.0,840.4,840.61,200.59663392
mg,1391695200000,853.59,855.49,839.233,852.33996,321.73727549
mg,1391698800000,843.01797,852.37,842.0001,852.24999,166.85047554
mg,1391702400000,850.00001,854.55851,841.54,851.38919,230.57652743
mg,1391706000000,851.38918,857.0,842.0,856.83811,162.41878769
mg,1391709600000,857.0,858.85799,835.0,850.39195,237.43281477
mg,1391713200000,850.39195,851.5,835.2,848.62081,186.78298574
mg,1391716800000,839.00001,847.895,822.099,828.62229,469.77285075
mg,1391720400000,831.0,833.17789,821.0,823.0,256.40534621
mg,1391724000000,823.10001,840.77986,810.0,824.0,730.92044841
mg,1391727600000,817.0,829.99999,811.30101,828.9799,381.25425507
mg,1391731200000,827.0,833.14499,805.83615,821.99834,527.7649594
mg,1391734800000,822.0,827.95999,766.0,780.0,4268.73527441
mg,1391738400000,768.44001,797.86,750.59848,768.00001,3104.77523646
mg,1391742000000,769.0,791.28041,750.0,766.13755,1410.31682641
mg,1391745600000,766.05166,794.24938,750.0,768.0,1891.6990753
mg,1391749200000,768.0,769.88,736.0,744.062,2219.28568112
mg,1391752800000,752.89499,758.99,730.0,730.0,2171.73683742
mg,1391756400000,730.0,753.26111,705.21,720.0,4515.31380888
mg,1391760000000,724.0,736.0,651.99999,710.0,6989.51424636
mg,1391763600000,710.09791,725.0,656.43369,685.005,3930.18899541
mg,1391767200000,685.005,705.56218,651.70976,668.0,2779.91917453
mg,1391770800000,676.92468,721.0,675.0,719.0,1710.12165785
mg,1391774400000,719.0,721.0,702.0,707.25,1167.27890705
mg,1391778000000,708.99999,746.88,696.01002,726.76012,2033.84880025
mg,1391781600000,728.314,739.98,721.1,739.0,1038.79556887
mg,1391785200000,739.89997,739.97007,716.11003,732.22,877.1993661
mg,1391788800000,733.746,760.0,723.05,759.91497,1345.33514946
mg,1391792400000,759.90495,766.0,747.92457,759.71977,1245.87959438
mg,1391796000000,759.71977,767.88907,750.0,758.10001,698.21151135
mg,1391799600000,766.73497,770.0,750.45366,753.9998,815.68388995
mg,1391803200000,750.0,753.9998,721.12687,733.99999,1012.12049835
mg,1391806800000,730.20001,733.89998,721.12687,729.99997,415.67550594
mg,1391810400000,721.13188,729.99995,719.14,727.30001,642.78734236
mg,1391814000000,728.29,728.84989,684.62439,695.61818,1693.6285508
mg,1391817600000,685.22,708.0,673.0,701.02,1467.80237204
mg,1391821200000,705.41931,712.07057,695.0,700.01002,649.35920377
mg,1391824800000,700.01002,706.49999,657.84314,657.89623,2297.7409887
mg,1391828400000,657.8,699.88,655.0,672.49988,1356.40824812
mg,1391832000000,672.49988,695.80064,663.0,677.0,773.36925011
mg,1391835600000,678.10001,701.999,675.38927,701.0,730.83559241
mg,1391839200000,701.0,712.36899,690.0,698.995,615.43747187
mg,1391842800000,698.995,703.25754,675.0,687.48638,638.35771
mg,1391846400000,691.37284,710.0,681.0,701.005,766.49410923
mg,1391850000000,704.5,719.24999,690.00001,700.0,708.24007103
mg,1391853600000,700.10607,700.10607,680.0,699.0,607.51317099
mg,1391857200000,699.0,708.08,685.0,694.99997,559.66506145
mg,1391860800000,694.99497,695.0,680.5,686.686,421.48679495
mg,1391864400000,686.686,687.69989,665.11276,681.995,747.12391597
mg,1391868000000,681.99334,683.98,666.1,669.99991,813.16305974
mg,1391871600000,669.99991,676.94527,663.39088,670.99997,639.89078912
mg,1391875200000,664.005,699.99999,663.47063,691.00001,940.63994683
mg,1391878800000,692.0,699.94999,680.0,685.0,615.31119905
mg,1391882400000,681.10963,684.99998,670.33001,680.44247,580.50922897
mg,1391886000000,680.95997,684.35825,668.91101,679.97997,477.33567188
mg,1391889600000,678.99999,681.62086,665.0,665.00001,965.04695323
mg,1391893200000,675.9799,679.91078,663.1061,671.55,528.6902337
mg,1391896800000,670.99999,671.0,632.01101,646.88422,2832.88934254
mg,1391900400000,646.86919,665.0,634.81123,648.71427,1402.03952715
mg,1391904000000,658.81324,662.96868,636.01062,641.20003,538.91608251
mg,1391907600000,648.0,649.97734,632.12,632.2,579.2628106
mg,1391911200000,632.2,645.9,631.13,632.00001,1088.38821945
mg,1391914800000,634.42961,649.8,630.0,644.22968,681.58128443
mg,1391918400000,644.22965,664.98,633.0,664.96999,994.36779725
mg,1391922000000,664.93995,675.0,625.13,631.0,1877.97304476
mg,1391925600000,631.99998,643.0,624.57,630.76726,648.14114798
mg,1391929200000,631.72467,658.0,622.4189,652.0,1252.7134897
mg,1391932800000,651.995,675.0,636.3983,667.91908,1045.20619724
mg,1391936400000,664.24014,685.98998,662.55014,675.0,1081.86047094
mg,1391940000000,676.0,678.8,660.1,670.70484,692.88722353
mg,1391943600000,663.482,684.9,662.1111,670.477,640.34761153
mg,1391947200000,678.39738,693.99999,670.1,675.1,851.11188919
mg,1391950800000,675.20001,691.488,668.97665,682.0,528.83507144
mg,1391954400000,682.0,692.0,676.15001,676.155,881.0918732
mg,1391958000000,685.94996,685.94996,673.0,678.0,782.13957965
mg,1391961600000,678.0,683.0,667.0,667.01001,570.51648175
mg,1391965200000,677.0,681.85,661.50001,673.0,591.20758054
mg,1391968800000,680.65,683.61952,670.0,670.477,472.58751929
mg,1391972400000,670.48,675.0,660.0,661.1,718.91973162
mg,1391976000000,669.29992,669.29992,651.0,659.84458,567.69680274
mg,1391979600000,659.80457,688.25647,651.0,670.48992,989.94132034
mg,1391983200000,664.28999,670.49998,652.2,663.58733,560.27158666
mg,1391986800000,663.5373,668.06,655.0,659.49776,617.33280059
mg,1391990400000,663.29499,690.0,653.0,688.99999,819.2309368
mg,1391994000000,686.47,688.93199,670.00001,685.77985,714.6737262
mg,1391997600000,685.77985,700.0,680.82002,693.99999,1069.74215684
mg,1392001200000,690.0,697.68988,682.02,689.87997,483.65866434
mg,1392004800000,689.67061,699.0,678.0,687.995,607.11030726
mg,1392008400000,689.0,689.995,667.91907,688.86996,819.18462669
mg,1392012000000,680.39999,696.97888,675.53489,686.99994,769.00761122
mg,1392015600000,686.99982,687.99999,657.0,661.0,1421.76573175
mg,1392019200000,661.0,675.0,655.0,657.21548,1237.98479101
mg,1392022800000,655.00001,672.8,622.4,652.0,3352.50321381
mg,1392026400000,644.99,657.99999,524.79356,524.79356,10613.58665796
mg,1392030000000,530.0,640.0,500.0,605.7,3751.61776579
mg,1392033600000,607.49749,624.9,538.04999,570.0,3498.75539655
mg,1392037200000,580.0,580.0,541.01,553.98,1121.188868
mg,1392040800000,551.691,600.0,548.0,597.0,1208.17777596
mg,1392044400000,598.78,618.0,577.61,610.0,1126.39867839
mg,1392048000000,611.0,614.0,581.1,601.0,1357.02250971
mg,1392051600000,595.22854,625.0,586.75,612.20076,1110.87791008
mg,1392055200000,611.21652,619.0,575.0,598.5,1439.86320417
mg,1392058800000,597.0,597.0,569.0,581.95682,564.90334402
mg,1392062400000,581.99,587.0,561.1,586.99,707.84817105
mg,1392066000000,584.99999,609.4949,569.44585,595.74749,537.65895535
mg,1392069600000,595.74749,603.0,571.49276,578.20332,410.39944865
mg,1392073200000,593.65415,595.97687,564.0,582.36669,633.73642696
mg,1392076800000,582.54,590.80999,560.32,574.97,722.34209754
mg,1392080400000,574.97,590.0,558.0,578.22,667.47573306
mg,1392084000000,578.22,586.0,560.0,580.0,374.55935089
mg,1392087600000,580.0,580.0,560.0,571.85,631.35174386
mg,1392091200000,571.844,578.0,555.0,565.0,517.62498508
mg,1392094800000,558.039,578.9,553.11111,558.92855,605.13294845
mg,1392098400000,558.92855,567.865,550.01,554.785,770.62854149
mg,1392102000000,554.785,565.0,550.0,564.98998,652.03017222
mg,1392105600000,565.0,600.0,555.0,599.9999,744.60937075
mg,1392109200000,599.0,609.4949,585.00001,597.0,1042.08772163
mg,1392112800000,595.77,596.87,575.03,585.0,571.77752519
mg,1392116400000,581.00001,590.0,566.6666,580.98,460.24301694
mg,1392120000000,572.00001,580.98,561.1001,573.599,713.75935562
mg,1392123600000,573.599,573.69,559.99015,569.99999,514.10080421
mg,1392127200000,560.6,571.996,558.82537,571.996,523.41936195
mg,1392130800000,565.25,588.0,560.02285,574.9,431.50362356
mg,1392134400000,573.313,582.0,562.0,568.796,834.74845602
mg,1392138000000,568.5,594.10538,563.1,572.0,678.28574563
mg,1392141600000,573.46127,581.95,561.5,571.0,894.65526993
mg,1392145200000,571.0,598.0,566.0,582.8,961.29389665
mg,1392148800000,574.5,582.7,570.1,578.99999,509.73304058
mg,1392152400000,570.12,580.0,562.57,564.0,513.05437142
mg,1392156000000,562.9,600.0,560.0,584.0,1402.53373435
mg,1392159600000,574.99996,587.0,562.5,578.76,570.10565413
mg,1392163200000,567.2,578.875,562.81698,574.87,517.77460158
mg,1392166800000,567.0,575.0,561.0,573.95,447.36241079
mg,1392170400000,573.77,574.7,560.0,560.00003,472.86140564
mg,1392174000000,560.0,570.89,558.82537,561.34956,533.30445758
mg,1392177600000,567.37999,568.89999,552.37698,552.5,1322.80347301
mg,1392181200000,555.555,564.89999,551.0,558.58999,513.23802904
mg,1392184800000,556.99999,557.9,522.0,533.0,4150.46255402
mg,1392188400000,533.0,533.0,515.25185,516.0,768.93152828
mg,1392192000000,516.0,537.0,515.27,534.25,995.90963178
mg,1392195600000,534.2,549.0,515.0,523.19333,885.54044986
mg,1392199200000,517.21,527.527,515.0,526.6307,826.83006155
mg,1392202800000,520.09324,531.99999,511.77,521.5,1047.48561137
mg,1392206400000,528.06,531.85499,516.0,529.98,757.14293239
mg,1392210000000,529.98,534.92904,525.1,534.92903,508.5782337
mg,1392213600000,528.11166,535.0,528.0,534.0,498.81607407
mg,1392217200000,532.20001,585.0,531.41112,565.0,1374.74223203
mg,1392220800000,570.31768,578.88,556.03,568.3879,1271.38536553
mg,1392224400000,568.3879,571.99999,553.71122,560.8,602.92449424
mg,1392228000000,554.88,560.0,546.56308,546.56308,520.66279236
mg,1392231600000,547.00001,553.79996,535.30363,542.99833,539.24263881
mg,1392235200000,543.1,566.99999,543.1,547.936,572.6139229
mg,1392238800000,551.2853,560.38244,540.36879,542.11,531.1649551
mg,1392242400000,550.95,552.34734,537.012,537.012,662.44631429
mg,1392246000000,537.70029,543.94999,531.0,531.0,480.54583629
mg,1392249600000,540.03697,540.99996,524.0,524.0,665.6861375
mg,1392253200000,524.0,530.0,505.10662,515.02846,1309.43560406
mg,1392256800000,505.4,520.70999,502.0,505.0,1736.93970439
mg,1392260400000,505.00166,515.0,501.81,503.1234,958.99653257
mg,1392264000000,504.0,514.46999,501.81,505.0,1006.86822859
mg,1392267600000,511.574,511.99498,501.03,510.87796,863.7737231
mg,1392271200000,509.91,512.7,501.0,502.50198,1254.38867174
mg,1392274800000,501.86995,509.62951,501.0,504.84939,844.2981557
mg,1392278400000,505.0,509.29245,479.923,493.14086,4217.9619917
mg,1392282000000,490.0,549.0,483.145,506.795,1972.33554416
mg,1392285600000,501.21001,531.9586,501.0,520.5,787.27600388
mg,1392289200000,520.5,524.86,511.17904,519.84085,590.94384452
mg,1392292800000,517.733,518.2863,501.015,506.0,606.45716
mg,1392296400000,506.0,508.99988,491.54123,492.0,1214.54227058
mg,1392300000000,494.99995,507.13999,483.33122,506.308,951.8122384
mg,1392303600000,505.413,518.49598,491.0,501.86697,832.63481758
mg,1392307200000,499.438,500.01989,485.0,490.48997,677.2291405
mg,1392310800000,486.80501,489.98997,480.0,480.00002,797.31185018
mg,1392314400000,480.01,485.02844,476.0,480.02,1004.66043356
mg,1392318000000,480.02,480.02,467.213,467.38373,1575.88147371
mg,1392321600000,467.998,474.38999,465.0,468.89999,1061.08139113
mg,1392325200000,466.5,469.93999,457.51,462.0,1587.22932709
mg,1392328800000,457.52,477.96308,456.789,460.131,977.93402639
mg,1392332400000,460.131,460.91303,451.1,451.17,822.95374321
mg,1392336000000,451.121,455.0,441.60244,444.97063,1356.44627792
mg,1392339600000,444.95999,444.95999,410.0,419.496,3450.98581504
mg,1392343200000,419.496,420.98,384.99999,385.52001,3209.36365048
mg,1392346800000,385.52,405.0,302.0,374.98998,10328.08802287
mg,1392350400000,373.99,404.3673,354.0,390.27949,2678.31302537
mg,1392354000000,390.27949,428.97,380.01,405.0,1733.0736801
mg,1392357600000,405.98,408.43249,381.55526,404.66998,1023.75713809
mg,1392361200000,404.66995,404.66995,340.0,366.0,4055.51135357
mg,1392364800000,365.5,390.0,347.5763,370.0,2145.16504424
mg,1392368400000,370.0,380.49,311.1111,346.8,6220.68367701
mg,1392372000000,347.0,378.47268,321.0,329.53415,4308.37954902
mg,1392375600000,337.00004,339.99,314.1,328.0,2290.16149429
mg,1392379200000,328.0,335.0,310.8561,335.0,2723.5718944
mg,1392382800000,335.0,379.0,324.4205,345.0,2760.25822513
mg,1392386400000,344.67,369.0,326.01,344.73603,1864.73269136
mg,1392390000000,348.00004,441.91974,341.70225,414.98997,3518.21136108
mg,1392393600000,415.88,477.0,405.01001,447.0,2964.70889492
mg,1392397200000,447.0,499.89,435.0,470.01001,2458.58638787
mg,1392400800000,479.0,481.89,434.0,456.0,1311.05973728
mg,1392404400000,453.5,459.77,425.0,446.0,960.25346955
mg,1392408000000,443.97194,457.0,430.33002,443.88997,740.27172708
mg,1392411600000,442.8272,443.87995,400.0,409.995,1491.07099104
mg,1392415200000,409.995,443.99997,405.10001,425.01,576.08601919
mg,1392418800000,425.01,429.18146,405.3,427.52,572.49087658
mg,1392422400000,427.52,427.85999,408.0,422.0,535.00836596
mg,1392426000000,422.0,428.98996,358.0,363.4,2472.27692477
mg,1392429600000,358.0,385.99996,352.0,365.00004,3043.58496244
mg,1392433200000,364.00004,383.99999,359.0,378.91991,2209.51762828
mg,1392436800000,378.91991,390.99996,365.2,373.94999,1272.43617192
mg,1392440400000,372.48271,414.99999,372.48271,408.9,461.70964174
mg,1392444000000,408.9,447.87999,408.9,446.0,643.11670538
mg,1392447600000,446.0,447.0,370.0,380.195,2727.06739702
mg,1392451200000,382.0,395.562,365.2,391.5,2127.34012941
mg,1392454800000,391.063,394.89999,347.7165,354.73851,4855.61652464
mg,1392458400000,354.73851,355.29974,326.0,326.0,4883.39507956
mg,1392462000000,335.0,367.0,310.0,361.507,4214.31327256
mg,1392465600000,350.0,361.99996,318.3351,334.97,4121.39323636
mg,1392469200000,328.00001,376.0,326.01,351.0,4295.72819933
mg,1392472800000,358.63623,380.0,331.11,365.0,4501.18642276
mg,1392476400000,358.00004,400.0,356.137,388.1,805.11443894
mg,1392480000000,389.77,397.0,370.0,396.0,584.8355676
mg,1392483600000,396.00001,404.0,371.82583,373.0,1111.41170673
mg,1392487200000,374.0,414.46541,371.82583,397.151,1097.94949158
mg,1392490800000,399.995,404.0,389.0,391.312,601.35172776
mg,1392494400000,397.995,399.0,388.813,392.458,323.72140716
mg,1392498000000,395.25002,408.25537,387.36879,401.70197,660.3480653
mg,1392501600000,395.19457,401.1,383.0,383.00003,864.11553986
mg,1392505200000,383.0,393.11228,362.83235,371.0,1610.83907018
mg,1392508800000,366.5,395.94011,366.10117,371.99997,1232.24646122
mg,1392512400000,372.0,534.0149,366.10117,534.0,4164.73818391
mg,1392516000000,536.0,540.0,366.10533,381.8,5182.78856264
mg,1392519600000,377.8677,384.64499,355.11,365.29727,3683.8696907
mg,1392523200000,365.30228,366.0,314.25806,336.21193,10904.91528267
mg,1392526800000,326.37301,338.0,306.12,307.0,5236.25065168
mg,1392530400000,307.2,315.0,274.83415,286.9,7227.27031986
mg,1392534000000,285.999,287.0,270.0,277.66,3145.9205971
mg,1392537600000,277.66,299.59,270.0,282.94,3287.15654734
mg,1392541200000,282.93,347.0,272.76515,312.795,4407.71135184
mg,1392544800000,312.8,319.0,271.0,271.0,4181.37675784
mg,1392548400000,272.89998,280.16559,267.0,267.0,3453.40679321
mg,1392552000000,267.45366,278.45831,229.0,229.0,6272.90536504
mg,1392555600000,229.0,298.0,220.29327,272.71199,5791.93457435
mg,1392559200000,272.71199,314.02598,237.0,270.0,3022.61713123
mg,1392562800000,270.0,286.0,235.35,249.63,2200.79208419
mg,1392566400000,255.0,263.39999,246.0,258.466,1006.98188074
mg,1392570000000,255.22223,259.88888,240.0,245.99999,1673.5671883
mg,1392573600000,240.266,249.9999,240.0,243.4,1469.73983963
mg,1392577200000,242.995,262.0,230.0,258.6,2862.81006172
mg,1392580800000,258.98999,260.0,240.0,241.005,1477.51960044
mg,1392584400000,244.537,245.0,234.02195,238.03376,1199.04187398
mg,1392588000000,241.0,260.86635,235.8,260.4,410.24735013
mg,1392591600000,260.001,317.82904,260.001,299.72277,2047.07133787
mg,1392595200000,299.72777,312.999,273.24452,292.99999,2024.66023865
mg,1392598800000,292.995,342.6,285.00001,291.5,2697.70912472
mg,1392602400000,303.7,312.23175,271.0,281.6,1765.0361685
mg,1392606000000,281.0,294.2,273.20001,279.97,1224.90336367
mg,1392609600000,279.955,298.73242,275.86192,279.995,1300.41872135
mg,1392613200000,279.995,304.99998,272.1,282.97,1387.96508193
mg,1392616800000,282.97,300.0,271.32702,289.98,1920.12201054
mg,1392620400000,285.22216,339.9999,284.83815,322.01,2506.89022044
mg,1392624000000,328.72679,365.0,319.491,334.84578,3014.39589867
mg,1392627600000,339.2,339.99999,305.318,307.00001,1400.95440402
mg,1392631200000,309.99498,390.0,302.00711,373.0,3575.88744782
mg,1392634800000,371.0,378.36299,325.1,357.42869,3700.8856067
mg,1392638400000,358.74794,400.0,355.11,400.0,2692.13000638
mg,1392642000000,400.0,411.0,361.31,372.29391,2362.9241122
mg,1392645600000,372.29888,383.0,350.47563,354.995,2382.017294
mg,1392649200000,351.00001,364.36399,324.21,337.0,2124.96766195
mg,1392652800000,335.99991,355.8,324.5,338.58999,1915.02795141
mg,1392656400000,338.381,343.9,312.0,316.88388,1808.10258284
mg,1392660000000,316.78,319.995,287.62591,290.0,2082.50244471
mg,1392663600000,290.0,315.0,287.62582,291.21,1739.243734
mg,1392667200000,295.0,297.0,280.83972,287.55116,1479.41575898
mg,1392670800000,288.0,304.3,263.25,267.6,2681.96147126
mg,1392674400000,267.995,287.55116,263.101,287.54616,1164.90797581
mg,1392678000000,287.55116,287.55116,268.75832,272.1,2160.19877321
mg,1392681600000,280.0,280.0,260.0,263.79997,1887.80261002
mg,1392685200000,261.04705,275.0,253.93268,256.80005,2896.65756519
mg,1392688800000,257.172,303.47,257.0,293.0,3558.24808167
mg,1392692400000,290.1,325.0,285.3513,323.0,3015.81928016
mg,1392696000000,323.9,370.0,311.6,323.955,5007.75759714
mg,1392699600000,323.9,329.43238,305.02999,307.0,1384.80966536
mg,1392703200000,306.11433,315.99,305.68151,311.495,1058.82762651
mg,1392706800000,307.0,312.63297,276.66,283.0,2198.80874496
mg,1392710400000,283.0,293.89461,269.20874,274.86078,3181.24857009
mg,1392714000000,277.61092,307.14774,269.0,304.0,2283.67420754
mg,1392717600000,304.0,312.3,278.59452,300.71476,1935.32572264
mg,1392721200000,302.43165,309.99999,290.36918,296.99899,2006.82483457
mg,1392724800000,294.99999,301.11,290.68796,290.69295,832.53682495
mg,1392728400000,291.00001,303.0,290.68796,300.0,616.45237402
mg,1392732000000,300.0,305.0,280.0,284.185,1642.67794489
mg,1392735600000,284.34397,292.5,268.63405,268.63405,2955.72727522
mg,1392739200000,271.01001,289.9,261.0,269.0,2335.95240854
mg,1392742800000,267.60407,269.77,258.48976,258.60582,2551.11918743
mg,1392746400000,258.49976,269.05,248.91607,252.0,2676.96422713
mg,1392750000000,251.995,256.81249,248.14826,252.99,853.14930055
mg,1392753600000,252.20001,255.31193,248.14826,252.6,908.95697091
mg,1392757200000,253.90004,255.0,248.14826,254.5,688.03223064
mg,1392760800000,253.7,295.0,251.885,285.0,1202.10502674
mg,1392764400000,285.0,298.0,275.5,293.8,553.95323779
mg,1392768000000,293.6,308.0,287.01038,296.995,498.83369143
mg,1392771600000,296.995,299.0,283.34541,296.0,683.56646663
mg,1392775200000,296.0,308.49,290.18,297.95,683.65200849
mg,1392778800000,297.99769,304.5,267.29756,274.7,1824.36243393
mg,1392782400000,273.96,279.11802,261.0,278.82763,2052.67238912
mg,1392786000000,279.0,287.51034,265.0,270.99,2052.88742052
mg,1392789600000,270.99,274.98996,260.0,267.22694,2561.34875626
mg,1392793200000,267.11,285.005,257.10001,270.96,2926.16525785
mg,1392796800000,270.2,278.98999,261.2239,275.99996,2406.70315484
mg,1392800400000,274.2,275.99999,261.33333,262.0145,2466.54472276
mg,1392804000000,267.3,267.88888,261.22405,265.995,1419.39972429
mg,1392807600000,264.96,270.01999,261.22725,269.8,1377.33556412
mg,1392811200000,269.8,269.8,261.22923,265.455,873.99363532
mg,1392814800000,265.4,270.18352,261.22681,261.36091,753.81251891
mg,1392818400000,263.11,265.43,261.23,261.34003,674.10948968
mg,1392822000000,263.9,267.0,261.23,261.32218,760.75768947
mg,1392825600000,261.69829,264.93,261.22681,263.97,674.47971409
mg,1392829200000,261.34447,275.57,261.22681,261.3,824.57855428
mg,1392832800000,261.3,276.24152,261.22681,264.485,1109.61345001
mg,1392836400000,262.0,272.90109,261.227,261.24555,1056.4408098
mg,1392840000000,261.3,267.0,261.22681,265.6,758.30742003
mg,1392843600000,265.6,265.81066,261.22681,263.88888,1009.92402188
mg,1392847200000,261.48,265.10328,261.22681,261.23,684.50730997
mg,1392850800000,263.72546,265.97,261.22681,261.69829,743.29060769
mg,1392854400000,264.328,269.89,261.227,264.96469,1210.44322633
mg,1392858000000,263.697,266.18907,260.27,263.0,662.77609236
mg,1392861600000,263.0,271.43,260.3,263.697,1830.16043304
mg,1392865200000,266.328,269.69381,260.27321,260.505,1939.52790155
mg,1392868800000,263.25549,266.6,248.1912,249.0,2270.74116469
mg,1392872400000,248.374,258.46903,248.15,250.0,1270.64601859
mg,1392876000000,250.0,254.0,213.83805,215.20736,4642.6885674
mg,1392879600000,215.20736,254.14,134.09756,140.0,21471.54425286
mg,1392883200000,140.0,190.36578,137.33792,148.7,6440.91964293
mg,1392886800000,149.2,204.0,148.22,184.29,3949.30967036
mg,1392890400000,184.285,210.0,135.57263,142.21038,10006.3616503
mg,1392894000000,148.99,172.17,142.864,152.0,3723.63701715
mg,1392897600000,155.995,156.1665,142.0,142.155,3116.86733003
mg,1392901200000,144.6,146.7,134.12438,135.89,2927.02183471
mg,1392904800000,134.97827,145.0,130.02001,135.0,4036.2675424
mg,1392908400000,135.0,140.983,132.0,136.803,2761.5195811
mg,1392912000000,135.329,138.9,130.01824,136.20834,2890.10514501
mg,1392915600000,133.293,135.999,120.05,121.8,5153.83212677
mg,1392919200000,120.345,122.6,111.02,117.20222,5988.76122263
mg,1392922800000,117.20222,118.55,111.001,112.62,2365.22163424
mg,1392926400000,112.62,114.09,110.01,111.295,2775.83393966
mg,1392930000000,111.0,115.69,110.00011,111.815,3382.8828967
mg,1392933600000,111.5,114.97,109.0,111.40127,3123.10895272
mg,1392937200000,111.40127,112.23594,110.0,111.697,3082.49104067
mg,1392940800000,111.61995,111.985,101.18,102.156,5593.70583021
mg,1392944400000,103.0,108.0,91.5,94.0,9076.91601973
mg,1392948000000,94.0,119.98,93.5,102.1,4320.59006971
mg,1392951600000,104.8,119.0,97.8005,108.7,3967.64880615
mg,1392955200000,107.545,115.98,100.2878,103.39503,2690.59744106
mg,1392958800000,103.77237,147.88,100.2,129.6,4593.37100954
mg,1392962400000,129.46757,132.79,116.095,123.542,3742.2079138
mg,1392966000000,123.542,129.0,116.7,117.21,3395.09663805
mg,1392969600000,118.99,160.0,116.59984,147.31,4551.55076966
mg,1392973200000,148.0,160.0,136.0,145.89999,4399.57421995
mg,1392976800000,146.2746,149.0,133.0,136.4,3359.69043877
mg,1392980400000,136.0,143.1924,133.23,143.1924,1841.86705907
mg,1392984000000,143.1924,159.30403,140.71,147.505,1210.70014597
mg,1392987600000,147.0,154.98994,140.4322,144.962,2258.55506617
mg,1392991200000,144.962,147.157,122.2,128.24,3791.23341976
mg,1392994800000,128.24,139.0,122.1,124.485,2308.38406931
mg,1392998400000,124.495,126.855,112.0,120.0,4599.04006923
mg,1393002000000,120.0,129.0,116.43,116.48094,2197.89214355
mg,1393005600000,116.512,121.13,112.03,114.37679,1871.35342002
mg,1393009200000,114.35,115.6,112.00001,115.10001,2201.87895079
mg,1393012800000,115.1055,140.99,115.1005,123.4,3097.30564131
mg,1393016400000,123.4,128.656,115.0,116.62185,1957.8838231
mg,1393020000000,116.5,117.66895,111.2,111.21,2678.26851123
mg,1393023600000,111.21,114.55705,110.03578,111.4,1951.96083856
mg,1393027200000,111.0,117.0,110.03578,113.91,2205.85707541
mg,1393030800000,113.911,117.94,108.0,109.656,2841.56479988
mg,1393034400000,109.656,125.97827,108.0,109.71,1880.63808851
mg,1393038000000,109.3,110.0,103.06,103.7105,2421.11392895
mg,1393041600000,103.7105,105.0,101.45,104.0,1797.65513038
mg,1393045200000,103.74537,108.1,101.02,102.42933,2228.978579
mg,1393048800000,101.33991,103.88,97.0,99.215,2962.33199059
mg,1393052400000,98.98497,101.0,96.6345,101.0,2168.66421707
mg,1393056000000,100.8384,134.0,99.84,134.0,3631.31903894
mg,1393059600000,134.0,134.76557,115.0,128.84422,1874.50638642
mg,1393063200000,128.7,129.49896,111.01,113.99,2956.64826793
mg,1393066800000,112.90001,133.29862,111.83,130.78851,2404.94188315
mg,1393070400000,131.57442,142.0,125.70322,135.4,2622.03622415
mg,1393074000000,133.02,143.0,124.032,139.5,3995.63257813
mg,1393077600000,139.0,149.97,133.12,148.48,2740.03387721
mg,1393081200000,145.0,165.0,142.11,162.602,3882.56429078
mg,1393084800000,163.0,278.0,156.15,276.7786,6795.76977777
mg,1393088400000,277.0,290.52557,185.0,249.0,7750.06064392
mg,1393092000000,247.5,249.0,177.1,204.214,5502.74553715
mg,1393095600000,204.77,219.0,189.99,215.0,1920.97750923
mg,1393099200000,217.0,240.0,207.52124,230.0,1868.60061193
mg,1393102800000,230.0,238.0,225.0,232.2,893.60293028
mg,1393106400000,230.6909,233.66,215.0,226.95586,1436.33954255
mg,1393110000000,223.39999,270.0,222.92415,255.53,2906.53366885
mg,1393113600000,260.70495,270.0,241.3,255.27624,1597.29266737
mg,1393117200000,257.18296,259.06722,220.1,229.87769,1618.80422802
mg,1393120800000,230.51992,240.0,224.32001,237.48615,628.48562522
mg,1393124400000,237.48615,262.89,230.40013,257.87125,1668.97291549
mg,1393128000000,257.87125,262.99,240.0,255.0,1410.880839
mg,1393131600000,253.40094,259.0,242.90998,253.6,916.8913027
mg,1393135200000,253.9,270.0,249.9792,268.7,1994.52040444
mg,1393138800000,265.21,287.5,263.50001,281.99718,1835.94997
mg,1393142400000,281.99718,305.0,280.01008,290.5,2567.93399547
mg,1393146000000,292.7,348.98,290.0,346.7,2641.5287903
mg,1393149600000,346.6585,348.0,301.72876,314.75,1911.68938701
mg,1393153200000,310.2,310.2,265.0,265.16936,3610.83843735
mg,1393156800000,265.0,306.78962,265.0,295.01,1569.6428381
mg,1393160400000,295.17323,309.89,293.13012,303.0,498.12452272
mg,1393164000000,300.0,323.0,287.52001,322.96,1538.48146146
mg,1393167600000,317.5,322.95677,307.11,312.0,681.6558069
mg,1393171200000,312.0,319.79,302.61001,310.01002,468.463584
mg,1393174800000,310.3,334.99,306.45001,325.3,1131.15794706
mg,1393178400000,325.01,337.98,319.22122,330.0,526.32507785
mg,1393182000000,327.14003,330.0,283.50088,313.0,2641.28326047
mg,1393185600000,313.0,322.99999,275.33733,285.699,2560.14629391
mg,1393189200000,285.0,330.26205,276.62121,312.33333,2537.96648343
mg,1393192800000,314.84,332.0,306.00002,315.5,872.8556795
mg,1393196400000,315.50001,325.0,303.03603,310.00001,446.34493131
mg,1393200000000,314.99996,316.78999,288.6777,296.5,1719.56304688
mg,1393203600000,297.0,304.39174,288.00001,292.033,660.14545257
mg,1393207200000,290.17498,292.99995,223.0,226.5,5509.861995
mg,1393210800000,229.80001,267.0,151.0,152.5,14529.61486751
mg,1393214400000,153.92,239.15,152.0,207.99999,7941.44348959
mg,1393218000000,207.7,240.24944,187.5031,228.5,8032.13289989
mg,1393221600000,231.0,234.0,201.1,203.0,3417.36790032
mg,1393225200000,204.99999,217.0,153.0,167.89899,7127.25811349
mg,1393228800000,165.0,187.5,136.22222,174.04995,10081.32093589
mg,1393232400000,175.0,189.69,141.75044,150.0,6917.3579249
mg,1393236000000,154.133,165.0,131.72093,156.128,5281.04685855
mg,1393239600000,164.0,178.0,150.0,160.00007,1589.2997139
mg,1393243200000,161.8047,177.0,135.52,150.7,4515.43404705
mg,1393246800000,147.031,166.38,144.02001,158.18713,1441.55737386
mg,1393250400000,160.14577,173.98765,157.16,165.0,1547.25267105
mg,1393254000000,168.334,205.0,163.35962,185.0156,3046.61232009
mg,1393257600000,185.02,212.99,165.001,174.0,2887.53546378
mg,1393261200000,175.71401,187.3649,169.0,169.0,1198.13325833
mg,1393264800000,169.379,190.0,165.0,178.52532,1308.53564949
mg,1393268400000,179.33995,179.99999,169.0,169.00006,751.61787809
mg,1393272000000,169.0,176.0,155.0,166.56367,2267.82885469
mg,1393275600000,169.72696,172.3,157.0,163.99999,953.06983811
mg,1393279200000,161.27301,173.98996,158.0,171.99997,1106.61227638
mg,1393282800000,169.089,178.222,166.73633,173.84344,558.01591472
mg,1393286400000,173.2,173.84343,108.0,121.98,19904.91442312
mg,1393290000000,119.84616,136.27867,101.62872,135.0,9717.17803736
