qn,1420646400000,279.0,279.0,279.0,279.0,0.42
qn,1420732800000,279.0,279.0,279.0,279.0,0.0002
qn,1421377200000,211.0,211.17369,211.0,211.17369,0.012
qn,1421773200000,215.53896,215.53896,206.1921,206.1921,0.8
qn,1421859600000,218.36896,218.36896,208.9221,208.9221,0.4
qn,1421877600000,220.0,220.0,220.0,220.0,0.002
qn,1421895600000,236.06896,236.06896,225.17591,225.17591,0.4
qn,1421899200000,236.31896,236.31896,236.31896,236.31896,0.2
qn,1421931600000,237.24896,237.24896,225.68519,237.24896,0.8
qn,1421938800000,236.68896,236.68896,236.68896,236.68896,0.24
qn,1421946000000,227.16519,227.16519,227.16519,227.16519,0.0265035
qn,1421971200000,225.47519,225.47519,225.47519,225.47519,0.02657864
qn,1423148400000,224.75,224.75,217.23,217.83075,3.93268312
qn,1423472400000,223.67,224.19917,223.67,224.19917,10.4546
qn,1423476000000,225.01917,225.12903,225.01917,225.12903,6.8
qn,1424944800000,236.05903,236.05903,236.05903,236.05903,0.2
qn,1425366000000,272.05953,272.05953,272.05953,272.05953,0.02
qn,1425409200000,278.0,278.0,278.0,278.0,0.2
qn,1425571200000,266.83,267.60903,263.60953,264.26546,7.25360004
qn,1425574800000,264.29674,266.42785,263.20953,263.20953,9.57
qn,1425596400000,274.81075,275.26394,271.30416,271.30416,5.649452
qn,1425600000000,271.03915,274.05387,269.93953,271.54953,4.75315446
qn,1425607200000,274.20981,274.42479,273.80665,273.90873,1.3
qn,1425610800000,274.65387,274.65387,273.51698,273.51698,0.95064844
qn,1425614400000,274.64745,274.74366,271.91774,274.22677,5.7936202
qn,1425816000000,271.89769,272.35157,270.34126,271.16126,0.28
qn,1425909600000,280.19321,281.08162,279.71925,279.71925,0.28
qn,1425920400000,284.86162,284.86162,282.69124,282.69124,0.08
qn,1425952800000,290.0,290.0,290.0,290.0,0.1
qn,1426064400000,289.50493,289.50493,289.46941,289.46941,0.004
qn,1426086000000,289.78941,289.78941,289.78941,289.78941,0.04
qn,1426158000000,292.41493,292.41493,292.41493,292.41493,0.038
qn,1426226400000,293.5,293.5,293.47,293.47,0.062
qn,1426233600000,287.0,288.14,287.0,288.14,0.062
qn,1426273200000,289.1,289.1,289.1,289.1,0.02
qn,1426280400000,287.52652,287.64146,287.52652,287.64146,0.05480054
qn,1426287600000,287.83,287.83,287.83,287.83,0.04519946
qn,1426503600000,289.98344,291.68875,289.98344,291.68875,0.02
qn,1426701600000,267.37556,267.37556,264.84774,264.84774,0.06
qn,1426705200000,266.77556,267.39556,263.70774,264.32774,0.12
qn,1426734000000,252.99556,252.99556,252.99556,252.99556,0.06
qn,1426748400000,261.38556,261.46266,258.31774,261.46266,0.06
qn,1426752000000,259.9279,261.01877,259.54774,259.54774,0.06
qn,1426827600000,261.76759,261.76759,261.76759,261.76759,0.2
qn,1426924800000,254.86774,254.86774,254.86774,254.86774,0.2
qn,1426935600000,260.59075,260.72529,260.54759,260.54759,2.0
qn,1426942800000,261.0746,261.0746,261.0746,261.0746,0.2
qn,1427086800000,267.11926,267.66529,266.19422,266.35888,0.4
qn,1427094000000,269.57529,269.58242,258.03661,264.80207,4.0
qn,1427101200000,263.83452,267.01653,263.83452,267.01653,0.9581627
qn,1427187600000,261.1012,262.77854,259.26063,261.8256,1.44077452
qn,1427198400000,245.58661,250.78788,245.58661,250.78788,0.55169762
qn,1427202000000,252.79057,256.4096,252.79057,256.4096,2.0
qn,1427209200000,243.68514,243.68514,236.14661,236.14661,0.93851502
qn,1427216400000,238.40072,248.3096,230.49265,238.65072,31.1194228
qn,1427220000000,247.88165,249.10435,230.59897,230.59897,88.77822382
qn,1427223600000,239.90467,240.96697,236.55911,237.06524,6.96268956
qn,1427227200000,239.1632,239.88166,236.17994,236.55911,5.04476078
qn,1427230800000,237.89749,241.65469,237.89749,241.65469,8.85643398
qn,1427256000000,236.27528,243.93603,227.54759,243.93603,107.02504652
qn,1427259600000,238.33018,238.33018,232.81311,238.33018,8.96137528
qn,1427266800000,230.97,230.97,224.64311,224.65311,26.65078882
qn,1427270400000,224.77311,229.04677,224.62311,224.62311,3.29222516
qn,1427274000000,234.03,241.34603,228.70279,241.34603,3.18699332
qn,1427277600000,241.08637,243.09007,240.00236,243.00824,12.77242094
qn,1427288400000,243.00824,248.45,243.00824,246.06,46.54006226
qn,1427306400000,244.70344,246.32,244.47877,246.03,26.90763242
qn,1427313600000,244.77,245.26821,244.77,245.18435,7.77923124
qn,1427324400000,248.27273,248.30336,248.26821,248.30336,7.49689818
qn,1427335200000,246.33174,246.33174,246.33174,246.33174,1.55603798
qn,1427338800000,246.33174,246.83174,244.57642,246.53084,3.20057052
qn,1427353200000,250.96049,250.96049,246.83174,246.83174,1.6
qn,1427522400000,253.36276,254.26174,253.36276,253.36276,1.6
qn,1427526000000,254.87595,254.87595,252.93397,252.93397,1.15032024
qn,1427594400000,247.86591,248.96841,247.86591,248.96841,0.84967976
qn,1427677200000,238.53591,238.53591,237.97659,237.97659,4.0
qn,1427806800000,240.10659,240.10659,240.10659,240.10659,0.65231922
qn,1427860800000,244.81291,245.11049,237.6416,240.07199,40.51720718
qn,1427864400000,241.89302,241.89302,241.89302,241.89302,0.88
qn,1427871600000,240.68302,241.54902,240.68302,241.54902,2.0
qn,1427889600000,243.83286,244.35049,241.53902,243.16103,4.0
qn,1427943600000,249.34049,249.85049,248.0688,248.0688,0.1401893
qn,1427983200000,248.63,248.63,248.63,248.63,0.27913016
qn,1427990400000,248.63,248.63,248.63,248.63,4.68962672
qn,1427994000000,248.63,248.63,248.63,248.63,3.5113551
qn,1428271200000,255.5,255.5,255.5,255.5,1.61445772
qn,1428274800000,255.5,255.5,255.5,255.5,5.97567778
qn,1428282000000,255.5,255.5,255.5,255.5,1.8098645
qn,1428310800000,260.31049,260.31049,259.65049,259.65049,0.0404
qn,1428314400000,259.31049,259.34049,252.01,258.63222,10.0596
qn,1428325200000,258.56222,258.56222,254.89294,254.89294,0.4
qn,1428332400000,259.63222,259.63222,259.63222,259.63222,0.2
qn,1428375600000,254.37222,254.37222,250.34294,250.34294,0.96
qn,1428390000000,255.37049,255.37049,255.37049,255.37049,0.04
qn,1428397200000,256.01049,256.65049,251.62294,251.85207,4.48
qn,1428400800000,255.51049,255.63049,248.18,255.63049,4.36
qn,1428408000000,254.64049,254.74049,247.54,252.35409,3.04
qn,1428426000000,255.13701,257.12049,249.71,255.44433,3.52
qn,1428458400000,254.90049,256.64049,246.92962,256.64049,22.2446885
qn,1428462000000,253.31593,255.49049,252.84833,253.50593,1.0799915
qn,1428465600000,251.08453,251.94833,248.90643,251.3391,1.72
qn,1428469200000,251.5091,255.55049,250.28158,253.26593,1.5200085
qn,1428472800000,254.88049,255.13049,251.64204,252.70157,3.740036
qn,1428476400000,251.56204,254.76049,246.4464,250.46319,4.0
qn,1428480000000,254.42326,254.86049,246.8264,254.85696,4.04
qn,1428483600000,254.71049,254.71049,254.5,254.5,0.18
qn,1428487200000,254.5,254.5,245.96868,246.64049,3.9802075
qn,1428490800000,243.32837,247.07049,237.65962,238.2664,5.0
qn,1428494400000,238.6967,247.90049,238.6967,246.64518,4.6
qn,1428508800000,244.8387,246.97049,244.55958,246.97049,1.48
qn,1428544800000,244.17958,244.7115,244.17958,244.44782,0.68
qn,1428562800000,242.8315,243.4515,242.35782,243.4515,0.44
qn,1428566400000,241.90115,243.01854,236.6388,243.01854,6.2999915
qn,1428570000000,242.43319,244.16032,242.0988,243.53891,1.26
qn,1428573600000,243.70891,244.14721,243.18637,243.18637,0.38
qn,1428580800000,244.16511,244.26,244.16511,244.26,0.12
qn,1428584400000,244.45836,245.51019,242.58372,245.51019,0.4
qn,1428588000000,245.69511,246.23637,241.95945,245.40782,0.64
qn,1428591600000,244.5912,244.5912,244.5912,244.5912,0.0000492
qn,1428631200000,242.0,242.0,242.0,242.0,0.0399508
qn,1428634800000,242.0,242.0,242.0,242.0,0.1
qn,1428645600000,241.5,241.5,241.5,241.5,2.0
qn,1428652800000,240.5,242.16721,240.5,242.16721,0.60516758
qn,1428656400000,241.87721,241.93412,240.5,240.5,0.74837318
qn,1428660000000,240.5,240.5,240.5,240.5,2.72645924
qn,1428667200000,240.0,240.0,230.0,230.0,21.44
qn,1428670800000,238.39337,238.84383,233.66,238.84383,2.0
qn,1428678000000,237.78383,237.78383,237.78383,237.78383,0.00004224
qn,1428764400000,239.97383,239.97383,239.97383,239.97383,0.00004224
qn,1428850800000,239.21383,239.21383,239.21383,239.21383,0.00004224
qn,1428890400000,238.55383,238.55383,238.55383,238.55383,0.14
qn,1428944400000,236.17383,236.17383,236.17383,236.17383,0.1
qn,1428948000000,233.65,233.65,228.0,228.0,17.13
qn,1428991200000,222.79383,222.79383,222.79383,222.79383,0.02
qn,1429102800000,223.43383,223.43383,223.43383,223.43383,0.02
qn,1429113600000,222.24383,222.44383,212.90962,222.24383,0.22
qn,1429153200000,226.82383,226.82383,217.44962,226.08503,0.5
qn,1429174800000,227.77383,227.77383,227.77383,227.77383,0.02
qn,1429207200000,231.12383,231.12383,221.42962,221.67962,0.54
qn,1429243200000,225.97183,225.97183,223.11588,223.11588,0.32
qn,1429257600000,225.72383,225.72383,218.3543,223.50666,0.2
qn,1429362000000,223.17383,223.88383,214.15962,220.59143,11.4
qn,1429365600000,222.74598,223.89106,221.51143,223.89106,0.68
qn,1429369200000,224.82383,224.82383,223.79106,223.79106,0.26
qn,1429372800000,224.79383,224.79383,223.81978,223.81978,0.16
qn,1429408800000,224.67106,224.75978,224.67106,224.75978,0.1
qn,1429419600000,225.66978,226.12383,216.57962,222.45573,3.58
qn,1429426800000,225.68383,225.68383,221.89573,224.58582,1.54
qn,1429430400000,228.44524,229.06383,226.03675,229.06383,2.74
qn,1429448400000,227.77586,227.77586,227.19976,227.19976,0.34
qn,1429455600000,226.47976,226.47976,226.47976,226.47976,0.18
qn,1429516800000,226.96634,227.38586,226.96634,227.2708,0.16
qn,1429603200000,227.51383,227.51383,227.12617,227.12617,0.08
qn,1429635600000,227.18383,227.18383,226.89718,226.89718,0.12
qn,1429646400000,231.55383,237.08383,231.55383,235.23976,13.7
qn,1429650000000,234.85376,234.85376,234.85376,234.85376,0.12
qn,1429664400000,234.73,237.23376,234.38652,234.38652,5.28289404
qn,1429678800000,235.00675,235.00675,229.00463,231.98618,10.74710596
qn,1429682400000,233.21531,233.21531,233.21531,233.21531,0.24
qn,1429736400000,230.74531,230.74531,230.74531,230.74531,0.4
qn,1429750800000,231.93618,232.12434,231.9,231.9,0.2
qn,1429754400000,232.18,232.2,232.18,232.2,0.2
qn,1429783200000,233.01618,233.88152,233.0,233.0,0.34
qn,1429801200000,232.77618,232.77618,232.77618,232.77618,0.12
qn,1429808400000,234.27335,234.34033,233.19618,233.40658,1.2
qn,1429848000000,231.09,232.13211,231.09,232.13211,0.4
qn,1429851600000,232.30714,233.18087,232.30714,233.18087,0.62
qn,1429855200000,227.58618,229.58087,227.49003,229.57662,0.28
qn,1429876800000,230.23662,231.19087,228.79003,231.19087,1.56
qn,1429916400000,231.10087,231.10087,231.10087,231.10087,0.02
qn,1429923600000,234.24376,234.49376,234.24376,234.49376,0.04
qn,1429927200000,230.8907,230.8907,230.8907,230.8907,0.04
qn,1429930800000,234.74376,234.74376,229.96,229.96,0.06
qn,1429948800000,229.8607,230.1107,229.8607,230.1107,0.04
qn,1429959600000,229.9,230.0,229.9,230.0,0.04
qn,1429970400000,228.92085,231.17376,226.6707,231.17376,0.4
qn,1429974000000,230.92376,231.14376,224.18542,230.49087,1.66
qn,1430013600000,230.26087,230.26087,220.05795,220.05795,5.27
qn,1430031600000,221.35962,221.35962,221.35962,221.35962,0.02
qn,1430110800000,220.34962,220.34962,210.85795,210.85795,0.1
qn,1430125200000,220.59962,220.59962,220.59962,220.59962,0.04
qn,1430186400000,221.14962,221.14962,221.14962,221.14962,0.02
qn,1430190000000,221.22087,221.79318,221.10962,221.30372,1.08
qn,1430290800000,224.63,224.63,224.26,224.5,0.28
qn,1430294400000,224.5,224.5,224.5,224.5,0.02
qn,1430316000000,223.99,224.22,223.99,224.22,2.0
qn,1430319600000,224.58,224.58,224.58,224.58,0.2
qn,1430380800000,225.31,225.31,225.31,225.31,1.8
qn,1430384400000,225.3,225.43,225.3,225.43,20.0
qn,1430388000000,225.43,225.43,225.43,225.43,3.92
qn,1430398800000,232.2352,233.37,225.23,225.23,7.7
qn,1430402400000,225.28,234.54314,225.09,226.27,48.1
qn,1430406000000,234.05,234.53314,225.04,225.04,0.16
qn,1430481600000,234.46,234.46,234.46,234.46,4.0
qn,1430485200000,235.02,235.02,235.02,235.02,4.0
qn,1430550000000,231.35,231.35,231.35,231.35,0.059858
qn,1430568000000,234.08,243.23314,234.08,240.56401,9.48
qn,1430571600000,238.1958,242.39339,234.25,240.20732,1.92
qn,1430654400000,242.01,242.01,242.01,242.01,19.64
qn,1430658000000,241.0,241.0,240.51,240.51,20.039472
qn,1430946000000,228.16,228.26,228.16,228.26,7.92
qn,1431025200000,238.48,238.48,237.47,237.47,0.12
qn,1431046800000,236.37,236.37,236.07,236.17,4.2208
qn,1431100800000,242.56,242.56,242.56,242.56,0.1393428
qn,1431129600000,244.6,244.6,244.6,244.6,4.0
qn,1431158400000,243.09,243.09,243.09,243.09,0.04
qn,1431255600000,241.65,241.75,241.65,241.7,0.14
qn,1431313200000,240.16,240.16,240.16,240.16,10.0
qn,1431327600000,238.01,240.06,238.01,240.06,0.34
qn,1431356400000,241.53,242.4,240.84,241.25,40.0
qn,1431360000000,242.5,243.73,241.54,243.73,8.02
qn,1431367200000,244.39,244.39,244.39,244.39,1.13
qn,1431370800000,241.04,241.04,241.04,241.04,1.13
qn,1431381600000,239.73,239.73,239.63,239.63,10.0
qn,1431406800000,238.47,238.47,238.47,238.47,0.02
qn,1431421200000,240.13,240.13,239.7,240.13,0.6
qn,1431424800000,239.3,239.3,239.3,239.3,2.82
qn,1431504000000,241.79,241.79,241.79,241.79,0.4
qn,1431576000000,236.25,236.25,236.25,236.25,0.02
qn,1431586800000,235.48,236.38,234.99,236.38,0.08
qn,1431684000000,235.7,237.75,235.7,237.75,1.4131
qn,1431687600000,237.89,237.89,237.89,237.89,0.33714
qn,1431734400000,237.69,237.99,237.69,237.99,0.7377
qn,1431871200000,236.1,236.1,236.1,236.1,0.02
qn,1431874800000,236.1,236.1,236.1,236.1,0.02
qn,1431921600000,234.77,234.78,234.55219,234.78,0.08
qn,1431925200000,238.63,238.63,238.63,238.63,0.02
qn,1432015200000,238.72119,238.72119,238.72119,238.72119,0.06
qn,1432026000000,234.01413,234.01413,234.01413,234.01413,0.1
qn,1432054800000,234.03,238.72119,234.03,238.72119,0.02000202
qn,1432062000000,238.72119,238.72119,238.72119,238.72119,0.02
qn,1432108800000,234.03,234.03,234.03,234.03,0.02
qn,1432180800000,233.2121,233.2121,233.2121,233.2121,0.31714
qn,1432224000000,235.98,235.98,235.98,235.98,0.0408
qn,1432227600000,235.99,235.99,235.9,235.9,0.20452976
qn,1432238400000,235.5,235.5,235.5,235.5,0.02
qn,1432274400000,236.04,236.04,236.04,236.04,0.08
qn,1432281600000,237.0,237.0,237.0,237.0,3.04
qn,1432288800000,234.02,234.02,234.02,234.02,0.2
qn,1432296000000,234.08,234.37,234.08,234.37,0.8
qn,1432303200000,235.8,235.94,235.8,235.89,1.2
qn,1432306800000,235.96,236.14,235.89,236.14,2.60002
qn,1432310400000,236.36,236.37,236.25,236.25,0.402
qn,1432314000000,236.03,238.73119,236.02,238.73119,2.202
qn,1432317600000,238.73119,239.72,238.73119,239.72,2.41999798
qn,1432321200000,239.46,239.8,239.46,239.79,2.4
qn,1432324800000,239.75,239.9,239.74,239.86,4.4
qn,1432328400000,239.85,239.88,238.76,238.77,5.2
qn,1432332000000,238.52,238.52,238.12,238.38,5.2
qn,1432335600000,238.99,239.0,238.8,238.8,2.8
qn,1432339200000,238.77,238.77,238.77,238.77,0.60386
qn,1432375200000,240.0,240.34,240.0,240.34,0.6
qn,1432382400000,240.31,240.31,240.31,240.31,0.4
qn,1432389600000,239.34,239.44,239.17,239.17,1.0
qn,1432393200000,239.45,239.45,239.36,239.41,0.4
qn,1432396800000,239.3,239.3,239.29,239.3,1.2
qn,1432400400000,239.0,239.01,239.0,239.0,6.0
qn,1432404000000,238.77,238.77,238.75,238.75,0.4
qn,1432407600000,238.28,238.95,238.28,238.72,10.04001
qn,1432411200000,238.38,238.38,238.35,238.35,0.8
qn,1432414800000,238.01,238.27,238.01,238.27,0.4
qn,1432425600000,238.04,238.04,238.04,238.04,0.6
qn,1432447200000,238.38,238.38,238.25,238.25,0.028488
qn,1432461600000,238.19,238.19,238.19,238.19,0.00839842
qn,1432465200000,238.0,238.0,238.0,238.0,0.00841008
qn,1432537200000,239.41,239.41,238.67,238.67,0.01673818
qn,1432544400000,237.46,238.07,237.38,238.07,9.65999
qn,1432548000000,235.88,236.18,235.88,236.16,4.0
qn,1432558800000,236.6,236.82,236.6,236.82,0.21187338
qn,1432562400000,236.6,236.6,236.6,236.6,0.04
qn,1432612800000,235.69,235.69,235.69,235.69,0.00848428
qn,1432623600000,235.02,235.02,235.02,235.02,0.00849184
qn,1432638000000,237.28,237.28,237.02,237.02,3.81659862
qn,1432652400000,236.24,236.24,236.16,236.16,0.79943
qn,1432656000000,235.9,235.9,235.83,235.83,0.4
qn,1432706400000,237.01,237.01,237.01,237.01,0.2
qn,1432710000000,237.0,237.13,237.0,237.13,0.4
qn,1432785600000,236.03,236.04,236.03,236.03,0.58628
qn,1432792800000,235.97,235.97,235.97,235.97,0.00000356
qn,1432807200000,235.0,235.0,235.0,235.0,0.02
qn,1432890000000,235.17,235.17,235.17,235.17,0.02
qn,1432897200000,235.25,235.25,235.25,235.25,0.00850232
qn,1432915200000,235.6,235.6,235.35,235.35,0.02850558
qn,1432954800000,234.72,234.72,234.56,234.56,0.58628
qn,1433091600000,231.6,231.6,231.6,231.6,0.01999644
qn,1433134800000,230.07,230.07,230.07,230.07,0.02
qn,1433138400000,229.49,229.49,229.49,229.49,0.02
qn,1433145600000,230.51,230.59,230.51,230.59,2.08
qn,1433149200000,230.47,230.56,230.39,230.4,0.696
qn,1433152800000,227.26572,227.26572,226.15,226.18,4.2
qn,1433156400000,227.94,227.94,227.94,227.94,2.8
qn,1433170800000,232.01,232.01,229.51,229.51,11.23998
qn,1433210400000,229.0,229.0,229.0,229.0,0.0043592
qn,1433239200000,226.4,227.1,225.35,226.56,201.056
qn,1433242800000,226.5,226.5,226.5,226.5,1.0
qn,1433250000000,227.69,229.5,227.69,229.45,8.0
qn,1433253600000,229.31,229.31,228.89,228.9,4.0
qn,1433260800000,228.87,229.48,228.43,228.85,184.0
qn,1433318400000,224.93,224.93,224.93,224.93,0.00889244
qn,1433390400000,226.3,226.3,226.3,226.3,0.00441892
qn,1433419200000,226.81,226.81,226.81,226.81,0.04
qn,1433491200000,224.02,224.02,224.02,224.02,0.00441774
qn,1433494800000,223.71,223.71,223.71,223.71,0.00446988
qn,1433502000000,224.84,224.84,224.84,224.84,0.00445354
qn,1433588400000,226.76,226.76,226.76,226.76,0.02
qn,1433664000000,227.0,227.0,227.0,227.0,0.02
qn,1433750400000,226.15,226.91,226.01,226.8,202.13
qn,1433782800000,228.8,229.19,228.18,228.75,24.86516
qn,1433786400000,229.7,230.49,229.48,229.5,36.13308
qn,1433790000000,229.75,229.75,229.75,229.75,20.0
qn,1433858400000,231.05,231.05,231.05,231.05,2.0
qn,1433955600000,228.89,228.89,228.89,228.89,0.00437158
qn,1433998800000,232.17,232.17,231.98,232.08,72.8568
qn,1434016800000,232.07,232.38,232.07,232.14,26.14496
qn,1434031200000,231.74,231.74,231.71,231.72,38.128
qn,1434034800000,231.71,231.71,231.63,231.65,30.41998
qn,1434042000000,231.69,231.81,231.69,231.81,4.048
qn,1434099600000,231.74,231.74,231.74,231.74,1.756
qn,1434132000000,231.73,231.74,231.71,231.74,26.0
qn,1434139200000,231.74,231.74,231.71,231.73,19.3548
qn,1434254400000,235.42,235.42,235.36,235.36,20.0
qn,1434286800000,233.92,233.92,233.92,233.92,0.00085532
qn,1434312000000,234.53,234.53,234.5,234.5,0.0017055
qn,1434315600000,234.37,234.37,234.37,234.37,0.00085302
qn,1434340800000,234.89,234.89,234.89,234.89,0.00170148
qn,1434376800000,235.45,235.65,235.36,235.61,46.985
qn,1434384000000,236.37,236.58,236.37,236.58,0.00253922
qn,1434387600000,236.81,236.81,236.81,236.81,0.00084452
qn,1434391200000,237.93,237.93,237.75,237.75,0.00168156
qn,1434427200000,237.52,237.52,237.52,237.52,0.000842
qn,1434434400000,240.95,240.95,240.48,240.48,20.0008297
qn,1434510000000,250.27,250.27,250.27,250.27,0.06
qn,1434520800000,251.63,251.8,251.63,251.66,20.0
qn,1434535200000,254.58,255.55,254.31,255.01,202.1494
qn,1434618000000,247.38,247.38,247.37,247.37,1.0
qn,1434621600000,247.36,251.81,247.36,251.26,9.0
qn,1434625200000,251.54,251.54,251.05,251.05,6.0
qn,1434628800000,251.48,252.21,251.42,251.42,6.0
qn,1434632400000,253.01,253.48,252.64,253.25,8.0
qn,1434636000000,251.99,251.99,251.72,251.78,4.6122
qn,1434639600000,251.3,251.3,251.3,251.3,5.0
qn,1434643200000,250.3,251.3,250.3,251.3,20.0
qn,1434646800000,251.81,252.06,251.81,252.05,10.0
qn,1434650400000,249.98,249.98,249.94,249.95,20.0
qn,1434654000000,250.06,250.06,249.67,249.7,20.0
qn,1434657600000,249.8,249.8,249.8,249.8,10.0
qn,1434661200000,250.29,250.3,250.29,250.3,20.0
qn,1434664800000,249.3,249.3,249.3,249.3,10.0
qn,1434668400000,248.97,249.55,248.92,249.41,40.0
qn,1434672000000,249.94,251.51,249.91,251.5,40.0
qn,1434675600000,251.79,251.8,250.11,250.37,50.0
qn,1434679200000,250.7,250.79,250.5,250.79,30.0
qn,1434682800000,250.74,250.74,249.75,249.75,20.0
qn,1434693600000,250.31,250.31,250.31,250.31,10.0
qn,1434697200000,249.8,250.15,249.8,250.14,15.4
qn,1434700800000,251.0,251.88,251.0,251.47,13.0
qn,1434704400000,250.8,250.8,249.83,249.83,10.4
qn,1434711600000,248.3,248.32,248.3,248.32,10.4
qn,1434715200000,247.94,247.94,247.35,247.58,15.6
qn,1434718800000,247.47,247.97,247.47,247.61,15.6
qn,1434722400000,247.61,248.19,247.6,248.11,26.0
qn,1434726000000,248.03,248.03,247.81,248.0,26.0
qn,1434729600000,247.87,247.87,247.31,247.32,20.8
qn,1434736800000,248.09,248.09,248.08,248.08,5.2
qn,1434740400000,246.52,246.78,246.3,246.78,15.6
qn,1434744000000,246.81,246.81,246.8,246.8,5.2
qn,1434751200000,246.71,246.71,245.59,245.59,15.6
qn,1434754800000,245.54,245.9,244.06,245.3,52.0
qn,1434758400000,244.86,244.86,243.98,244.19,20.8
qn,1434762000000,245.07,245.07,245.07,245.07,5.2
qn,1434769200000,242.3,242.62,241.6,241.67,26.0
qn,1434772800000,241.42,242.96,240.7,242.91,20.8
qn,1434776400000,243.31,243.41,243.3,243.41,15.6
qn,1434780000000,241.02,241.02,241.02,241.02,5.2
qn,1434834000000,243.95,243.95,243.95,243.95,2.6
qn,1434862800000,243.42,243.42,243.42,243.42,0.02
qn,1434888000000,245.43,245.43,245.43,245.43,0.02
qn,1434895200000,244.4,244.8,244.4,244.78,3.2
qn,1434902400000,243.47,243.48,243.46,243.46,6.4
qn,1434952800000,244.83,244.83,244.79,244.8,0.10019178
qn,1434956400000,244.93,244.93,244.93,244.93,0.6652
qn,1434963600000,243.91,243.92,243.8,243.8,3.2
qn,1434967200000,244.47,245.7,244.47,245.7,7.8
qn,1434970800000,246.91,246.91,246.91,246.91,2.6
qn,1434974400000,246.54,246.54,246.54,246.54,2.6
qn,1434978000000,245.4,245.4,245.4,245.4,5.2
qn,1434988800000,247.08,247.34,247.07,247.34,10.4
qn,1435035600000,245.97,245.97,245.75,245.77,0.40472424
qn,1435039200000,244.99,245.47,244.99,245.43,16.904642
qn,1435042800000,245.29,245.6,244.99,245.6,7.4
qn,1435057200000,245.6,245.6,245.38,245.38,5.94
qn,1435060800000,244.06,244.06,243.61,243.61,4.6
qn,1435064400000,244.1,244.1,244.1,244.1,2.28
qn,1435096800000,244.98,244.98,244.98,244.98,0.1
qn,1435132800000,244.44,244.44,244.44,244.44,2.0
qn,1435136400000,244.391,244.391,244.06,244.06,10.0
qn,1435140000000,243.845,243.845,243.845,243.845,2.0
qn,1435147200000,243.87,244.28,243.82,243.82,4.80729274
qn,1435150800000,241.61,241.61,241.61,241.61,5.6
qn,1435158000000,241.52,241.52,241.52,241.52,2.016
qn,1435197600000,240.79,240.79,240.79,240.79,2.96
qn,1435212000000,243.54,243.58,242.57,242.57,125.0
qn,1435215600000,242.57,242.71,242.57,242.71,50.44974
qn,1435222800000,242.68,242.74,241.94,242.06,58.3287
qn,1435233600000,242.85,242.85,241.9,241.92,46.00000156
qn,1435237200000,242.4,242.4,242.4,242.4,5.154
qn,1435240800000,242.93,242.93,242.73,242.77,54.03119972
qn,1435244400000,242.61,242.61,242.58,242.58,28.48594946
qn,1435248000000,243.17,243.17,243.17,243.17,19.49410344
qn,1435251600000,243.17,243.17,243.17,243.17,54.15284
qn,1435316400000,242.55,242.76,242.5,242.5,2.76
qn,1435338000000,242.08,242.08,242.08,242.08,181.69977502
qn,1435341600000,242.08,242.08,242.08,242.08,3.9701
qn,1435352400000,242.08,242.08,242.08,242.08,54.73229492
qn,1435356000000,242.08,242.08,242.08,242.08,83.1311116
qn,1435359600000,242.08,242.08,242.08,242.08,5.5617613
qn,1435424400000,244.63,244.63,223.08449,244.63,50.4729334
qn,1435431600000,244.63,244.63,244.63,244.63,0.00232686
qn,1435435200000,244.63,244.63,244.63,244.63,0.002013
qn,1435438800000,244.63,244.63,244.63,244.63,20.06
qn,1435442400000,244.63,244.63,244.63,244.63,4.04
qn,1435464000000,244.63,244.63,244.63,244.63,130.07883616
qn,1435467600000,244.63,246.65,214.53991,214.53991,712.13829984
qn,1435471200000,250.42,250.87,250.42,250.79,771.26440228
qn,1435474800000,249.56,249.65,249.56,249.65,146.4502
qn,1435478400000,249.92,249.92,249.92,249.92,20.0
qn,1435482000000,250.02,250.02,250.02,250.02,1.3986
qn,1435485600000,249.97,250.08,249.97,250.08,5.30240036
qn,1435518000000,248.9,248.9,248.9,248.9,0.00432714
qn,1435543200000,250.2,250.2,250.2,250.2,0.0446953
qn,1435654800000,263.21,263.4,263.18,263.4,20.8
qn,1435730400000,261.05,261.05,261.05,261.05,0.10052528
qn,1435734000000,260.11,261.05,260.11,260.19,8.74510626
qn,1435737600000,256.08,256.08,256.08,256.08,0.1005226
qn,1435762800000,257.32,257.32,257.32,257.32,0.00177398
qn,1435788000000,258.57,258.57,258.57,258.57,13.46942976
qn,1435849200000,254.26,254.26,254.26,254.26,0.00179534
qn,1435856400000,254.93,254.93,254.93,254.93,64.29258584
qn,1435860000000,254.93,254.93,254.93,254.93,16.58282732
qn,1435867200000,254.93,254.93,254.93,254.93,19.12458684
qn,1435881600000,254.83,254.83,254.83,254.83,100.0
qn,1435935600000,254.87,254.87,254.87,254.87,0.00179104
qn,1435950000000,254.87,254.87,254.87,254.87,0.02
qn,1436022000000,257.69,257.69,257.69,257.69,0.00177144
qn,1436094000000,260.4,260.4,260.4,260.4,4.79289882
qn,1436104800000,261.34,261.74,261.34,261.54,63.1013611
qn,1436108400000,261.04,262.2,261.04,262.2,81.0395487
qn,1436112000000,263.0,265.0,263.0,265.0,53.29554
qn,1436130000000,268.77,268.77,268.69,268.69,0.06020102
qn,1436162400000,268.56,268.56,268.56,268.56,40.0
qn,1436166000000,269.0,271.66,269.0,271.66,62.3555
qn,1436169600000,275.6,275.63,273.48,273.48,93.20890448
qn,1436202000000,273.38,273.38,273.38,273.38,0.02
qn,1436205600000,273.38,273.38,273.38,273.38,0.08
qn,1436266800000,269.35,269.36,267.61,267.61,3.6
qn,1436320800000,266.07,266.07,266.07,266.07,2.68
qn,1436338800000,268.42,269.5,268.42,269.5,122.1
qn,1436342400000,269.89,269.89,269.89,269.89,0.076
qn,1436367600000,271.54,271.54,271.5,271.5,10.0
qn,1436508000000,270.41,270.41,270.41,270.41,1.4
qn,1436518800000,288.09,288.09,288.09,288.09,1.4
qn,1436529600000,287.19,287.19,287.19,287.19,2.0
qn,1436544000000,287.4,287.4,287.4,287.4,12.45123888
qn,1436547600000,288.0,288.0,287.7,287.8,91.80519402
qn,1436551200000,288.3,288.3,288.3,288.3,17.64954044
qn,1436616000000,295.07,295.18,295.07,295.18,2.2
qn,1436623200000,297.65,299.47,297.65,299.47,4.2
qn,1436630400000,293.24,293.24,293.24,293.24,2.0
qn,1436634000000,295.1,295.1,295.1,295.1,0.02
qn,1436641200000,292.5,292.5,292.5,292.5,0.04
qn,1436670000000,299.64,300.71,299.64,300.71,76.0
qn,1436684400000,297.48,300.12,297.48,299.35,67.2222
qn,1436698800000,306.46,306.46,306.46,306.46,2.0
qn,1436738400000,308.39,308.39,308.39,308.39,2.0
qn,1436760000000,305.55,305.55,305.55,305.55,0.02
qn,1436767200000,305.64,305.64,305.64,305.64,20.0
qn,1436770800000,305.7,305.7,305.6,305.7,123.22203044
qn,1436814000000,287.88,287.88,287.88,287.88,4.0
qn,1436914800000,288.29,288.29,288.29,288.29,20.0
qn,1436918400000,289.73,291.13,289.73,291.13,46.0
qn,1437004800000,290.0,290.0,289.99,290.0,20.4
qn,1437008400000,289.99,290.61,289.97,290.41,18.54130016
qn,1437022800000,288.47,288.47,288.47,288.47,20.0
qn,1437058800000,278.47,278.47,278.47,278.47,0.02
qn,1437123600000,274.88,274.88,274.88,274.88,0.02
qn,1437235200000,277.0,277.89,277.0,277.0,200.06
qn,1437357600000,274.73,274.73,274.73,274.73,0.02
qn,1437364800000,275.57,275.57,275.57,275.57,0.02
qn,1437393600000,278.42,279.29,278.42,279.29,0.4
qn,1437440400000,280.68,280.68,280.11,280.63,137.0478467
qn,1437444000000,279.72,279.72,279.72,279.72,0.348
qn,1437458400000,279.8,279.8,279.8,279.8,20.0
qn,1437462000000,279.62,279.62,279.62,279.62,0.02
qn,1437487200000,279.85,279.85,279.85,279.85,0.04
qn,1437706800000,276.82,276.82,276.82,276.82,0.1
qn,1437735600000,284.42,284.5,284.42,284.5,31.00819
qn,1437739200000,284.99,284.99,284.52,284.65,54.45016864
qn,1437750000000,284.15,284.39,284.15,284.22,62.72358836
qn,1437753600000,285.0,285.5,285.0,285.5,20.1875
qn,1437786000000,286.87,286.87,286.87,286.87,0.094
qn,1437796800000,289.67,289.74,289.67,289.74,3.87766864
qn,1437800400000,289.2,289.2,289.2,289.2,0.02
qn,1437825600000,290.39,290.49,290.39,290.49,26.5652
qn,1438052400000,295.57,295.57,295.57,295.57,0.04
qn,1438081200000,294.38,295.07,294.38,295.07,0.08
qn,1438084800000,295.14,295.14,295.13,295.13,8.982
qn,1438153200000,289.7,289.7,289.66,289.66,0.04
qn,1438297200000,287.74,287.74,287.74,287.74,2.0
qn,1438318800000,287.13,287.13,284.85,284.85,0.1
qn,1438344000000,285.54,285.54,285.54,285.54,2.0
qn,1438405200000,283.0,283.0,281.9,281.9,96.0493
qn,1438408800000,279.52,279.99,279.51,279.99,57.4198
qn,1438423200000,279.95,279.95,279.95,279.95,11.4691
qn,1438430400000,277.6,277.63,277.45,277.47,18.0
qn,1438444800000,279.92,279.92,279.92,279.92,0.2
qn,1438473600000,279.74,279.74,279.48,279.48,0.4
qn,1438513200000,279.1,279.1,279.1,279.1,0.2
qn,1438660800000,283.9,283.99,283.64,283.85,750.0002
qn,1439132400000,265.02,265.02,265.02,265.02,0.6
qn,1439179200000,266.46,266.46,266.46,266.46,0.02
qn,1439190000000,265.65,265.65,265.65,265.65,0.02
qn,1439413200000,269.28,270.24,269.27,270.24,26.4
qn,1439460000000,263.7,263.95,263.69,263.69,2.0
qn,1439478000000,265.51,265.51,265.51,265.51,2.0
qn,1439485200000,265.78,266.59,265.78,265.79,7.24
qn,1439492400000,265.05,265.89,265.05,265.88,2.4
qn,1439517600000,263.69,263.69,263.69,263.69,2.0
qn,1439568000000,267.04,267.04,266.52,266.54,32.0
qn,1439618400000,266.56,266.56,266.56,266.56,0.99999836
qn,1439622000000,266.57,266.57,266.101,266.101,24.375
qn,1439625600000,266.101,266.191,266.101,266.191,55.625
qn,1439632800000,265.562,265.562,265.562,265.562,3.679
qn,1439668800000,265.06,265.07,264.13,264.13,40.0
qn,1439672400000,264.12,264.12,264.12,264.12,4.58884208
qn,1439676000000,263.88,264.14,263.86,263.9,18.0
qn,1439679600000,262.25,262.34,262.25,262.34,0.6
qn,1439690400000,263.37,263.37,263.34,263.34,6.0
qn,1439694000000,262.27,262.27,262.27,262.27,40.0
qn,1439730000000,260.2,260.2,260.2,260.2,40.0
qn,1439737200000,259.16,259.56,259.16,259.56,120.0
qn,1439740800000,259.62,259.62,259.62,259.62,15.333
qn,1439766000000,259.59,259.59,259.32,259.59,4.04478372
qn,1439791200000,260.27,260.27,260.05,260.05,0.00000006
qn,1439830800000,259.61,259.61,259.61,259.61,2.0
qn,1439834400000,258.36,258.36,258.36,258.36,0.59
qn,1439859600000,258.07,258.07,258.07,258.07,104.56337392
qn,1439863200000,258.07,258.07,258.07,258.07,95.43662608
qn,1439892000000,256.85,256.85,256.85,256.85,0.02
qn,1439902800000,255.15,255.3,255.11,255.11,5.41115792
qn,1439928000000,251.41,251.56,247.61,247.61,4.35521628
qn,1439938800000,246.78,246.78,169.6,200.39,106.65363022
qn,1439949600000,237.73,237.73,237.73,237.73,0.3
qn,1439953200000,237.03,237.03,229.56,229.56,1.19462
qn,1439956800000,231.1,232.03,229.65,232.03,74.60175982
qn,1439960400000,233.54,233.79,233.54,233.79,10.4
qn,1440003600000,233.3,233.3,233.3,233.3,0.02
qn,1440010800000,232.55,232.55,232.55,232.55,0.02
qn,1440039600000,232.15,232.15,232.15,232.15,0.2
qn,1440046800000,234.96,234.96,234.05,234.05,0.4
qn,1440118800000,233.47,233.47,232.98,232.98,1.0
qn,1440169200000,233.99,233.99,233.99,233.99,0.0003
qn,1440183600000,232.7,232.7,232.7,232.7,0.07304
qn,1440212400000,234.06,234.06,234.06,234.06,0.02
qn,1440219600000,230.91,230.91,230.91,230.91,0.07358
qn,1440255600000,230.9,230.9,230.9,230.9,0.0003
qn,1440342000000,234.64,234.64,234.64,234.64,0.0003
qn,1440345600000,231.97,232.33,231.97,232.33,0.2197
qn,1440388800000,230.73,231.09,230.29,230.29,109.15636978
qn,1440392400000,224.72,224.72,223.68,223.68,0.6
qn,1440424800000,223.37,223.37,223.37,223.37,0.2
qn,1440428400000,222.73,222.73,220.6,220.6,40.0068
qn,1440432000000,218.83,219.08,217.62,218.64,80.0
qn,1440435600000,218.62,218.62,217.82,217.82,66.16152
qn,1440442800000,216.98,219.69,216.98,219.69,3.3932
qn,1440446400000,216.5,216.5,216.5,216.5,2.0
qn,1440460800000,200.39,200.39,200.39,200.39,0.4
qn,1440478800000,213.53,213.53,213.53,213.53,80.0
qn,1440482400000,212.49,212.49,210.13,210.13,3.2
qn,1440550800000,226.54,226.54,226.54,226.54,0.4
qn,1440576000000,226.01,226.01,226.01,226.01,0.5154
qn,1440601200000,231.27,231.27,231.27,231.27,1.0
qn,1440622800000,227.24,227.24,227.16,227.16,1.0
qn,1440662400000,228.0,228.0,228.0,228.0,0.07358
qn,1440705600000,229.62,229.62,229.29,229.29,0.6
qn,1440723600000,224.0,224.0,222.6,222.6,0.47492
qn,1440727200000,225.3,225.67,225.3,225.67,200.96113
qn,1440734400000,225.62,225.7,225.22,225.22,57.4249
qn,1440770400000,229.3,229.3,229.3,229.3,0.09686
qn,1440777600000,233.99,233.99,233.99,233.99,0.06
qn,1440781200000,236.5,236.5,236.5,236.5,0.02
qn,1440784800000,235.73,235.73,235.73,235.73,0.02
qn,1440813600000,233.76,233.76,233.76,233.76,0.2
qn,1440817200000,233.77,235.36,233.77,235.36,0.4002
qn,1440835200000,233.5,233.5,233.5,233.5,0.4
qn,1440860400000,232.1,232.1,232.1,232.1,0.0002
qn,1440946800000,230.34,230.34,230.34,230.34,0.0002
qn,1440957600000,229.1,229.1,229.1,229.1,0.4
qn,1441033200000,231.57,231.57,231.57,231.57,0.0002
qn,1441087200000,231.33,231.33,231.33,231.33,0.00882156
qn,1441112400000,230.03,230.03,230.03,230.03,0.18
qn,1441119600000,230.14,230.14,230.14,230.14,0.0002
qn,1441130400000,229.65,230.88,229.53,230.88,8.5154
qn,1441134000000,228.91,228.91,228.91,228.91,0.2
qn,1441137600000,228.7,228.7,228.64,228.64,7.8
qn,1441195200000,231.09,231.09,228.36,228.44,12.0
qn,1441206000000,231.11,231.11,231.11,231.11,0.0002
qn,1441220400000,231.73,231.73,231.73,231.73,0.4
qn,1441227600000,231.9,231.9,231.41,231.41,0.8
qn,1441296000000,228.38,228.38,228.38,228.38,0.02
qn,1441299600000,228.39,228.39,228.39,228.39,0.04
qn,1441342800000,230.95,230.95,230.95,230.95,0.04
qn,1441382400000,232.32,232.32,232.32,232.32,0.38862
qn,1441386000000,232.83,232.83,232.83,232.83,0.02
qn,1441414800000,231.76,231.76,231.76,231.76,0.21613086
qn,1441461600000,235.18,235.18,235.18,235.18,0.4
qn,1441465200000,235.73,235.73,235.73,235.73,0.4
qn,1441468800000,238.71,239.07,238.71,239.07,0.400016
qn,1441472400000,237.38,237.38,237.38,237.38,0.4
qn,1441490400000,237.77,237.77,237.77,237.77,0.4
qn,1441504800000,238.45,238.45,238.45,238.45,0.4
qn,1441508400000,243.0,244.0,243.0,244.0,0.20006
qn,1441551600000,244.8,244.8,244.8,244.8,0.00006
qn,1441558800000,242.58,242.58,242.58,242.58,0.06211952
qn,1441573200000,243.28,243.56,243.28,243.56,0.20006
qn,1441584000000,242.64,242.64,242.64,242.64,0.4
qn,1441612800000,242.85,242.85,241.17,241.17,0.55530542
qn,1441620000000,243.01,243.01,243.01,243.01,0.4
qn,1441623600000,241.2,241.2,241.2,241.2,0.4
qn,1441638000000,242.0,242.18,242.0,242.18,0.02012
qn,1441652400000,240.9,240.9,240.9,240.9,0.02
qn,1441681200000,242.98,242.98,242.98,242.98,0.4
qn,1441688400000,243.9,243.9,243.9,243.9,4.4885
qn,1441699200000,245.93,245.93,245.93,245.93,0.03975624
qn,1441717200000,246.16,246.16,246.16,246.16,0.4
qn,1441724400000,244.08,244.08,244.08,244.08,0.00006
qn,1441735200000,244.07,244.07,243.83,243.83,0.2
qn,1441771200000,244.98,244.98,244.98,244.98,0.4
qn,1441810800000,240.78,240.78,240.78,240.78,0.00006
qn,1441843200000,239.97,239.97,239.97,239.97,0.6
qn,1441846800000,239.99,240.2,239.99,240.2,0.400008
qn,1441854000000,237.99,237.99,237.99,237.99,0.6
qn,1441868400000,238.13,239.33,238.13,239.33,0.66328578
qn,1441897200000,241.9,241.9,241.89,241.89,0.000068
qn,1441936800000,241.48,241.64,241.06,241.22,0.36
qn,1441940400000,241.55,241.55,241.55,241.55,0.02
qn,1441947600000,241.3,241.3,241.3,241.3,0.04
qn,1441972800000,240.39,240.39,240.39,240.39,0.6
qn,1441983600000,239.8,239.8,239.8,239.8,0.000068
qn,1442023200000,240.97,240.97,240.97,240.97,2.0
qn,1442048400000,240.19,240.19,240.19,240.19,0.4180777
qn,1442070000000,239.49,239.77,239.48,239.77,0.600068
qn,1442073600000,237.65,237.65,236.89,236.89,0.93912272
qn,1442077200000,235.44,235.44,235.41,235.44,0.4
qn,1442116800000,236.05,236.05,236.05,236.05,0.2
qn,1442134800000,235.3,235.3,235.3,235.3,0.2
qn,1442160000000,232.0,232.0,232.0,232.0,0.298
qn,1442196000000,230.07,230.07,225.0,226.11,1.344
qn,1442199600000,228.65,230.0,228.65,230.0,0.64
qn,1442206800000,228.51,228.51,228.51,228.51,0.6
qn,1442210400000,229.98,229.98,229.98,229.98,0.6
qn,1442217600000,229.1,229.1,229.1,229.1,0.2
qn,1442221200000,227.81,227.81,227.81,227.81,0.6
qn,1442228400000,229.27,229.27,229.27,229.27,0.6
qn,1442282400000,232.0,232.0,232.0,232.0,0.02
qn,1442300400000,229.33,230.72,229.33,230.72,1.26
qn,1442314800000,230.26,230.26,230.26,230.26,0.36428834
qn,1442329200000,231.19,231.19,231.19,231.19,0.3
qn,1442347200000,230.28,230.28,230.28,230.28,0.6
qn,1442350800000,230.0,230.0,230.0,230.0,0.302
qn,1442383200000,229.66,229.66,229.66,229.66,0.6
qn,1442390400000,230.65,230.65,230.55,230.55,1.2
qn,1442394000000,228.68,228.68,227.94,227.94,1.2
qn,1442397600000,227.87,227.87,227.87,227.87,0.6
qn,1442455200000,230.59,230.59,230.59,230.59,0.2
qn,1442494800000,231.0,231.0,231.0,231.0,0.302
qn,1442502000000,231.79,231.79,231.79,231.79,0.6
qn,1442592000000,234.52,234.52,234.52,234.52,0.6
qn,1442642400000,232.58,232.58,232.58,232.58,0.6
qn,1442739600000,231.1,231.1,231.1,231.1,5.28
qn,1442743200000,230.5,230.5,230.38,230.5,5.28
qn,1442779200000,230.0,230.0,230.0,230.0,0.04
qn,1442782800000,229.5,229.5,229.5,229.5,0.04
qn,1442808000000,228.9,228.9,228.9,228.9,0.3048
qn,1442847600000,227.91,227.91,227.91,227.91,60.0
qn,1442851200000,228.38,228.38,228.38,228.38,0.10428
qn,1442887200000,228.15,228.15,228.15,228.15,4.0
qn,1442898000000,225.73,226.29,225.72,226.29,60.0
qn,1442905200000,224.56,224.56,224.56,224.56,0.09
qn,1442908800000,225.13,225.13,225.13,225.13,2.0
qn,1442912400000,225.62,230.5,225.62,230.5,4.07635698
qn,1442934000000,230.3,230.3,230.3,230.3,0.02
qn,1442970000000,231.73,231.73,231.73,231.73,20.0
qn,1442988000000,231.15,231.15,231.14,231.14,0.8
qn,1442991600000,230.24,230.25,230.24,230.25,0.11
qn,1442995200000,229.83,229.83,229.83,229.83,1.84220856
qn,1443006000000,229.63,229.63,229.63,229.63,0.02
qn,1443013200000,230.46,230.46,230.46,230.46,2.0
qn,1443034800000,231.45,231.45,231.45,231.45,0.3048
qn,1443070800000,231.43,231.43,231.43,231.43,1.58905198
qn,1443114000000,235.09,235.09,235.09,235.09,0.96159026
qn,1443157200000,233.9,234.01,233.59,233.59,20.0
qn,1443160800000,235.5,235.5,235.5,235.5,2.622
qn,1443164400000,236.69,236.69,236.69,236.69,0.06
qn,1443340800000,232.75,232.75,232.75,232.75,2.0
qn,1443355200000,233.18,233.18,233.18,233.18,0.66127834
qn,1443405600000,234.0,234.74,234.0,234.74,0.81115238
qn,1443409200000,234.74,234.74,234.74,234.74,1.59107174
qn,1443423600000,236.34,236.34,236.34,236.34,0.03
qn,1443427200000,236.94,238.05,236.94,237.41,0.528
qn,1443430800000,236.91,236.91,236.91,236.91,2.0
qn,1443434400000,237.47,237.47,237.47,237.47,0.02
qn,1443445200000,237.67,237.89,237.67,237.89,4.1
qn,1443448800000,238.3,238.76,238.3,238.76,0.9764272
qn,1443452400000,238.76,238.76,238.76,238.76,1.91
qn,1443466800000,239.09,239.09,239.09,239.09,0.2
qn,1443492000000,237.32,237.32,237.32,237.32,2.0
qn,1443495600000,238.51,238.51,238.51,238.51,2.0
qn,1443499200000,237.52,239.23,237.52,239.23,4.0
qn,1443502800000,238.67,238.67,238.67,238.67,0.02
qn,1443513600000,238.03,238.03,238.03,238.03,0.02
qn,1443528000000,236.0,236.0,236.0,236.0,0.02
qn,1443603600000,236.2,236.2,236.2,236.2,0.11
qn,1443618000000,237.4,237.4,237.4,237.4,1.92424
qn,1443657600000,236.03,236.03,236.03,236.03,2.0
qn,1443679200000,236.5,236.5,236.5,236.5,3.6275
qn,1443682800000,236.5,236.5,236.5,236.5,7.9725
qn,1443700800000,236.93,236.93,236.36,236.36,0.04
qn,1443711600000,238.0,238.0,238.0,238.0,0.02
qn,1443769200000,238.1,238.14,238.0,238.14,200.0
qn,1443772800000,239.27,239.27,239.27,239.27,0.38451882
qn,1443776400000,238.58,239.27,238.58,239.27,43.39953
qn,1443780000000,238.0,238.0,238.0,238.0,0.02
qn,1443783600000,237.14,237.14,236.46,236.46,6.81595118
qn,1443794400000,237.89,237.89,237.89,237.89,2.0
qn,1443873600000,239.3,239.3,239.3,239.3,0.02
qn,1444042800000,237.05,237.05,237.05,237.05,0.1
qn,1444132800000,243.12,243.12,243.12,243.12,2.0
qn,1444136400000,243.5,243.5,243.5,243.5,0.2
qn,1444147200000,246.95,246.95,246.95,246.95,2.0
qn,1444168800000,246.97,246.97,246.97,246.97,0.4
qn,1444176000000,247.17,247.39,247.1,247.39,40.0
qn,1444183200000,246.66,247.38,246.66,247.38,0.20006
qn,1444197600000,245.95,246.45,245.95,246.45,0.340051
qn,1444204800000,244.04,244.04,244.04,244.04,40.0
qn,1444215600000,244.33,244.33,244.33,244.33,0.17
qn,1444219200000,245.15,245.15,245.15,245.15,0.2
qn,1444222800000,244.24,245.16,244.24,245.06,0.3400422
qn,1444420800000,244.5,244.5,244.5,244.5,0.2
qn,1444478400000,244.55,244.55,244.55,244.55,0.0910964
qn,1444532400000,245.38,245.38,245.38,245.38,0.03
qn,1444536000000,245.38,245.38,245.38,245.38,0.060786
qn,1444579200000,247.69,247.69,247.69,247.69,0.090786
qn,1444629600000,247.54,247.54,247.54,247.54,0.09084
qn,1444654800000,246.4,246.4,246.4,246.4,0.2
qn,1444662000000,246.7,246.7,246.7,246.7,0.4
qn,1444687200000,246.43,246.43,246.43,246.43,0.4
qn,1444698000000,245.0,245.0,245.0,245.0,0.4
qn,1444708800000,244.13,244.13,244.13,244.13,0.185
qn,1444726800000,246.54,246.54,246.54,246.54,0.022
qn,1444730400000,246.27,246.27,246.27,246.27,0.066
qn,1444734000000,248.74,249.3,248.74,249.3,3.127
qn,1444741200000,250.77,250.77,250.77,250.77,2.0
qn,1444798800000,249.71,249.71,249.71,249.71,0.4
qn,1444831200000,251.57,251.57,251.57,251.57,2.0
qn,1444838400000,253.63,253.63,253.63,253.63,0.02
qn,1444845600000,255.2,255.2,255.2,255.2,0.4
qn,1444852800000,254.12,254.12,254.12,254.12,0.02
qn,1444856400000,254.12,254.12,254.12,254.12,0.83768448
qn,1444874400000,254.12,254.12,254.12,254.12,0.41884224
qn,1444878000000,255.2,255.2,255.2,255.2,0.13961408
qn,1444903200000,252.86,252.86,252.86,252.86,2.0
qn,1444928400000,255.75,255.75,255.75,255.75,1.08656958
qn,1444950000000,254.01,254.06,254.01,254.06,0.30828788
qn,1444968000000,255.91,255.91,255.23,255.75,0.23264016
qn,1445000400000,261.63,261.63,261.63,261.63,0.4
qn,1445014800000,266.0,266.0,266.0,266.0,0.2
qn,1445065200000,266.33,268.9,266.33,268.9,0.63530434
qn,1445068800000,269.76,269.76,269.76,269.76,0.09739606
qn,1445072400000,270.62,271.49,270.62,271.49,0.19479212
qn,1445097600000,272.0,272.36,271.87,272.36,11.2
qn,1445104800000,268.21,268.37,263.96,264.26,27.28567754
qn,1445108400000,266.79,267.24,264.38,264.38,47.0
qn,1445112000000,265.23,266.1,265.23,265.28,32.0
qn,1445115600000,267.85,268.03,267.59,267.59,32.68656
qn,1445119200000,268.25,268.25,268.25,268.25,0.0442
qn,1445126400000,270.82,270.82,270.69,270.69,0.2306648
qn,1445133600000,270.06,270.54,270.06,270.54,2.2
qn,1445140800000,267.59,267.59,267.59,267.59,0.05043526
qn,1445184000000,262.22,262.22,261.75,261.75,32.0
qn,1445187600000,261.71,261.71,261.71,261.71,2.0
qn,1445191200000,260.94,260.94,260.94,260.94,2.0
qn,1445202000000,262.31,263.27,261.79,261.79,0.52
qn,1445212800000,262.82,262.92,262.12,262.12,76.0
qn,1445220000000,263.35,263.35,263.35,263.35,0.51868752
qn,1445223600000,263.78,264.13,263.78,264.13,0.33381464
qn,1445227200000,264.62,264.62,263.82,264.14,0.4410939
qn,1445230800000,261.46,261.46,261.39,261.41,0.90492266
qn,1445234400000,261.25,261.38,260.87,260.87,0.21882904
qn,1445241600000,260.78,260.78,260.78,260.78,0.22678768
qn,1445248800000,263.43,263.43,263.43,263.43,0.4772486
qn,1445252400000,262.21,263.43,262.21,263.43,2.23331238
qn,1445256000000,261.58,261.58,261.58,261.58,0.17
qn,1445259600000,261.56,265.64,261.56,265.64,1.8321094
qn,1445284800000,264.08,264.08,263.71,263.72,7.19436644
qn,1445288400000,263.76,263.76,263.72,263.75,37.75217864
qn,1445317200000,263.06,263.46,263.02,263.3,4.89782644
qn,1445320800000,265.44,265.44,265.44,265.44,0.1011
qn,1445349600000,268.2,269.1,268.2,269.09,38.0
qn,1445353200000,268.8,268.81,268.8,268.8,32.0
qn,1445356800000,269.05,269.29,269.05,269.29,32.0
qn,1445364000000,273.0,273.0,273.0,273.0,0.29654
qn,1445374800000,269.35,269.35,269.02,269.02,6.0
qn,1445389200000,271.72,271.9,271.33,271.9,32.2976
qn,1445392800000,272.06,272.25,271.65,271.8,76.84782136
qn,1445407200000,270.74,270.74,267.25,267.25,1.78474158
qn,1445418000000,268.39,268.39,268.39,268.39,0.02
qn,1445428800000,265.88,265.93,265.81,265.93,1.6
qn,1445432400000,265.81,267.0,265.38,267.0,2.062
qn,1445436000000,267.72,267.72,267.72,267.72,0.019
qn,1445439600000,269.36,270.01,269.36,270.01,2.69254538
qn,1445468400000,268.1,268.1,268.1,268.1,0.2
qn,1445475600000,268.66,268.66,268.66,268.66,1.0
qn,1445479200000,268.66,268.87,268.66,268.87,0.37670136
qn,1445493600000,269.25,270.03,269.25,270.03,0.51838068
qn,1445500800000,270.27,271.53,270.27,271.53,2.3432933
qn,1445562000000,275.99,276.04,275.37,275.66,127.2
qn,1445569200000,275.9,275.9,275.9,275.9,6.0
qn,1445572800000,276.25,276.25,276.25,276.25,0.36275116
qn,1445576400000,276.78,278.66,276.78,278.56,27.79671788
qn,1445590800000,277.91,277.91,277.91,277.91,0.07723836
qn,1445608800000,277.41,277.63,277.41,277.63,18.0
qn,1445612400000,277.55,277.57,277.03,277.57,4.03053802
qn,1445644800000,280.35,280.53,280.05,280.53,36.1831
qn,1445648400000,281.09,281.3,280.13,280.91,14.91249128
qn,1445652000000,278.89,279.23,278.89,279.23,2.0006
qn,1445655600000,281.83,281.83,281.83,281.83,4.0
qn,1445684400000,280.14,285.02,279.7,285.02,20.0
qn,1445695200000,281.23,281.23,281.23,281.23,2.0
qn,1445706000000,279.49,279.85,279.49,279.85,11.98
qn,1445709600000,280.75,280.75,279.48,280.73,389.76152288
qn,1445713200000,280.79,281.38,280.79,281.38,1.59749862
qn,1445720400000,279.8,279.92,279.8,279.82,23.28764788
qn,1445727600000,281.78,286.24,281.53,283.68,533.75826634
qn,1445731200000,285.26,285.26,285.26,285.26,100.0
qn,1445734800000,283.68,285.23,283.33,285.22,135.02095826
qn,1445738400000,283.93,285.76,283.92,285.7,82.03708996
qn,1445742000000,286.78,289.31,286.63,287.81,385.83783886
qn,1445756400000,289.83,289.83,289.7,289.7,54.99621292
qn,1445781600000,294.41,294.41,294.41,294.41,2.0
qn,1445785200000,294.96,294.96,294.96,294.96,0.11817
qn,1445788800000,294.3,294.3,293.59,293.69,30.0
qn,1445792400000,293.31,293.74,293.31,293.74,4.144
qn,1445796000000,294.53,294.55,292.91,293.51,19.3969483
qn,1445799600000,293.9,293.9,293.11,293.11,6.0
qn,1445803200000,289.9,289.94,289.9,289.92,8.0
qn,1445806800000,288.31,289.0,284.43,286.95,84.83143054
qn,1445810400000,287.85,290.97,287.85,290.97,18.0
qn,1445814000000,288.7,288.7,285.3,285.3,18.0
qn,1445828400000,284.63,285.0,283.31,285.0,11.99937468
qn,1445832000000,284.45,287.95,280.15,280.56,387.8524752
qn,1445835600000,282.71,282.96,281.2,282.62,34.86914726
qn,1445839200000,282.96,283.1,282.75,283.1,248.52872058
qn,1445846400000,284.01,284.01,284.01,284.01,20.0
qn,1445857200000,285.2,285.2,285.2,285.2,0.1
qn,1445864400000,285.53,286.14,285.39,286.14,13.0845
qn,1445868000000,286.58,286.63,286.44,286.6,6.9155
qn,1445871600000,286.55,287.04,286.55,287.04,0.10984002
qn,1445875200000,285.49,285.62,285.35,285.62,38.79743076
qn,1445878800000,285.8,285.8,285.8,285.8,0.00002816
qn,1445889600000,284.31,286.78,284.3,286.78,28.12493236
qn,1445893200000,286.64,305.0,286.32,286.32,21.45472536
qn,1445896800000,286.36,286.36,286.36,286.36,0.3
qn,1445900400000,286.14,286.14,286.14,286.14,0.1515
qn,1445904000000,287.54,294.8,287.54,289.79,378.64108456
qn,1445907600000,291.64,291.64,290.33,291.28,140.75842232
qn,1445911200000,292.17,293.29,292.17,293.29,20.75244484
qn,1445914800000,291.87,292.25,289.97,290.34,40.00595844
qn,1445929200000,288.34,288.34,288.34,288.34,0.1974
qn,1445932800000,288.34,288.34,288.34,288.34,0.3867
qn,1445947200000,291.57,295.02,291.09,293.82,246.52724992
qn,1445950800000,294.14,295.04,294.12,295.04,40.01198466
qn,1445954400000,298.43,298.88,298.33,298.88,40.44291562
qn,1445972400000,297.1,297.27,296.56,297.25,20.0
qn,1445976000000,297.39,297.59,296.82,297.57,40.0
qn,1445994000000,298.52,298.52,298.52,298.52,0.14763854
qn,1446058800000,300.61,300.61,299.93,300.05,60.0
qn,1446062400000,299.95,300.79,299.58,300.14,80.02400002
qn,1446080400000,304.09,304.8,304.09,304.71,40.0079119
qn,1446120000000,309.48,309.74,309.48,309.74,0.00408808
qn,1446123600000,312.3,318.55,311.63,313.29,299.22044094
qn,1446130800000,314.67,314.68,314.42,314.42,1.2
qn,1446134400000,318.98,318.98,312.79,312.79,2.2
qn,1446138000000,310.33,310.33,310.3,310.31,21.6869
qn,1446170400000,323.84,324.83,323.84,324.83,2.2
qn,1446174000000,322.62,322.62,322.29,322.62,11.04
qn,1446177600000,331.71,331.71,329.48,329.82,2.6
qn,1446181200000,326.3,329.0,323.88,323.88,4.4
qn,1446184800000,325.7,332.36,325.7,332.36,6.42
qn,1446188400000,327.62,327.62,327.62,327.62,2.0
qn,1446192000000,330.28,330.97,330.28,330.97,2.12736922
qn,1446195600000,323.19,324.31,323.1,323.94,92.0
qn,1446199200000,326.08,329.56,326.07,329.56,90.60217526
qn,1446206400000,316.72,316.72,316.72,316.72,1.05762466
qn,1446210000000,321.08,321.37,319.66,321.37,141.09454682
qn,1446213600000,320.84,320.85,320.54,320.84,20.0
qn,1446228000000,330.0,330.81,330.0,330.81,20.00573116
qn,1446238800000,325.52,325.52,325.52,325.52,2.0
qn,1446249600000,332.97,333.55,332.96,333.55,2.81500612
qn,1446253200000,332.86,332.86,331.99,331.99,2.0
qn,1446260400000,333.3,333.3,333.29,333.29,20.0
qn,1446285600000,326.81,326.81,326.81,326.81,0.35
qn,1446303600000,317.86,317.86,317.86,317.86,2.0
qn,1446310800000,312.91,312.91,312.91,312.91,1.00101758
qn,1446314400000,312.94,313.14,304.1,312.27,140.42475788
qn,1446318000000,312.3,313.9,311.8,313.88,149.620055
qn,1446321600000,310.93,311.71,306.04,306.97,182.61039624
qn,1446325200000,308.78,311.11,308.29,310.79,80.0
qn,1446328800000,311.11,311.11,309.67,310.58,180.0
qn,1446336000000,311.29,312.44,311.29,312.44,100.0013992
qn,1446343200000,310.1,310.1,308.89,309.71,0.92860082
qn,1446390000000,316.22,316.22,311.2,314.45,14.03336002
qn,1446393600000,314.0,314.24,312.63,314.0,10.00042094
qn,1446400800000,314.55,315.23,314.29,314.29,0.0030988
qn,1446404400000,316.8,323.92,315.19,315.58,18.0336803
qn,1446408000000,320.58,322.1,320.58,321.4,26.43828508
qn,1446411600000,321.12,337.78,321.1,323.51,335.98665894
qn,1446415200000,324.8,324.8,324.8,324.8,1.70393182
qn,1446426000000,327.34,327.34,325.25,325.25,0.03736356
qn,1446436800000,328.85,329.1,328.84,329.1,3.86818126
qn,1446440400000,328.16,328.16,328.16,328.16,2.0
qn,1446444000000,325.82,326.84,325.67,326.83,13.66826
qn,1446447600000,325.82,325.82,325.82,325.82,1.61526968
qn,1446451200000,329.53,333.5,329.53,333.5,5.6228
qn,1446454800000,332.09,332.09,330.31,330.31,1.42723
qn,1446458400000,332.15,332.15,332.15,332.15,0.34479
qn,1446465600000,340.82,341.3,340.81,340.81,47.05554054
qn,1446472800000,339.91,339.91,329.3,336.55,176.49985804
qn,1446480000000,336.14,336.14,335.87,336.1,25.50014196
qn,1446483600000,340.42,340.42,340.42,340.42,1.96062
qn,1446494400000,354.15,354.29,354.15,354.29,4.0
qn,1446501600000,363.23,363.85,363.2,363.85,2.8
qn,1446505200000,364.74,364.74,364.74,364.74,2.0
qn,1446526800000,375.02,375.02,375.02,375.02,2.0
qn,1446530400000,369.6,383.04,358.5,366.31,138.09774592
qn,1446534000000,370.35,371.0,370.0,370.0,6.73096774
qn,1446541200000,375.56,378.0,375.56,378.0,5.3770075
qn,1446544800000,371.37,377.31,371.37,376.36,8.08
qn,1446552000000,381.8,392.91,381.79,392.68,102.3200436
qn,1446555600000,393.3,394.13,386.72,391.31,299.98786056
qn,1446562800000,391.89,391.89,391.89,391.89,0.39325704
qn,1446577200000,414.76,415.72,373.38,401.0,310.15524398
qn,1446595200000,412.23,412.28,411.7,411.8,10.0
qn,1446598800000,411.32,411.32,411.32,411.32,10.0
qn,1446606000000,437.29,437.29,437.29,437.29,2.0
qn,1446609600000,441.1,441.1,433.18,433.18,0.84376234
qn,1446613200000,440.54,440.54,440.54,440.54,0.6877
qn,1446616800000,428.75,428.75,428.75,428.75,2.0
qn,1446627600000,435.37,438.3,434.3,435.37,61.87947734
qn,1446631200000,445.65,469.2,445.45,459.22,296.08999638
qn,1446634800000,463.49,472.83,453.3,471.51,212.64250042
qn,1446638400000,468.3,489.3,465.3,489.28,150.67242164
qn,1446642000000,489.17,500.3,487.73,487.73,28.1748
qn,1446645600000,479.17,480.29,470.32,480.29,47.4
qn,1446652800000,490.29,492.69,490.29,492.69,0.27799288
qn,1446656400000,480.03,480.03,460.3,468.44,34.2282
qn,1446660000000,466.33,472.28,449.29,471.91,64.00308294
qn,1446663600000,477.3,477.7,470.3,473.89,30.003599
qn,1446670800000,433.08,433.08,415.0,416.29,36.0
qn,1446674400000,426.3,426.3,369.32,386.1,92.0
qn,1446678000000,382.11,410.3,381.59,410.3,59.28602072
qn,1446681600000,394.2,405.3,393.4,405.24,39.60973604
qn,1446685200000,402.51,436.82,401.05,436.82,120.4074124
qn,1446688800000,430.3,438.39,428.45,433.59,48.04591136
qn,1446692400000,439.29,445.47,434.04,438.55,46.00252334
qn,1446696000000,435.89,435.89,412.36,417.3,29.20400334
qn,1446699600000,409.33,416.22,375.41,391.74,45.44432836
qn,1446703200000,390.99,390.99,389.61,389.61,1.4396153
qn,1446706800000,394.3,394.3,389.2,391.85,8.000992
qn,1446710400000,370.3,370.3,367.85,367.85,4.5
qn,1446714000000,377.34,378.09,371.28,374.98,18.00162372
qn,1446717600000,374.98,389.85,374.98,389.85,9.99999982
qn,1446721200000,387.63,387.63,387.63,387.63,0.1
qn,1446724800000,390.99,390.99,390.99,390.99,2.0
qn,1446728400000,395.48,395.48,395.46,395.48,4.0
qn,1446735600000,394.05,394.05,394.05,394.05,0.1
qn,1446750000000,408.34,408.34,408.34,408.34,2.0
qn,1446753600000,410.98,410.98,410.98,410.98,6.0
qn,1446760800000,401.5,401.5,391.54,391.54,8.0
qn,1446775200000,373.36,373.36,373.36,373.36,0.1
qn,1446782400000,364.07,364.07,360.56,360.56,16.64
qn,1446789600000,363.75,363.75,363.75,363.75,0.1
qn,1446796800000,380.57,380.57,380.57,380.57,0.02
qn,1446807600000,376.92,376.98,376.92,376.94,2.0
qn,1446825600000,398.0,398.55,398.0,398.55,2.0006
qn,1446836400000,375.0,375.0,372.66,372.66,3.42261472
qn,1446876000000,393.25,393.25,393.25,393.25,2.9
qn,1446890400000,396.28,397.54,395.12,397.02,4.84899066
qn,1446908400000,394.94,394.94,394.91,394.91,0.0006
qn,1446912000000,389.07,389.95,389.07,389.95,0.04
qn,1446915600000,389.36,390.56,389.17,390.56,2.0006
qn,1446919200000,393.65,393.66,393.65,393.66,2.2
qn,1446958800000,393.0,393.0,393.0,393.0,0.02
qn,1446962400000,393.52,393.52,393.52,393.52,0.04
qn,1446976800000,389.11,389.11,389.11,389.11,2.0
qn,1446994800000,387.97,387.97,387.97,387.97,0.0012
qn,1447016400000,375.91,375.91,375.91,375.91,4.0
qn,1447020000000,377.24,377.24,377.24,377.24,2.0
qn,1447030800000,372.53,372.81,367.85,367.96,6.894
qn,1447034400000,369.25,374.36,369.25,373.73,1.4651693
qn,1447066800000,385.0,389.38,385.0,389.38,11.98623976
qn,1447070400000,395.7,395.7,394.05,394.06,1.28506794
qn,1447074000000,391.14,391.14,391.14,391.14,1.76
qn,1447077600000,393.06,394.2,393.06,394.2,10.0014051
qn,1447081200000,392.99,393.0,392.99,392.99,0.00170044
qn,1447084800000,386.75,388.0,386.75,387.0,2.0
qn,1447088400000,386.37,386.37,386.37,386.37,2.0
qn,1447102800000,388.2,388.2,388.2,388.2,6.98
qn,1447113600000,380.7,384.82,380.7,384.82,4.0
qn,1447120800000,384.09,384.09,384.09,384.09,2.0
qn,1447156800000,380.0,380.0,380.0,380.0,4.068
qn,1447160400000,375.47,375.47,375.47,375.47,2.0
qn,1447164000000,364.04,364.04,364.04,364.04,2.0
qn,1447167600000,362.31,362.31,360.0,360.0,1.18303666
qn,1447171200000,359.99,360.4,359.99,359.99,4.0
qn,1447174800000,361.39,361.39,356.97,356.97,1.51168
qn,1447189200000,349.78,350.68,349.78,350.68,4.58736356
qn,1447192800000,332.9,332.9,332.9,332.9,10.0
qn,1447196400000,343.44,343.44,343.44,343.44,0.23123548
qn,1447207200000,318.59,319.0,318.58,318.95,10.0
qn,1447210800000,307.15,307.15,307.15,307.15,2.0
qn,1447214400000,315.58,318.76,315.58,318.76,1.9359143
qn,1447218000000,317.13,319.61,317.13,319.61,0.12
qn,1447239600000,318.78,319.7,318.78,318.78,1.91615774
qn,1447246800000,323.84,323.84,323.84,323.84,2.85517664
qn,1447250400000,323.84,325.15,323.84,325.15,5.14482336
qn,1447254000000,310.63,310.63,310.63,310.63,2.0
qn,1447257600000,310.2,314.08,310.2,313.85,20.00323682
qn,1447261200000,316.43,317.98,316.43,317.98,1.48307314
qn,1447268400000,318.94,318.94,318.94,318.94,2.0004378
qn,1447279200000,304.62,310.79,302.84,310.79,28.77203618
qn,1447282800000,307.52,308.0,307.52,308.0,2.0
qn,1447293600000,325.15,325.15,323.97,323.98,2.7089109
qn,1447304400000,327.7,330.8,327.16,330.8,2.02
qn,1447308000000,328.06,339.5,328.06,339.0,6.54
qn,1447322400000,345.33,345.33,345.33,345.33,0.2
qn,1447326000000,337.79,337.79,337.79,337.79,17.6
qn,1447333200000,336.42,336.43,330.0,330.0,0.8
qn,1447340400000,336.0,336.33,336.0,336.33,0.30427966
qn,1447344000000,333.0,333.0,333.0,333.0,13.2
qn,1447354800000,330.37,330.37,330.37,330.37,2.05143654
qn,1447376400000,346.78,347.0,346.78,347.0,2.0004
qn,1447380000000,342.99,342.99,342.99,342.99,2.0
qn,1447387200000,345.89,345.89,345.89,345.89,0.2
qn,1447398000000,342.5,342.5,333.35,333.35,16.50190922
qn,1447401600000,331.0,331.0,330.39,330.39,3.786
qn,1447412400000,331.06,331.06,331.06,331.06,0.2
qn,1447423200000,335.82,335.82,335.82,335.82,10.84
qn,1447452000000,340.0,340.0,340.0,340.0,20.0
qn,1447455600000,340.83,340.83,340.83,340.83,0.2
qn,1447462800000,333.83,333.83,333.83,333.83,0.204
qn,1447466400000,335.13,336.1,333.81,336.1,20.30404062
qn,1447484400000,336.16,337.84,336.16,337.84,3.76171464
qn,1447502400000,334.9,334.9,334.9,334.9,0.0650392
qn,1447527600000,335.22,335.22,335.22,335.22,2.0
qn,1447538400000,339.22,340.0,339.22,340.0,93.29678566
qn,1447542000000,336.65,336.65,336.65,336.65,2.0
qn,1447592400000,332.32,332.32,328.84,328.84,1.72608884
qn,1447603200000,322.77,322.77,322.77,322.77,2.0
qn,1447628400000,322.09,322.65,322.08,322.65,97.0
qn,1447635600000,318.55,318.55,318.54,318.54,0.316
qn,1447653600000,322.14,322.14,322.14,322.14,0.1
qn,1447660800000,321.0,321.0,321.0,321.0,0.1
qn,1447671600000,322.0,322.0,322.0,322.0,0.176
qn,1447678800000,322.0,322.0,322.0,322.0,4.10051684
qn,1447682400000,322.0,322.0,322.0,322.0,15.72348316
qn,1447693200000,324.5,332.32,324.5,332.32,2.21474598
qn,1447696800000,333.47,333.47,331.42,331.42,0.0629492
qn,1447704000000,330.21,330.67,330.21,330.67,2.00021554
qn,1447718400000,331.97,333.26,331.97,333.1,5.84358222
qn,1447722000000,333.1,341.55,333.1,341.55,11.82057206
qn,1447725600000,342.19,343.07,342.19,343.07,0.26939858
qn,1447736400000,336.9,338.0,336.9,337.9,16.9513892
qn,1447743600000,338.5,338.5,337.08,337.08,0.2122
qn,1447747200000,335.74,335.74,333.45,333.5,0.1
qn,1447750800000,333.5,334.0,333.5,334.0,0.06
qn,1447754400000,334.0,334.0,334.0,334.0,0.02
qn,1447761600000,337.24,337.24,337.24,337.24,0.02
qn,1447772400000,334.65,335.13,334.65,335.03,0.00361748
qn,1447779600000,334.61,335.86,334.61,334.75,2.00060004
qn,1447794000000,337.39,337.39,337.33,337.33,0.00025194
qn,1447797600000,339.36,339.63,339.36,339.36,17.00984298
qn,1447819200000,334.42,334.42,334.42,334.42,0.02
qn,1447822800000,331.9,333.1,331.89,331.9,3.07846728
qn,1447826400000,332.17,333.0,331.83,332.99,30.03
qn,1447830000000,333.7,334.58,333.69,334.58,0.08
qn,1447833600000,334.57,334.57,334.57,334.57,0.02
qn,1447837200000,334.24,334.24,334.24,334.24,0.02
qn,1447840800000,333.69,333.69,333.69,333.69,0.02
qn,1447866000000,334.56,334.94,334.03,334.03,22.00119998
qn,1447873200000,334.8,335.8,334.54,335.8,10.0029106
qn,1447880400000,335.7,335.9,335.7,335.9,2.000596
qn,1447902000000,335.06,335.06,335.06,335.06,0.02
qn,1447905600000,334.92,335.08,334.92,335.0,0.1
qn,1447909200000,334.81,334.81,334.81,334.81,0.02
qn,1447920000000,336.0,336.0,335.52,335.52,0.06
qn,1447923600000,337.07,337.07,336.76,336.76,0.04
qn,1447927200000,335.16,335.16,335.16,335.16,0.04
qn,1447945200000,329.1,329.1,329.1,329.1,0.00479598
qn,1447981200000,315.0,315.0,315.0,315.0,20.4
qn,1447984800000,316.76,316.79,312.59,312.59,46.0
qn,1447988400000,314.92,317.44,314.92,317.44,0.26
qn,1447995600000,317.74,317.74,317.74,317.74,0.04
qn,1447999200000,316.99,318.51,316.99,318.51,4.8
qn,1448002800000,318.52,319.45,318.52,319.11,10.3
qn,1448006400000,318.5,318.5,316.81,316.82,12.02560904
qn,1448010000000,319.16,320.3,319.16,320.3,2.66
qn,1448013600000,322.77,322.77,321.09,321.26,26.62
qn,1448031600000,322.92,322.92,322.92,322.92,0.86754032
qn,1448082000000,322.92,325.81,322.92,325.81,0.75637014
qn,1448100000000,329.8,329.8,329.8,329.8,0.18
qn,1448110800000,327.89,327.89,327.88,327.88,0.06
qn,1448114400000,326.63,326.63,326.63,326.63,0.2
qn,1448121600000,326.19,326.62,326.19,326.22,28.00320886
qn,1448132400000,325.05,325.74,325.0,325.42,20.77487462
qn,1448190000000,326.48,326.97,323.59,323.59,1.1827836
qn,1448197200000,323.49,323.51,322.39,322.39,0.30952742
qn,1448200800000,322.11,322.11,322.11,322.11,0.0545673
qn,1448204400000,323.32,323.32,323.32,323.32,0.01205768
qn,1448208000000,323.0,323.0,322.28,322.28,0.09208
qn,1448226000000,324.0,324.0,324.0,324.0,0.044
qn,1448240400000,324.29,324.32,324.25,324.25,27.4
qn,1448247600000,323.92,323.92,323.17,323.17,0.424
qn,1448254800000,322.58,323.34,322.58,323.34,0.52
qn,1448276400000,324.98,324.98,324.14,324.14,0.466
qn,1448280000000,324.82,324.82,324.82,324.82,0.046
qn,1448287200000,327.0,327.0,326.97,326.97,0.38086998
qn,1448290800000,326.0,326.0,325.89,325.89,0.05825768
qn,1448294400000,324.86,324.86,324.66,324.66,0.09256
qn,1448301600000,325.5,325.5,325.5,325.5,0.04628
qn,1448312400000,325.0,325.0,325.0,325.0,0.04628
qn,1448319600000,323.85,323.85,323.76,323.76,0.09264
qn,1448323200000,323.58,323.58,322.58,322.58,0.24293204
qn,1448326800000,322.5,322.5,322.42,322.42,0.0498823
qn,1448330400000,322.34,322.34,318.83,320.25,1.691722
qn,1448334000000,322.04,322.04,322.04,322.04,0.4
qn,1448337600000,320.77,320.77,320.68,320.77,0.12
qn,1448341200000,322.13,322.13,322.13,322.13,0.2
qn,1448348400000,322.02,322.02,322.02,322.02,0.20006
qn,1448355600000,322.05,322.05,322.05,322.05,0.12
qn,1448362800000,323.49,323.5,323.49,323.49,27.5
qn,1448366400000,323.48,323.95,323.48,323.95,1.56966
qn,1448370000000,322.47,322.47,322.47,322.47,1.4
qn,1448373600000,322.48,322.48,322.48,322.48,0.07640784
qn,1448377200000,322.12,322.12,322.12,322.12,0.01203752
qn,1448409600000,320.69,320.69,320.65,320.65,0.6986
qn,1448420400000,318.56,318.56,317.89,317.89,48.99720802
qn,1448424000000,318.85,318.85,318.8,318.8,19.9
qn,1448431200000,319.75,319.76,319.75,319.76,19.7
qn,1448438400000,320.26,320.26,320.26,320.26,27.4
qn,1448442000000,319.4,319.4,319.4,319.4,0.25124136
qn,1448445600000,319.4,319.91,319.4,319.91,39.75143126
qn,1448449200000,320.21,326.57,320.21,326.57,1.57769868
qn,1448460000000,325.82,325.82,325.82,325.82,0.1
qn,1448463600000,325.21,325.21,325.21,325.21,0.00863272
qn,1448467200000,326.0,326.0,325.62,325.62,0.9001122
qn,1448478000000,325.58,326.69,325.58,326.45,9.00428744
qn,1448481600000,328.89,331.83,328.63,331.68,17.14293688
qn,1448488800000,328.32,328.97,328.25,328.97,4.0012
qn,1448496000000,333.3,333.86,333.03,333.06,0.25119614
qn,1448503200000,332.91,333.26,332.91,333.26,34.2031745
qn,1448506800000,333.1,335.03,331.95,331.95,153.09104094
qn,1448524800000,338.18,342.31,338.17,342.3,40.4
qn,1448528400000,344.0,344.25,340.98,342.1,2.84
qn,1448535600000,347.05,355.45,346.84,355.45,58.9
qn,1448539200000,357.4,359.21,355.38,358.82,7.54508
qn,1448550000000,350.99,351.1,347.12,347.12,38.82846052
qn,1448575200000,352.0,353.0,352.0,353.0,2.52075622
qn,1448578800000,353.0,354.01,353.0,354.01,19.4806131
qn,1448596800000,350.87,350.87,350.87,350.87,0.96979536
qn,1448611200000,360.04,360.04,360.04,360.04,0.64653026
qn,1448614800000,364.62,364.62,364.62,364.62,0.16163256
qn,1448636400000,353.98,353.98,353.06,353.06,0.56045604
qn,1448668800000,356.74,356.74,356.74,356.74,0.34999006
qn,1448701200000,356.6,356.6,356.6,356.6,0.00000004
qn,1448712000000,353.06,353.72,353.06,353.06,0.2720746
qn,1448722800000,355.01,355.01,355.01,355.01,0.006
qn,1448733600000,356.74,357.06,356.74,357.06,0.9942949
qn,1448737200000,358.0,358.0,357.49,357.49,0.1611104
qn,1448740800000,358.19,358.19,358.19,358.19,0.10219272
qn,1448805600000,362.8,362.96,362.8,362.82,12.45695552
qn,1448809200000,362.81,362.81,362.79,362.79,0.006
qn,1448816400000,363.86,364.06,363.85,364.06,1.02523064
qn,1448834400000,371.94,372.2,371.93,371.93,6.0
qn,1448838000000,371.9,372.48,371.88,372.48,12.97476932
qn,1448852400000,376.91,376.91,375.5,375.58,1.1
qn,1448866800000,378.53,379.28,378.5,378.84,3.10024
qn,1448870400000,378.84,382.04,376.03,382.04,112.13505612
qn,1448874000000,381.97,381.97,381.79,381.89,16.0
qn,1448884800000,379.22,379.34,379.22,379.34,12.76152258
qn,1448888400000,378.0,378.0,374.9,374.97,51.16
qn,1448892000000,373.2,373.99,370.01,373.99,156.01407516
qn,1448895600000,373.99,375.26,373.9,374.09,144.0
qn,1448906400000,375.21,375.41,375.2,375.3,10.00288744
qn,1448920800000,377.82,377.82,377.82,377.82,0.038
qn,1448942400000,379.02,379.02,379.02,379.02,2.0
qn,1448956800000,374.82,374.82,362.79,363.73,7.64114176
qn,1448964000000,360.1,362.0,356.11,362.0,7.17562302
qn,1448967600000,354.74,361.1,354.74,361.1,14.02
qn,1448971200000,360.1,360.82,360.1,360.82,3.0382
qn,1448978400000,361.96,364.35,361.96,364.35,21.48274
qn,1448982000000,363.5,363.5,363.5,363.5,0.00288744
qn,1448989200000,357.82,358.59,357.82,358.59,0.04014094
qn,1449003600000,363.14,363.14,361.67,362.0,10.0386
qn,1449014400000,360.14,360.14,351.21,353.69,125.04996782
qn,1449018000000,353.0,353.14,349.04,351.55,100.0053785
qn,1449021600000,349.7,349.7,349.69,349.69,3.0
qn,1449025200000,352.49,352.49,352.49,352.49,3.0
qn,1449028800000,351.24,351.77,351.24,351.77,10.00266236
qn,1449032400000,353.3,354.46,353.3,353.78,50.006
qn,1449036000000,353.97,353.99,353.88,353.99,42.01166234
qn,1449039600000,353.55,354.43,351.49,354.42,121.00378772
qn,1449043200000,354.47,355.8,353.11,354.03,30.00266234
qn,1449050400000,351.0,351.39,351.0,351.39,4.0
qn,1449054000000,352.4,352.4,352.39,352.39,2.02
qn,1449064800000,352.31,357.88,352.31,357.88,60.02
qn,1449068400000,357.6,357.6,357.6,357.6,0.039
qn,1449079200000,358.11,359.26,358.01,359.26,40.0
qn,1449082800000,359.01,359.01,358.02,358.02,8.0
qn,1449111600000,366.62,366.85,365.03,366.8,25.0
qn,1449115200000,366.9,366.98,366.37,366.96,72.83480798
qn,1449118800000,367.16,367.16,367.16,367.16,1.0
qn,1449133200000,362.93,362.93,362.93,362.93,0.02
qn,1449136800000,361.0,361.0,361.0,361.0,13.0305612
qn,1449140400000,355.98,355.98,355.98,355.98,1.0
qn,1449158400000,359.99,359.99,358.68,358.69,12.0
qn,1449190800000,356.0,356.0,355.0,355.16,80.0
qn,1449194400000,355.12,355.12,354.85,354.86,40.0
qn,1449198000000,357.45,357.45,356.99,357.0,3.60222
qn,1449201600000,358.12,358.12,358.12,358.12,13.23610508
qn,1449212400000,359.33,359.5,359.27,359.49,10.0
qn,1449216000000,360.22,360.39,360.22,360.3,13.14
qn,1449223200000,359.01,359.01,359.01,359.01,2.0
qn,1449230400000,359.18,359.18,358.95,359.0,0.144
qn,1449234000000,359.7,359.77,359.7,359.77,0.05748
qn,1449252000000,362.09,362.09,362.09,362.09,0.4
qn,1449255600000,361.79,361.93,361.79,361.93,2.02856
qn,1449262800000,361.33,361.33,361.33,361.33,2.0
qn,1449266400000,362.32,362.32,362.32,362.32,2.0
qn,1449270000000,361.3,362.06,361.3,362.06,0.156
qn,1449277200000,365.8,366.82,365.8,366.82,0.156
qn,1449338400000,378.13,378.13,378.13,378.13,0.076
qn,1449342000000,378.73,379.21,378.49,378.98,11.356
qn,1449345600000,378.44,378.44,377.61,377.61,2.16956
qn,1449349200000,378.61,378.7,378.61,378.7,2.63882032
qn,1449352800000,378.7,391.76,378.7,391.76,55.07776472
qn,1449356400000,390.1,390.54,389.32,390.32,4.1492006
qn,1449360000000,392.0,398.52,392.0,398.52,17.14943244
qn,1449363600000,393.83,396.72,393.83,396.72,2.2962
qn,1449367200000,394.42,395.57,393.9,394.21,6.0064765
qn,1449370800000,397.79,397.95,397.51,397.95,4.00261146
qn,1449374400000,396.12,396.86,396.12,396.86,2.43936
qn,1449378000000,399.99,407.23,399.43,404.05,42.20488794
qn,1449381600000,399.8,401.99,399.79,401.99,11.7182
qn,1449385200000,401.78,401.78,397.07,397.07,10.0618
qn,1449396000000,389.92,389.92,389.92,389.92,0.02
qn,1449428400000,401.11,401.24,398.49,398.49,20.40274562
qn,1449435600000,397.55,397.8,397.55,397.8,10.00297348
qn,1449442800000,394.84,394.84,393.4,393.78,14.00042562
qn,1449446400000,389.13,392.34,386.64,386.64,20.00238
qn,1449450000000,391.06,394.39,391.01,394.39,10.00278562
qn,1449457200000,395.1,395.1,395.1,395.1,4.656
qn,1449471600000,394.03,394.03,393.28,393.28,0.22
qn,1449475200000,393.27,393.27,392.68,392.68,0.6
qn,1449478800000,391.47,391.54,390.8,390.8,20.8
qn,1449482400000,397.95,397.96,396.5,396.77,11.7598
qn,1449486000000,396.37,397.52,396.15,396.87,21.92143
qn,1449489600000,398.0,403.0,398.0,401.84,35.7651497
qn,1449493200000,401.92,402.14,397.07,397.07,0.6
qn,1449496800000,395.51,397.75,395.51,396.74,1.6
qn,1449500400000,400.01,400.01,398.17,398.76,15.72962
qn,1449504000000,397.88,398.16,397.06,397.06,11.9163
qn,1449507600000,396.88,396.91,396.88,396.91,10.0
qn,1449511200000,397.0,399.35,397.0,398.54,0.72
qn,1449514800000,398.49,399.0,397.92,399.0,34.9881
qn,1449518400000,397.59,398.02,392.11,392.11,8.0439
qn,1449525600000,397.89,397.89,397.89,397.89,0.072
qn,1449532800000,397.99,397.99,397.99,397.99,0.0732
qn,1449540000000,395.94,395.94,395.94,395.94,0.4
qn,1449543600000,394.03,394.03,394.03,394.03,0.4
qn,1449558000000,394.68,394.68,394.68,394.68,2.0
qn,1449568800000,399.99,399.99,399.99,399.99,0.0732
qn,1449576000000,396.22,398.22,396.22,398.22,0.1484
qn,1449583200000,396.81,396.81,395.8,395.99,8.78831628
qn,1449586800000,395.0,395.57,395.0,395.57,13.33108356
qn,1449597600000,395.63,396.55,395.31,396.28,17.67400248
qn,1449601200000,398.0,398.0,398.0,398.0,3.0
qn,1449612000000,396.64,396.64,396.64,396.64,0.07502
qn,1449615600000,398.64,398.64,398.64,398.64,0.07502
qn,1449630000000,422.04,422.04,422.04,422.04,0.2
qn,1449637200000,420.56,424.5,420.33,423.98,42.68778
qn,1449640800000,425.02,425.02,420.42,420.42,7.48558
qn,1449644400000,421.13,421.13,420.84,420.84,0.2966
qn,1449648000000,420.99,420.99,420.99,420.99,0.2
qn,1449655200000,422.89,422.89,422.89,422.89,0.02
qn,1449658800000,424.0,425.8,424.0,425.8,10.02
qn,1449662400000,424.0,424.0,424.0,424.0,0.07056
qn,1449673200000,422.02,422.02,417.29,417.3,7.04
qn,1449676800000,414.78,417.0,410.0,412.33,25.8
qn,1449680400000,409.96,414.2,406.43,414.2,12.28
qn,1449698400000,417.23,417.23,417.17,417.17,4.0
qn,1449702000000,418.59,418.6,418.55,418.55,2.0
qn,1449705600000,418.25,418.29,418.25,418.27,10.0
qn,1449712800000,414.56,415.75,414.26,415.5,23.0
qn,1449716400000,414.28,414.28,414.28,414.28,0.02
qn,1449723600000,415.04,415.6,414.99,415.19,35.01210272
qn,1449727200000,411.95,412.2,411.95,412.2,9.0024
qn,1449730800000,411.09,413.5,411.09,413.5,0.22
qn,1449734400000,415.26,415.55,415.26,415.55,0.24
qn,1449741600000,415.38,415.52,415.22,415.52,7.0
qn,1449745200000,413.99,414.0,413.99,413.99,18.38789728
qn,1449752400000,418.08,418.38,418.0,418.15,6.0212
qn,1449756000000,419.89,419.89,419.89,419.89,2.8
qn,1449759600000,419.81,419.81,416.01,416.84,4.00147768
qn,1449763200000,415.34,415.93,414.62,414.7,20.2
qn,1449766800000,415.9,416.24,415.9,416.24,16.0
qn,1449781200000,415.16,417.63,415.16,417.63,28.0
qn,1449784800000,418.43,418.45,418.25,418.45,3.97939
qn,1449788400000,417.1,417.1,417.08,417.08,2.0
qn,1449792000000,416.99,416.99,416.77,416.78,4.0
qn,1449795600000,416.4,418.82,416.4,417.6,0.12
qn,1449799200000,418.26,419.32,418.26,419.32,2.04
qn,1449802800000,420.0,423.05,420.0,421.73,17.44
qn,1449806400000,425.0,425.31,423.47,424.25,31.80851302
qn,1449810000000,424.75,424.75,422.08,422.08,6.0009
qn,1449813600000,420.73,420.73,420.73,420.73,0.04
qn,1449817200000,423.23,423.25,420.58,421.27,29.00239606
qn,1449820800000,425.29,437.2,425.29,437.2,61.65528352
qn,1449824400000,436.15,436.15,433.7,435.01,4.6
qn,1449828000000,436.75,438.1,436.75,438.03,1.049
qn,1449831600000,440.0,440.0,436.83,436.83,2.3860482
qn,1449846000000,434.95,435.46,433.4,434.2,100.04
qn,1449849600000,436.39,439.63,436.39,439.63,6.6
qn,1449853200000,437.05,438.37,437.05,438.37,8.84111194
qn,1449856800000,444.94,444.94,444.12,444.46,6.40117812
qn,1449860400000,448.8,449.64,445.02,447.28,32.50107
qn,1449864000000,446.13,454.48,446.13,453.47,51.10962192
qn,1449867600000,450.04,453.41,448.87,453.41,9.82858646
qn,1449871200000,453.54,453.54,453.51,453.51,0.06
qn,1449874800000,450.03,456.36,450.03,456.36,35.97203254
qn,1449878400000,454.58,455.44,452.31,454.9,38.66881994
qn,1449882000000,456.1,460.03,456.06,458.47,45.94
qn,1449885600000,464.0,469.55,463.49,468.0,84.0078
qn,1449889200000,468.0,473.66,466.99,471.12,72.0066
qn,1449892800000,464.46,465.12,426.43,433.08,83.69968
qn,1449896400000,432.11,432.11,403.18,414.53,36.3015
qn,1449900000000,408.3,423.0,408.3,420.0,24.8674
qn,1449907200000,426.14,429.31,425.98,426.0,34.0
qn,1449910800000,420.5,420.5,419.67,419.67,10.0
qn,1449914400000,433.63,433.63,432.3,432.3,16.06952
qn,1449925200000,422.38,422.38,422.38,422.38,1.17672
qn,1449928800000,425.6,426.93,425.08,426.12,18.000573
qn,1449932400000,424.03,424.03,422.06,422.06,5.2015554
qn,1449936000000,426.25,430.0,426.25,429.12,39.22078
qn,1449939600000,430.0,430.63,429.53,429.81,25.0
qn,1449943200000,429.48,429.66,424.16,424.85,62.20677998
qn,1449946800000,425.13,426.33,425.13,426.33,10.0
qn,1449954000000,425.8,425.8,425.8,425.8,0.0088718
qn,1449957600000,425.94,433.94,425.94,433.94,32.8736
qn,1449961200000,435.0,436.82,433.0,435.13,1.6
qn,1449964800000,435.61,435.61,431.81,433.49,3.2
qn,1449968400000,435.38,436.13,432.67,433.0,40.6242
qn,1449972000000,433.82,438.0,433.82,438.0,30.04645266
qn,1449975600000,440.0,440.45,435.7,435.71,26.01174734
qn,1449979200000,432.8,433.91,420.89,431.1,78.70048826
qn,1449982800000,430.6,434.65,430.6,434.33,54.0012
qn,1449986400000,430.56,434.33,430.38,433.5,49.59512002
qn,1449990000000,433.73,433.78,431.92,433.59,44.41346
qn,1449993600000,434.62,436.63,434.57,436.51,20.8012
qn,1449997200000,435.85,436.71,432.73,433.15,38.0027
qn,1450000800000,433.33,433.71,432.54,433.41,55.20504
qn,1450004400000,433.04,435.73,433.04,434.66,58.71814174
qn,1450008000000,434.69,436.02,434.69,436.02,16.86
qn,1450011600000,435.53,437.19,435.53,436.22,16.02240002
qn,1450015200000,436.23,441.0,436.23,441.0,16.08
qn,1450018800000,439.48,439.48,434.96,435.48,16.0254
qn,1450029600000,440.13,440.3,439.78,440.14,20.73142932
qn,1450040400000,435.21,435.21,434.81,435.0,8.42182106
qn,1450044000000,435.43,436.34,434.59,435.52,24.07180832
qn,1450047600000,435.38,435.39,433.68,433.68,28.0016
qn,1450051200000,432.92,434.01,428.61,434.01,56.16407724
qn,1450054800000,434.48,434.88,433.88,433.93,24.00291234
qn,1450058400000,435.5,435.52,434.46,434.95,6.00118
qn,1450062000000,437.0,437.28,437.0,437.21,2.05038
qn,1450069200000,437.74,437.77,437.74,437.77,2.00034736
qn,1450072800000,437.59,439.91,437.59,439.91,16.02
qn,1450076400000,439.49,439.5,438.5,439.5,0.08
qn,1450080000000,438.29,439.86,438.19,439.86,20.0
qn,1450083600000,439.11,444.0,439.11,443.9,36.13702272
qn,1450087200000,443.72,448.74,443.72,448.74,4.02
qn,1450090800000,447.0,447.51,442.25,442.37,44.0022103
qn,1450101600000,445.62,446.84,445.61,446.8,28.0
qn,1450105200000,446.0,446.37,442.96,443.86,56.00512124
qn,1450108800000,444.51,444.51,444.51,444.51,2.0
qn,1450116000000,445.9,446.4,445.21,446.39,28.0028
qn,1450123200000,442.51,443.01,441.32,443.01,16.6709429
qn,1450126800000,442.63,442.63,442.63,442.63,2.0
qn,1450137600000,443.11,443.13,443.11,443.13,13.2
qn,1450141200000,443.37,448.9,443.37,448.82,19.97288
qn,1450144800000,448.7,452.39,448.68,451.57,68.6
qn,1450148400000,454.0,455.01,449.24,453.74,94.006
qn,1450152000000,455.82,455.82,453.95,454.85,23.8
qn,1450155600000,453.96,456.83,453.96,456.8,28.04
qn,1450159200000,455.3,460.6,455.3,457.24,134.00270736
qn,1450162800000,458.84,459.16,457.58,458.11,32.55090736
qn,1450166400000,458.11,458.18,458.11,458.17,3.68728568
qn,1450170000000,457.0,457.67,453.47,453.5,44.60430738
qn,1450173600000,453.5,454.0,452.42,453.24,44.0044
qn,1450180800000,455.31,455.44,454.77,454.79,24.00230738
qn,1450188000000,458.5,458.5,458.5,458.5,0.01
qn,1450191600000,459.29,463.87,459.05,461.25,40.08
qn,1450195200000,463.5,463.68,462.99,463.06,10.08
qn,1450198800000,462.87,462.87,459.87,459.87,24.0672
qn,1450213200000,462.89,465.29,462.06,463.86,52.002
qn,1450220400000,464.84,466.15,464.8,466.14,30.0
qn,1450224000000,465.95,466.04,460.82,464.17,79.8
qn,1450227600000,466.18,466.3,461.4,461.98,40.002
qn,1450231200000,463.0,463.98,462.91,463.98,48.0024
qn,1450234800000,463.39,463.74,451.5,451.5,188.73677962
qn,1450238400000,449.9,452.95,440.2,449.75,213.1520577
qn,1450242000000,451.43,451.43,447.77,447.77,65.80092108
qn,1450249200000,452.55,453.08,452.24,452.9,46.00396208
qn,1450252800000,452.9,456.74,452.9,456.74,8.002447
qn,1450256400000,456.9,463.55,456.9,463.55,9.0016
qn,1450260000000,462.51,462.81,458.52,461.22,84.0688
qn,1450263600000,459.95,460.99,459.69,460.99,40.0
qn,1450270800000,459.99,461.37,453.55,453.98,145.20786062
qn,1450274400000,454.99,455.95,451.86,455.94,160.21187758
qn,1450278000000,456.69,458.0,455.87,457.95,42.00500454
qn,1450281600000,458.79,459.02,456.99,456.99,28.2408
qn,1450285200000,454.6,456.9,454.6,456.0,30.0008
qn,1450288800000,454.0,454.0,454.0,454.0,12.2
qn,1450292400000,450.77,458.67,447.34,454.42,196.03867922
qn,1450296000000,454.64,455.69,454.64,455.69,7.0284
qn,1450299600000,455.97,458.3,454.33,458.01,28.41231122
qn,1450303200000,453.91,453.91,453.39,453.5,14.0
qn,1450306800000,453.1,454.57,453.1,454.57,5.47
qn,1450314000000,450.1,450.1,450.1,450.1,4.0
qn,1450321200000,450.0,450.64,447.99,447.99,120.01486488
qn,1450324800000,450.47,451.23,449.87,451.23,64.0
qn,1450328400000,452.81,457.4,452.81,455.41,224.0132723
qn,1450332000000,455.27,455.88,454.6,455.47,60.9472
qn,1450335600000,455.39,455.39,455.39,455.39,0.04
qn,1450339200000,454.36,455.98,454.0,455.33,120.0460256
qn,1450342800000,456.27,457.5,455.6,457.5,146.00313508
qn,1450346400000,457.9,458.27,457.05,457.05,61.2
qn,1450350000000,457.25,457.91,456.0,456.62,61.30644828
qn,1450360800000,457.33,457.41,455.93,456.13,60.0
qn,1450364400000,456.99,456.99,456.99,456.99,0.0062
qn,1450368000000,455.58,456.8,455.06,456.27,67.20647346
qn,1450371600000,454.39,455.51,454.39,455.51,72.02478068
qn,1450375200000,455.12,455.32,453.81,454.58,96.00956136
qn,1450378800000,454.7,455.0,453.65,453.65,96.00478066
qn,1450386000000,454.6,454.78,454.3,454.78,10.0
qn,1450393200000,455.4,456.0,455.4,456.0,6.0012
qn,1450396800000,455.0,455.0,455.0,455.0,0.75
qn,1450400400000,455.11,455.11,454.61,454.61,2.04
qn,1450404000000,456.31,458.06,456.06,458.06,43.40193684
qn,1450407600000,456.59,456.6,456.0,456.0,6.00054206
qn,1450411200000,456.36,456.36,456.36,456.36,3.2894504
qn,1450414800000,456.21,464.02,456.0,464.02,24.5147771
qn,1450418400000,461.22,465.1,461.0,464.15,18.35129684
qn,1450425600000,465.85,466.56,457.77,457.77,11.99328
qn,1450429200000,458.86,458.86,458.86,458.86,0.05632868
qn,1450432800000,459.4,460.05,458.99,460.05,5.10684
qn,1450436400000,460.0,460.3,456.65,457.24,11.33041026
qn,1450440000000,457.39,459.95,457.39,459.34,5.86938124
qn,1450443600000,462.41,462.41,459.99,460.0,12.40135002
qn,1450447200000,460.0,460.37,459.82,460.35,7.63693052
qn,1450450800000,460.36,460.5,459.01,459.35,12.84199812
qn,1450454400000,458.93,459.48,458.64,459.45,7.28
qn,1450468800000,463.1,463.3,463.1,463.3,4.00118124
qn,1450472400000,461.72,462.59,461.7,462.59,26.0078
qn,1450476000000,463.3,463.81,463.21,463.65,26.0
qn,1450479600000,463.33,464.12,463.31,463.55,52.0078
qn,1450483200000,462.9,464.79,462.9,464.74,45.00270002
qn,1450486800000,465.08,465.13,464.78,465.05,9.4181
qn,1450490400000,462.9,463.87,462.9,463.87,23.0653
qn,1450494000000,464.3,464.3,464.3,464.3,0.02
qn,1450501200000,463.51,466.46,463.51,464.65,35.510458
qn,1450508400000,461.61,462.79,460.37,462.62,34.45
qn,1450512000000,464.23,464.23,463.55,463.55,14.0
qn,1450515600000,463.91,463.98,463.87,463.98,14.0
qn,1450522800000,464.43,464.44,464.4,464.4,16.600342
qn,1450530000000,465.0,465.06,462.6,463.9,88.01277006
qn,1450533600000,462.85,462.85,462.85,462.85,0.0679
qn,1450540800000,460.53,461.02,452.64,456.76,226.25530932
qn,1450544400000,459.28,459.78,459.25,459.65,12.1
qn,1450548000000,460.3,460.3,459.19,459.22,10.62
qn,1450551600000,459.86,459.86,459.86,459.86,1.1
qn,1450555200000,460.49,460.49,460.49,460.49,1.0
qn,1450562400000,460.59,460.59,460.59,460.59,0.02
qn,1450566000000,460.49,461.5,460.49,461.2,20.0124
qn,1450569600000,462.48,462.48,462.47,462.47,16.06
qn,1450576800000,459.79,459.79,456.24,458.44,47.0
qn,1450580400000,459.01,459.01,459.01,459.01,6.0
qn,1450584000000,458.96,458.96,458.48,458.81,20.0
qn,1450587600000,458.72,458.72,458.72,458.72,2.0
qn,1450591200000,460.11,460.12,459.95,459.95,12.0
qn,1450602000000,460.01,460.32,460.0,460.3,49.37775358
qn,1450605600000,459.78,459.8,459.53,459.73,22.6317
qn,1450609200000,458.59,459.39,457.26,458.71,92.97251052
qn,1450612800000,456.14,456.19,456.13,456.19,22.00226562
qn,1450616400000,456.14,456.78,456.14,456.78,16.0008
qn,1450620000000,456.52,456.64,451.53,451.98,182.01907432
qn,1450623600000,451.52,452.08,451.18,451.97,26.01183758
qn,1450627200000,452.6,452.96,439.97,444.94,487.44710842
qn,1450630800000,442.69,445.4,432.79,436.79,139.3740599
qn,1450634400000,432.0,443.6,431.75,443.0,228.29302862
qn,1450638000000,440.82,440.99,438.58,439.11,86.06733502
qn,1450641600000,442.21,442.21,441.49,441.54,3.72990392
qn,1450645200000,438.29,438.29,438.29,438.29,0.07548
qn,1450648800000,443.27,443.27,442.24,442.57,19.12745996
qn,1450652400000,443.37,443.37,440.96,441.67,18.16263612
qn,1450656000000,443.06,443.07,428.7,428.7,86.02
qn,1450659600000,427.5,431.4,427.42,430.41,222.05739496
qn,1450663200000,431.17,432.37,430.8,430.8,96.14
qn,1450666800000,431.08,435.0,431.08,433.87,92.30155926
qn,1450670400000,433.87,436.6,433.56,436.21,285.955
qn,1450674000000,435.63,437.76,433.18,435.09,242.10193448
qn,1450677600000,434.95,436.39,432.91,436.08,174.02552104
qn,1450681200000,435.05,435.69,432.61,433.93,154.03240008
qn,1450684800000,435.17,437.57,433.89,434.16,300.26046676
qn,1450688400000,434.85,436.4,434.85,436.0,28.0012
qn,1450692000000,436.98,444.5,436.98,444.5,150.49973948
qn,1450695600000,442.41,445.11,441.7,445.1,472.04640004
qn,1450699200000,443.75,443.8,438.5,439.18,262.26459804
qn,1450702800000,441.52,442.87,441.52,442.87,32.0035966
qn,1450706400000,442.02,442.05,437.89,437.89,102.09560004
qn,1450710000000,437.0,438.0,433.0,433.99,89.90588558
qn,1450713600000,433.01,439.75,433.01,439.75,40.0016679
qn,1450717200000,440.0,440.0,439.5,439.68,2.0207321
qn,1450728000000,437.82,437.82,434.46,434.89,46.85107104
qn,1450731600000,436.1,436.15,436.1,436.15,0.0765
qn,1450735200000,435.32,435.32,435.24,435.24,6.4986285
qn,1450738800000,436.91,439.43,436.91,439.43,8.00253614
qn,1450742400000,438.1,440.46,438.1,440.46,9.00179992
qn,1450746000000,440.5,441.51,440.5,441.51,4.1612
qn,1450749600000,438.92,438.92,438.92,438.92,0.08
qn,1450753200000,439.47,439.47,439.47,439.47,0.00090008
qn,1450760400000,436.79,437.5,436.64,437.33,24.0672
qn,1450764000000,438.31,439.0,438.31,438.99,6.46490324
qn,1450767600000,438.4,442.44,438.4,442.3,151.60289676
qn,1450771200000,441.19,442.99,439.23,441.24,228.82064002
qn,1450774800000,442.48,443.51,442.47,443.51,46.009
qn,1450778400000,443.8,443.8,440.4,440.4,42.2042
qn,1450782000000,439.02,439.79,438.28,439.65,42.006
qn,1450785600000,439.88,440.58,439.25,440.0,32.0048
qn,1450789200000,438.13,438.99,436.0,436.52,68.61008
qn,1450792800000,435.11,436.87,434.9,436.16,12.0006
qn,1450796400000,435.98,437.75,435.53,437.75,26.9789445
qn,1450800000000,437.99,438.74,437.95,438.74,11.8859
qn,1450803600000,437.11,437.47,437.11,437.47,2.00059998
qn,1450810800000,435.85,436.38,435.85,436.38,4.0006
qn,1450818000000,436.38,436.38,436.38,436.38,0.07638
qn,1450821600000,438.25,438.25,433.97,433.97,10.0
qn,1450825200000,436.19,436.25,435.22,435.26,29.30389992
qn,1450828800000,435.99,438.24,435.99,438.17,12.0018
qn,1450832400000,437.2,437.77,437.2,437.77,16.7018
qn,1450843200000,437.56,437.9,437.56,437.9,12.0
qn,1450846800000,438.01,438.17,438.0,438.09,36.0
qn,1450850400000,439.0,439.0,438.98,439.0,24.0
qn,1450854000000,438.58,438.82,437.39,438.54,8.26913984
qn,1450857600000,437.87,439.12,437.87,438.24,6.4
qn,1450861200000,438.65,439.38,438.62,438.86,30.0036
qn,1450864800000,439.64,440.06,439.64,440.06,16.0012
qn,1450868400000,440.72,443.0,440.13,443.0,95.0436
qn,1450872000000,441.23,441.43,439.56,439.7,62.0
qn,1450875600000,440.97,440.97,440.97,440.97,1.0028
qn,1450879200000,440.4,440.4,440.4,440.4,1.0
qn,1450882800000,441.49,441.68,438.55,438.96,66.6227549
qn,1450886400000,438.93,438.93,438.16,438.16,13.6
qn,1450890000000,441.51,441.79,441.1,441.79,12.00359662
qn,1450893600000,442.0,443.23,442.0,443.18,148.5113966
qn,1450897200000,443.98,444.64,442.7,443.36,133.6048
qn,1450900800000,444.26,444.26,444.26,444.26,8.0
qn,1450904400000,444.61,445.21,444.6,445.0,4.01552808
qn,1450908000000,445.4,445.76,441.6,442.29,211.99646852
qn,1450911600000,442.85,443.4,440.8,442.63,70.0018
qn,1450915200000,442.91,444.64,442.63,444.3,74.0
qn,1450918800000,445.54,445.8,445.36,445.37,120.0
qn,1450922400000,448.68,453.11,448.67,452.56,116.08899372
qn,1450926000000,452.5,455.87,452.49,455.68,1.02
qn,1450929600000,454.84,454.84,451.08,452.56,191.71799402
qn,1450933200000,454.12,456.25,453.9,454.33,265.8684946
qn,1450936800000,455.79,457.56,455.79,457.53,20.01
qn,1450940400000,457.27,457.39,455.0,455.41,94.6286
qn,1450947600000,456.11,457.02,456.11,456.37,12.37208448
qn,1450954800000,457.18,457.18,456.01,456.01,20.1
qn,1450958400000,455.1,455.17,453.34,454.82,86.83990042
qn,1450962000000,453.88,455.06,453.74,455.06,6.0012
qn,1450965600000,456.48,456.49,454.67,455.6,8.0008
qn,1450969200000,456.44,456.45,454.56,454.59,18.0042
qn,1450972800000,457.0,458.32,456.57,457.26,100.0
qn,1450976400000,456.02,456.43,455.31,455.31,171.3764
qn,1450980000000,455.1,455.31,453.35,453.87,110.53341756
qn,1450983600000,453.69,454.99,453.37,454.4,48.09698244
qn,1450998000000,455.95,456.22,455.94,456.22,13.65
qn,1451001600000,458.45,458.46,458.45,458.45,4.0
qn,1451005200000,458.88,458.88,458.87,458.87,2.48
qn,1451008800000,458.86,458.86,458.86,458.86,14.0
qn,1451012400000,457.37,457.74,457.37,457.74,4.02
qn,1451016000000,457.6,459.37,457.6,458.98,24.0042
qn,1451019600000,458.79,459.44,458.64,458.64,24.0024
qn,1451026800000,459.0,459.01,457.5,457.5,16.0
qn,1451030400000,457.5,457.5,451.36,452.89,44.02
qn,1451041200000,452.01,452.01,452.01,452.01,1.99288
qn,1451044800000,451.51,452.0,451.01,451.51,80.0032
qn,1451055600000,453.73,453.99,453.7,453.96,29.04319652
qn,1451066400000,455.0,455.0,454.58,454.59,40.2521404
qn,1451070000000,454.95,455.0,454.95,455.0,17.4529667
qn,1451077200000,455.04,456.2,455.04,456.2,10.0
qn,1451080800000,456.23,456.23,456.01,456.01,2.4
qn,1451088000000,458.46,458.46,457.67,457.67,35.4211
qn,1451091600000,455.5,455.5,455.04,455.04,1.0523
qn,1451095200000,453.69,454.01,452.53,453.11,30.2015
qn,1451098800000,451.97,452.66,445.63,445.63,84.7117414
qn,1451102400000,448.2,448.68,442.88,443.08,103.8122
qn,1451106000000,444.77,444.77,437.23,441.1,211.57108752
qn,1451109600000,440.59,442.1,438.82,439.96,193.10859002
qn,1451113200000,441.99,441.99,441.15,441.75,24.0272
qn,1451116800000,439.69,440.41,435.76,435.79,173.2124591
qn,1451120400000,436.3,436.4,426.24,426.24,623.02125406
qn,1451124000000,426.15,432.8,419.57,421.12,670.56889366
qn,1451127600000,421.13,427.88,421.13,422.69,521.4460823
qn,1451131200000,420.61,426.11,415.5,426.11,262.01862892
qn,1451134800000,426.67,428.0,419.0,419.95,106.11778312
qn,1451142000000,422.0,422.09,421.99,421.99,10.00065208
qn,1451145600000,421.01,421.67,411.31,412.42,319.02511382
qn,1451149200000,413.21,416.93,405.44,416.93,546.48594982
qn,1451152800000,413.29,416.66,412.97,416.57,16.0
qn,1451156400000,423.06,423.22,418.85,423.22,67.5854329
qn,1451160000000,421.94,421.98,419.31,419.31,25.0004
qn,1451163600000,418.99,418.99,409.97,409.97,12.0
qn,1451167200000,416.31,418.45,415.0,415.99,102.01367348
qn,1451170800000,416.0,417.98,415.98,417.97,34.0031974
qn,1451174400000,415.14,416.74,407.5,407.9,27.34872
qn,1451178000000,413.22,414.5,413.22,414.5,8.735
qn,1451181600000,412.68,421.37,411.02,421.37,5.0
qn,1451185200000,420.24,420.24,418.5,419.59,24.29086098
qn,1451188800000,419.19,419.3,414.89,415.09,170.0201745
qn,1451192400000,413.84,416.48,413.52,416.0,48.0114961
qn,1451196000000,416.33,421.64,415.63,421.49,64.00463778
qn,1451199600000,418.73,419.71,418.5,419.71,24.0
qn,1451203200000,417.58,417.58,417.52,417.52,1.02
qn,1451210400000,418.67,422.3,418.67,422.3,5.4
qn,1451214000000,422.84,424.74,421.86,424.37,84.60960002
qn,1451217600000,422.48,422.48,419.08,419.08,3.6
qn,1451221200000,418.7,419.1,416.78,418.42,77.01904098
qn,1451224800000,418.49,420.71,417.59,420.71,118.0004
qn,1451228400000,419.75,419.75,418.52,419.56,30.606
qn,1451232000000,416.79,419.56,416.17,419.28,122.02745966
qn,1451235600000,419.15,419.15,417.45,418.05,22.035
qn,1451239200000,417.83,417.83,417.26,417.66,20.0
qn,1451242800000,419.62,419.62,419.59,419.59,7.6
qn,1451246400000,422.0,422.8,420.61,422.51,80.00599976
qn,1451250000000,421.79,422.98,420.82,422.98,86.00480002
qn,1451253600000,420.87,424.5,420.82,424.5,112.0048
qn,1451257200000,421.72,421.72,421.25,421.25,12.0
qn,1451260800000,425.51,425.51,425.51,425.51,0.943
qn,1451264400000,427.49,427.49,425.51,425.72,6.137
qn,1451268000000,427.81,427.81,427.81,427.81,0.02
qn,1451271600000,426.2,427.9,426.11,427.44,46.08
qn,1451275200000,426.4,427.0,424.07,427.0,129.02721186
qn,1451278800000,427.0,428.44,426.91,426.91,63.21287866
qn,1451286000000,428.73,428.79,428.71,428.79,4.002
qn,1451289600000,428.62,428.79,426.6,426.6,6.601
qn,1451293200000,420.94,424.18,420.17,423.45,28.035962
qn,1451296800000,424.16,424.39,424.0,424.08,19.09236478
qn,1451300400000,424.52,424.52,424.52,424.52,0.08
qn,1451304000000,424.4,424.4,423.3,423.3,1.1
qn,1451307600000,423.55,423.55,423.55,423.55,0.36
qn,1451311200000,425.5,425.54,425.4,425.5,54.0
qn,1451314800000,424.99,424.99,423.02,423.71,45.40402102
qn,1451318400000,422.45,424.32,421.6,421.6,141.48880182
qn,1451322000000,421.93,422.56,421.93,422.39,14.02
qn,1451329200000,421.73,421.82,417.26,419.53,382.65059204
qn,1451332800000,419.25,419.28,417.5,417.5,20.042
qn,1451340000000,417.5,420.78,417.5,420.78,22.08
qn,1451343600000,419.74,420.28,419.65,420.28,100.1
qn,1451347200000,421.49,422.0,421.46,422.0,108.4
qn,1451350800000,422.95,422.95,422.95,422.95,0.04
qn,1451358000000,422.02,422.56,422.02,422.56,0.2
qn,1451368800000,420.05,421.75,419.31,421.75,56.00717054
qn,1451372400000,421.75,422.58,421.75,422.58,3.27528998
qn,1451376000000,420.03,420.25,418.5,419.33,4.7
qn,1451383200000,421.9,421.96,421.58,421.58,4.7
qn,1451401200000,424.34,431.34,424.25,428.6,48.747
qn,1451404800000,427.99,428.49,427.99,428.49,52.0
qn,1451408400000,428.49,430.0,428.49,430.0,50.42569564
qn,1451412000000,431.55,432.19,428.98,428.98,144.0
qn,1451419200000,428.5,428.55,427.49,427.5,122.0122841
qn,1451422800000,428.95,428.95,428.95,428.95,2.0
qn,1451426400000,429.18,429.18,428.58,428.67,23.0
qn,1451430000000,429.91,431.82,429.82,431.82,68.20515466
qn,1451440800000,431.99,431.99,429.82,431.62,2.8552
qn,1451444400000,430.2,430.2,430.2,430.2,0.1
qn,1451451600000,430.5,430.5,428.91,429.67,100.0
qn,1451466000000,430.77,430.77,430.77,430.77,0.02
qn,1451469600000,431.2,431.2,430.68,430.68,0.1
qn,1451473200000,430.05,430.05,430.05,430.05,0.02
qn,1451476800000,424.25,424.25,422.52,423.34,170.08434072
qn,1451480400000,422.98,423.25,420.0,421.12,324.64060006
qn,1451484000000,420.47,423.0,420.01,422.99,92.11263952
qn,1451487600000,422.94,424.0,422.94,423.69,64.01270202
qn,1451491200000,423.16,424.38,421.88,424.36,60.00257478
qn,1451498400000,425.26,426.28,424.91,426.28,120.0072
qn,1451502000000,425.17,426.31,424.62,424.62,27.3151
qn,1451512800000,426.36,426.49,425.67,425.67,10.7684
qn,1451516400000,425.65,425.65,425.0,425.11,50.0518
qn,1451520000000,422.89,422.89,422.89,422.89,0.6
qn,1451523600000,421.6,423.5,421.6,423.49,60.2
qn,1451527200000,423.11,423.6,423.0,423.57,22.57999872
qn,1451538000000,420.31,423.55,415.1,415.1,45.43893856
qn,1451541600000,416.08,418.78,415.1,417.89,15.001
qn,1451545200000,417.66,420.49,417.66,419.31,18.3757
qn,1451552400000,419.84,421.9,419.84,421.9,12.373
qn,1451577600000,428.5,431.43,428.5,430.1,56.1048
qn,1451581200000,430.47,430.49,428.21,428.45,145.95059998
qn,1451592000000,431.0,431.0,430.62,430.63,14.4
qn,1451595600000,430.85,430.87,430.85,430.87,6.0
qn,1451599200000,430.11,430.24,428.76,428.76,20.78174824
