1577901600000,1.0,7205.3,7205.3,7205.3,7205.3,0.00001,7205.3
1577934000000,2.0,7115.6,7115.6,7114.2,7114.2,0.00002,7114.9
1577952000000,1.0,7066.3,7066.3,7066.3,7066.3,0.00001,7066.3
1577966400000,1.0,7105.6,7105.6,7105.6,7105.6,0.00001,7105.6
1577970000000,2.0,7108.0,7151.1,7108.0,7151.1,0.02014537,7151.0786055058805075310108476538281500910631078009
1577988000000,1.0,7000.77,7000.77,7000.77,7000.77,0.00078,7000.77
1578009600000,1.0,6916.1,6916.1,6916.1,6916.1,0.00115,6916.1
1578013200000,1.0,6897.9,6897.9,6897.9,6897.9,0.00001,6897.9
1578024000000,2.0,6967.5,6993.1,6967.5,6993.1,0.01069013,6983.5738026572174519860843600592322076532277904946
1578027600000,1.0,7229.5,7229.5,7229.5,7229.5,0.2673386,7229.5
1578042000000,3.0,7190.7,7318.0,7190.7,7318.0,0.01285673,7308.6137095513400374745366823445775092111291129237
1578045600000,2.0,7359.1,7359.1,7359.1,7359.1,0.18942,7359.1
1578070800000,1.0,7331.4,7331.4,7331.4,7331.4,0.00001,7331.4
1578074400000,1.0,7323.0,7323.0,7323.0,7323.0,0.00001,7323.0
1578092400000,1.0,7282.9,7282.9,7282.9,7282.9,0.00001,7282.9
1578106800000,1.0,7297.7,7297.7,7297.7,7297.7,0.00001,7297.7
1578114000000,2.0,7306.9,7306.9,7306.8,7306.8,0.00002,7306.85
1578121200000,1.0,7324.4,7324.4,7324.4,7324.4,0.00001,7324.4
1578146400000,1.0,7273.8,7273.8,7273.8,7273.8,0.00001,7273.8
1578157200000,1.0,7274.9,7274.9,7274.9,7274.9,0.00001,7274.9
1578164400000,1.0,7266.0,7266.0,7266.0,7266.0,0.00001,7266.0
1578175200000,1.0,7318.8,7318.8,7318.8,7318.8,0.00001,7318.8
1578182400000,3.0,7311.9,7389.8,7311.9,7389.8,0.00634872,7389.5545962020690784914124421930719893143814816215
1578186000000,2.0,7352.0,7352.0,7350.3,7350.3,0.00109,7351.9844036697247706422018348623853211009174311927
1578193200000,2.0,7420.8,7420.8,7420.8,7420.8,0.00002,7420.8
1578207600000,1.0,7430.6,7430.6,7430.6,7430.6,0.00001,7430.6
1578211200000,2.0,7478.5,7478.5,7478.5,7478.5,0.08607873,7478.5
1578218400000,1.0,7403.6,7403.6,7403.6,7403.6,0.00218,7403.6
1578225600000,1.0,7405.5,7405.5,7405.5,7405.5,0.00001,7405.5
1578232800000,1.0,7415.2,7415.2,7415.2,7415.2,0.00001,7415.2
1578243600000,1.0,7436.1,7436.1,7436.1,7436.1,0.00001,7436.1
1578258000000,1.0,7376.2,7376.2,7376.2,7376.2,0.00001,7376.2
1578294000000,1.0,7490.4,7490.4,7490.4,7490.4,0.00001,7490.4
1578301200000,1.0,7501.1,7501.1,7501.1,7501.1,0.00001,7501.1
1578304800000,1.0,7503.2,7503.2,7503.2,7503.2,0.00001,7503.2
1578308400000,1.0,7520.3,7520.3,7520.3,7520.3,0.00001,7520.3
1578312000000,1.0,7516.6,7516.6,7516.6,7516.6,0.00001,7516.6
1578315600000,1.0,7570.0,7570.0,7570.0,7570.0,0.0150317,7570.0
1578322800000,3.0,7517.8,7517.8,7507.4,7507.4,0.00003,7510.8666666666666666666666666666666666666666666667
1578326400000,3.0,7496.1,7496.1,7496.1,7496.1,0.00003,7496.1
1578351600000,14.0,7600.0,7701.4,7600.0,7701.4,0.20157,7644.4086173537728828694746242000297663342759339187
1578355200000,7.0,7698.8,8004.0,7694.6,7991.0,0.69648562,7867.6840989739314359426401366334024240155884338287
1578358800000,1.0,7873.2,7873.2,7873.2,7873.2,0.01053,7873.2
1578362400000,2.0,7954.2,7954.2,7954.2,7954.2,0.06233813,7954.2
1578394800000,1.0,7869.2,7869.2,7869.2,7869.2,0.03966,7869.2
1578412800000,2.0,7749.9,7749.9,7749.9,7749.9,0.10793,7749.9
1578423600000,4.0,8018.5,8018.5,8015.0,8015.0,0.00004,8015.875
1578427200000,28.0,8039.9,8062.4,8039.9,8062.3,0.00028,8058.3071428571428571428571428571428571428571428571
1578430800000,28.0,8068.4,8068.4,7999.0,8001.2,0.00028,8040.475
1578434400000,30.0,8004.5,8004.5,7939.1,7995.0,0.0003,7990.8833333333333333333333333333333333333333333333
1578438000000,4.0,7995.0,8029.3,7995.0,8029.3,0.00004,8020.725
1578441600000,15.0,8058.5,8143.7,8058.5,8138.7,0.00015,8120.7
1578445200000,3.0,8308.6,8308.6,8308.4,8308.4,0.00003,8308.4666666666666666666666666666666666666666666667
1578448800000,20.0,8363.0,8363.0,8268.4,8268.4,0.0002,8315.85
1578452400000,29.0,8262.0,8268.4,8233.5,8253.8,0.00029,8252.7448275862068965517241379310344827586206896552
1578456000000,19.0,8250.1,8283.2,8250.1,8283.2,0.00019,8261.4894736842105263157894736842105263157894736842
1578459600000,4.0,8284.9,8284.9,8283.6,8283.6,0.00311,8284.8958199356913183279742765273311897106109324759
1578463200000,4.0,8295.4,8295.4,8294.9,8294.9,0.00004,8295.15
1578466800000,16.0,8303.7,8303.7,8268.1,8285.0,0.00016,8281.80625
1578470400000,19.0,8283.3,8283.3,8258.5,8281.2,0.00019,8269.4789473684210526315789473684210526315789473684
1578474000000,18.0,8283.7,8283.7,8273.0,8276.5,0.00018,8276.7111111111111111111111111111111111111111111111
1578477600000,3.0,8270.9,8276.5,8270.9,8276.5,0.00003,8274.1333333333333333333333333333333333333333333333
1578481200000,3.0,8319.0,8319.0,8317.7,8317.7,0.00003,8318.5666666666666666666666666666666666666666666667
1578484800000,31.0,8320.0,8320.0,8260.4,8260.4,0.00031,8297.7709677419354838709677419354838709677419354839
1578488400000,5.0,8253.5,8253.5,8228.5,8228.5,0.00005,8244.54
1578495600000,1.0,8332.4,8332.4,8332.4,8332.4,0.0062599,8332.4
1578502800000,2.0,8066.8,8132.3,8066.8,8132.3,0.35368678,8072.9811162124860872662529258232382901051602776898
1578520800000,2.0,8044.9,8044.9,8044.9,8044.9,0.00186468,8044.9
1578549600000,17.0,7915.0,7919.5,7905.5,7919.5,31.03,7914.1073219465033838221076377699000966806316467934
1578553200000,7.0,7913.32,7913.33,7913.32,7913.32,15.00095094,7913.3200006339198120195972056155527964149184798281
1578556800000,2.0,7913.33,7914.9,7913.33,7914.9,0.05828906,7914.6562660265922970794176471536854428601181765498
1578564000000,1.0,7854.9,7854.9,7854.9,7854.9,0.02679,7854.9
1578567600000,11.0,7860.0,7860.0,7860.0,7860.0,27.0001,7860.0
1578571200000,11.0,7860.0,7880.0,7860.0,7880.0,27.01,7876.2902665679378008145131432802665679378008145131
1578574800000,22.0,7880.01,7940.01,7880.01,7937.54,54.03,7937.5145345178604478993151952618915417360725522858
1578578400000,3.0,7874.4,7874.4,7874.4,7874.4,0.17825,7874.4
1578582000000,17.0,7868.4,7870.0,7868.4,7868.9,0.00017,7869.1823529411764705882352941176470588235294117647
1578585600000,15.0,7880.7,7880.7,7794.5,7804.6,0.00015,7825.4666666666666666666666666666666666666666666667
1578589200000,6.0,7804.4,7804.4,7782.7,7785.3,0.00006,7789.0333333333333333333333333333333333333333333333
1578603600000,1.0,7855.7,7855.7,7855.7,7855.7,0.00001,7855.7
1578610800000,1.0,7844.3,7844.3,7844.3,7844.3,0.00001,7844.3
1578614400000,1.0,7801.7,7801.7,7801.7,7801.7,0.01993,7801.7
1578618000000,1.0,7856.5,7856.5,7856.5,7856.5,0.01448355,7856.5
1578625200000,1.0,7815.9,7815.9,7815.9,7815.9,0.00001,7815.9
1578632400000,21.0,7770.0,7770.0,7770.0,7770.0,46.00029,7770.0
1578636000000,14.0,7765.0,7765.0,7735.0,7735.01,34.02,7747.9365138154027042915931804820693709582598471487
1578639600000,23.0,7725.49,7740.11,7715.0,7715.01,62.04,7726.4930609284332688588007736943907156673114119923
1578643200000,37.0,7729.0,7754.7,7700.0,7754.7,74.06729729,7712.747863042256283738093989253485828117760390876
1578646800000,22.0,7690.0,7752.0,7690.0,7725.0,40.10299372,7713.8168231855384785472818810794756796027047329373
1578650400000,1.0,7725.01,7725.01,7725.01,7725.01,0.01,7725.01
1578654000000,9.0,7768.0,7810.0,7768.0,7810.0,20.011,7788.9905601918944580480735595422517615311578631753
1578657600000,2.0,7810.01,7810.01,7810.01,7810.01,0.01,7810.01
1578661200000,1.0,7875.01,7875.01,7875.01,7875.01,0.01,7875.01
1578668400000,7.0,7955.1,7958.1,7955.1,7958.1,0.00007,7956.3857142857142857142857142857142857142857142857
1578672000000,13.0,7958.1,7958.1,7924.1,7924.1,0.00013,7949.8615384615384615384615384615384615384615384615
1578675600000,11.0,7924.1,7924.1,7901.2,7916.6,0.00011,7911.1
1578679200000,26.0,7949.1,7949.1,7944.1,7944.1,0.00026,7946.4076923076923076923076923076923076923076923077
1578682800000,7.0,8001.5,8001.5,7979.0,7992.3,0.00007,7989.9285714285714285714285714285714285714285714286
1578690000000,96.0,8054.7,8108.2,8054.5,8054.5,0.05466599,8107.269018964076201674935366578013130284478521289
1578697200000,1.0,8054.7,8054.7,8054.7,8054.7,0.00001,8054.7
1578733200000,1.0,8106.7,8106.7,8106.7,8106.7,0.05908,8106.7
1578740400000,1.0,8095.5,8095.5,8095.5,8095.5,0.00580569,8095.5
1578754800000,1.0,8082.4,8082.4,8082.4,8082.4,0.00579407,8082.4
1578762000000,2.0,8125.9,8143.7,8125.9,8143.7,0.03254636,8126.0252975755199659808347231456912539528229885001
1578769200000,1.0,8187.6,8187.6,8187.6,8187.6,0.00573,8187.6
1578805200000,1.0,8104.6,8104.6,8104.6,8104.6,0.0591,8104.6
1578873600000,2.0,8187.6,8194.9,8187.6,8194.9,0.27116621,8192.2079241694604943587919748555692097477779403267
1578895200000,3.0,8095.0,8095.0,8095.0,8095.0,4.0,8095.0
1578902400000,9.0,8060.0,8060.01,8060.0,8060.01,16.01,8060.0000062460961898813241723922548407245471580262
1578906000000,13.0,8095.01,8112.01,8078.2,8110.01,20.04684,8111.4834943562177380574694066496265745623749179422
1578909600000,8.0,8095.0,8100.0,8095.0,8100.0,20.01,8097.4987556221889055472263868065967016491754122939
1578913200000,7.0,8100.0,8100.0,8100.0,8100.0,22.0,8100.0
1578916800000,30.0,8100.01,8100.01,8070.0,8073.01,60.06,8072.2678737928737928737928737928737928737928737929
1578938400000,1.0,8071.1,8071.1,8071.1,8071.1,0.29829,8071.1
1578963600000,29.0,8257.5,8386.7,8257.5,8386.7,0.3078009,8377.8586582852746694372888448344368063901047722732
1578978000000,2.0,8499.0,8500.0,8499.0,8500.0,0.022,8499.2272727272727272727272727272727272727272727273
1578981600000,20.0,8480.0,8500.01,8480.0,8485.0,44.04736,8490.7763007817040567243984656515169127048703940486
1578985200000,14.0,8485.01,8540.0,8485.01,8521.01,32.03,8525.6069403684046206681236340930377770839837652201
1578988800000,33.0,8500.0,8533.01,8500.0,8505.0,62.05,8509.0557695406929895245769540692989524576954069299
1578992400000,1.0,8505.01,8505.01,8505.01,8505.01,0.00001939,8505.01
1578996000000,6.0,8505.01,8515.0,8485.0,8515.0,13.67578,8493.0341888945274053838245423661392622578017487851
1578999600000,17.0,8515.0,8515.01,8505.0,8515.01,36.3742,8509.4988563322354855914356879326555635587861726169
1579003200000,61.0,8505.0,8547.61,8475.93,8489.61,61.47478586,8501.9242550534766515085832297358733735652576700167
1579006800000,290.0,8486.38,8583.06,8476.48,8544.45,45.52712087,8519.8815642544935655624734874652309635498371456758
1579010400000,289.0,8546.52,8748.14,8512.23,8698.45,52.66522625,8615.0814014883416550403597668015334881429470741142
1579014000000,264.0,8602.84,8723.71,8557.09,8715.96,44.93662727,8641.8022681589917195403258843640403010601823477706
1579017600000,261.0,8728.25,8729.32,8543.56,8691.42,41.51949259,8644.4738107998250948759968937761047912652248527876
1579021200000,259.0,8716.25,8723.29,8540.72,8648.89,45.47361836,8626.2375092160227207395686117114169315467686042303
1579024800000,285.0,8657.84,8724.81,8657.6,8694.35,47.59080223,8692.2056697100648979751396806827897845251347005923
1579028400000,17.0,8725.32,8801.8,8721.82,8801.8,1.15532468,8726.6931680831054349154905961153707891014671304347
1579032000000,9.0,8748.78,8798.18,8720.47,8769.06,0.06224484,8758.9094933475610187125551290677267384734220539405
1579035600000,4.0,8725.65,8765.71,8725.65,8738.45,0.01257065,8743.2064382271402035694256064722190181096442904703
1579039200000,8.0,8734.45,8774.6,8724.29,8747.14,0.04892154,8739.4531875877169851971135822788898305327264840804
1579042800000,11.0,8776.3,8861.24,8747.08,8807.16,0.05552623,8761.3952795984888583287574178906077361996303368696
1579046400000,4.0,8759.28,8863.79,8759.28,8783.53,0.01470697,8834.6735864899432038006469041549686985150578263232
1579050000000,16.0,8767.3,8875.09,8732.8,8751.37,0.16186271,8760.8349773076207608287294831527286303312232941114
1579053600000,15.0,8770.36,8811.75,8738.38,8761.74,0.07096398,8781.0104293812156533497698409812978358880096634941
1579057200000,8.0,8807.83,8807.83,8739.32,8754.28,0.05285118,8764.6710002595968528990270415911243608941181634923
1579060800000,12.0,8740.42,8740.42,8713.49,8713.68,0.06930124,8722.8923969513388216430182201646031153266521637997
1579064400000,301.0,8711.45,8711.45,8560.87,8635.97,49.5815383,8627.0039967105498217266889438160090325394361554127
1579068000000,280.0,8605.55,8633.79,8553.35,8561.79,46.17693403,8584.9144984097897241879746341400830331393918228919
1579071600000,266.0,8584.81,8589.71,8553.28,8579.16,43.94137717,8570.9316302037763373996682589636732589462443559549
1579075200000,281.0,8561.09,8590.06,8560.01,8563.22,44.95919271,8575.9407611636494618010235175328173725119362802722
1579078800000,292.0,8585.14,8589.79,8559.32,8571.0,49.7427546,8574.4493860196194281528590698513507734048970420307
1579082400000,291.0,8585.64,8770.51,8582.9,8730.61,45.14840939,8617.4742096848364739256653577535923907329484769696
1579086000000,266.0,8750.68,8800.74,8637.7,8703.39,44.20107452,8716.8443624000568753594182985938867623709524245294
1579089600000,269.0,8654.47,8809.82,8653.96,8744.19,42.52068791,8720.7128771658130024830071005311729445159863125084
1579093200000,282.0,8746.87,8809.42,8658.84,8775.27,48.311436,8731.4046807327171976423967194848027286955411551004
1579096800000,279.0,8673.78,8814.07,8672.6,8807.61,46.38188277,8741.4551608463370707622527156846591288126788562447
1579100400000,92.0,8740.15,8812.12,8740.15,8752.71,14.35857306,8776.358024050580691895020381642296703263074805847
1579107600000,1.0,8797.8,8797.8,8797.8,8797.8,0.04735,8797.8
1579143600000,13.0,8599.99,8625.01,8599.99,8600.01,18.05596,8608.3213543007405864877857505222652243358979528089
1579147200000,8.0,8645.0,8660.01,8645.0,8660.01,14.02399,8645.0107102187038068338611194103817815044078040558
1579150800000,17.0,8645.0,8680.01,8645.0,8680.01,22.03,8657.7303812982296867907399001361779391738538356786
1579154400000,5.0,8647.6,8677.01,8647.5,8647.5,2.0503,8676.4205447983221967516948739208896259084036482466
1579158000000,1.0,8650.01,8650.01,8650.01,8650.01,0.01,8650.01
1579165200000,2.0,8610.0,8610.0,8610.0,8610.0,2.0,8610.0
1579168800000,2.0,8610.01,8610.01,8610.01,8610.01,0.02,8610.01
1579172400000,3.0,8625.0,8625.01,8625.0,8625.01,2.01,8625.0000497512437810945273631840796019900497512438
1579176000000,213.0,8736.78,8782.99,8626.42,8696.26,34.31642636,8711.8009003233604770960189224085628244886977211458
1579179600000,268.0,8714.3,8776.14,8654.93,8657.6,44.05925074,8715.9479223627895947283646430887989267699471550296
1579183200000,270.0,8725.31,8765.62,8619.61,8657.88,41.71489769,8704.6606673516259557677462447109743828308547866416
1579186800000,270.0,8682.65,8709.95,8644.36,8644.36,47.1189234,8671.9680304282143254571898813800147224925771542565
1579190400000,290.0,8709.12,8715.9,8598.45,8676.33,46.31032698,8673.9953006587948734021225431649932176747502636614
1579194000000,189.0,8622.58,8687.14,8614.93,8653.5,25.06543249,8645.6690525165799762348325632262010891797702230671
1579197600000,174.0,8651.02,8686.71,8613.63,8663.6,20.3621713,8651.9211163382905044119730001485647063582065042346
1579201200000,199.0,8644.17,8687.01,8630.51,8634.18,22.96456857,8658.7074305213433408733966039406417640355435599633
1579204800000,180.0,8680.97,8687.98,8655.6,8661.32,19.41373667,8671.7326842471537448746079030853569314433273396203
1579208400000,181.0,8687.64,8688.3,8652.47,8672.58,21.19293418,8674.2226812786241569877795940005132408711137704293
1579212000000,186.0,8683.11,8688.47,8659.93,8679.18,19.28890486,8674.6373611787102774895432814115710247740835194311
1579215600000,214.0,8683.43,8736.34,8676.02,8702.65,28.83690925,8700.029922692540290183837922921645980489396588159
1579219200000,217.0,8719.65,8743.07,8644.4,8686.71,32.15442956,8705.4493327220077108405713542380131093826190707891
1579222800000,123.0,8708.53,8718.66,8643.52,8687.0,9.782568,8681.3038132516635713649013224339457696588462252447
1579226400000,117.0,8681.0,8776.8,8664.14,8758.42,9.32164632,8714.2618952850702020627618062213714197214897121306
1579230000000,58.0,8773.73,8811.55,8715.03,8716.4,4.61334116,8751.2843549787893856954641524928973603157499845513
1579233600000,4.0,8815.72,8815.72,8808.16,8808.16,0.09773068,8809.9724604822150014713905602621408139184133375517
1579237200000,3.0,8784.06,8784.32,8784.06,8784.32,0.13241,8784.1204504372781511970394985273015633260327769806
1579240800000,13.0,8784.32,8808.52,8784.32,8808.52,0.1453281,8790.6962626395033032152763299045401405509326826677
1579244400000,2.0,9005.0,9005.0,8900.0,8900.0,1.01,9003.9603960396039603960396039603960396039603960396
1579258800000,2.0,8890.0,8890.0,8890.0,8890.0,2.00399,8890.0
1579262400000,6.0,8890.01,8890.01,8815.08,8815.24,2.01757802,8833.2154555946242911587627228413204065337706246423
1579266000000,2.0,8815.31,8815.37,8815.31,8815.37,0.00186761,8815.3498360471404629446190585828947157061699177023
1579269600000,1.0,8815.4,8815.4,8815.4,8815.4,0.01111428,8815.4
1579273200000,3.0,8815.27,8830.8,8815.27,8830.8,0.03153674,8829.4596583794012951243533732402271128848447873813
1579276800000,1.0,8886.4,8886.4,8886.4,8886.4,0.02732,8886.4
1579280400000,1.0,8897.8,8897.8,8897.8,8897.8,0.05698,8897.8
1579298400000,1.0,8880.1,8880.1,8880.1,8880.1,0.1,8880.1
1579330800000,1.0,8881.6,8881.6,8881.6,8881.6,0.0085,8881.6
1579348800000,2.0,8890.0,8900.7,8890.0,8900.7,0.05713139,8900.5333140502970433591761026644021789072522128378
1579366800000,1.0,8906.3,8906.3,8906.3,8906.3,0.04598964,8906.3
1579399200000,1.0,9000.0,9000.0,9000.0,9000.0,0.1,9000.0
1579402800000,2.0,9196.9,9196.9,9121.7,9121.7,0.01616,9177.0297029702970297029702970297029702970297029703
1579413600000,1.0,9146.4,9146.4,9146.4,9146.4,0.00512005,9146.4
1579420800000,1.0,9110.4,9110.4,9110.4,9110.4,0.1105238,9110.4
1579435200000,13.0,8815.64,8815.9,8714.48,8815.9,0.68461757,8757.9658563707326412905237006990632741137508346448
1579438800000,6.0,8642.73,8642.73,8626.0,8626.0,0.14945375,8642.6572383596932161287354783670533526258123332469
1579442400000,1.0,8652.7,8652.7,8652.7,8652.7,0.0296368,8652.7
1579449600000,1.0,8665.93,8665.93,8665.93,8665.93,0.00005031,8665.93
1579456800000,1.0,8661.84,8661.84,8661.84,8661.84,0.00058658,8661.84
1579464000000,1.0,8658.41,8658.41,8658.41,8658.41,0.00055756,8658.41
1579471200000,1.0,8702.43,8702.43,8702.43,8702.43,0.00009646,8702.43
1579474800000,1.0,8701.6,8701.6,8701.6,8701.6,0.74743495,8701.6
1579482000000,3.0,8639.13,8686.0,8639.13,8686.0,0.05759986,8685.6666342591804910636935575885080276236782519958
1579485600000,1.0,8644.11,8644.11,8644.11,8644.11,0.00059915,8644.11
1579489200000,1.0,8645.89,8645.89,8645.89,8645.89,0.00014049,8645.89
1579492800000,1.0,8645.61,8645.61,8645.61,8645.61,0.00021707,8645.61
1579496400000,6.0,8638.28,8655.0,8638.28,8655.0,5.00064646,8654.9978385172224312774152804235634766309794274079
1579500000000,3.0,8655.0,8655.01,8655.0,8655.01,5.01,8655.000019960079840319361277445109780439121756487
1579503600000,3.0,8637.57,8666.26,8637.57,8666.26,0.01042345,8650.0407774393315073224316325209023883646969093726
1579510800000,4.0,8650.0,8650.01,8650.0,8650.01,10.01,8650.00000999000999000999000999000999000999000999
1579518000000,18.0,8630.0,8630.01,8626.36,8626.36,25.02264209,8629.8800148123127312812074034664818242620677631248
1579521600000,11.0,8627.01,8663.9,8593.24,8601.89,0.45821007,8653.4691515070805842394515685785779435183517463944
1579525200000,2.0,8621.7,8621.7,8621.7,8621.7,0.00451582,8621.7
1579528800000,3.0,8593.24,8593.24,8593.24,8593.24,0.0001,8593.24
1579532400000,2.0,8631.31,8666.5,8631.31,8666.5,0.03062696,8665.8315304522551373038656138252049827994681809752
1579543200000,2.0,8635.52,8657.3,8635.52,8657.3,0.00567744,8656.2711598537368955021981738248224551910720324653
1579546800000,2.0,8672.6,8672.6,8663.52,8663.52,0.1316015,8672.5742099200996949122920331455188580677271915594
1579550400000,1.0,8676.5,8676.5,8676.5,8676.5,0.00017646,8676.5
1579554000000,1.0,8635.1,8635.1,8635.1,8635.1,0.00001,8635.1
1579561200000,3.0,8653.3,8654.2,8646.54,8646.54,0.02407373,8653.2291254491929584655140686549196987753871128404
1579575600000,1.0,8672.67,8672.67,8672.67,8672.67,0.00022501,8672.67
1579582800000,1.0,8687.2,8687.2,8687.2,8687.2,0.00814302,8687.2
1579586400000,13.0,8640.0,8640.01,8628.6,8628.6,31.02,8637.0836041263700838168923275306254029658284977434
1579590000000,3.0,8628.61,8629.6,8628.61,8629.6,0.03,8629.07
1579597200000,10.0,8635.66,8659.1,8600.5,8600.5,0.01209226,8657.279697889393711349243234928789159346557219246
1579600800000,11.0,8649.8,8649.8,8595.8,8595.8,0.006614,8646.2076201995766555790746900514061082552162080435
1579604400000,17.0,8595.89,8661.8,8593.24,8639.0,26.11345,8634.7934994610057269338214598224286718147161711685
1579608000000,8.0,8639.01,8639.01,8614.2,8614.2,6.00672,8638.9804332147994246443982739331948217995844653988
1579615200000,1.0,8639.01,8639.01,8639.01,8639.01,0.00802,8639.01
1579618800000,1.0,8638.28,8638.28,8638.28,8638.28,0.00023184,8638.28
1579622400000,4.0,8670.0,8670.0,8621.7,8636.22,0.00039073,8637.3691311135566759655004734727305300335269879456
1579626000000,3.0,8653.1,8654.3,8652.0,8654.3,0.31340649,8654.1768089454688701564540032339470698261545253897
1579633200000,5.0,8644.2,8644.2,8593.24,8593.24,0.07647187,8635.1361360850728509712133363549237124710040437091
1579640400000,1.0,8696.18,8696.18,8696.18,8696.18,0.00038422,8696.18
1579651200000,1.0,8711.22,8711.22,8711.22,8711.22,0.00006932,8711.22
1579658400000,1.0,8696.85,8696.85,8696.85,8696.85,0.00021123,8696.85
1579665600000,1.0,8705.03,8705.03,8705.03,8705.03,0.0001109,8705.03
1579672800000,1.0,8720.1,8720.1,8720.1,8720.1,0.00025723,8720.1
1579676400000,28.0,8733.0,8745.01,8708.0,8708.0,62.07,8723.2703496052843563718382471403254390204607700983
1579680000000,2.0,8699.53,8708.01,8699.53,8708.01,0.01035721,8707.7175331290955768976394221996078094390284642293
1579683600000,8.0,8680.14,8680.14,8619.2,8650.0,10.00639,8650.0002469921720020906640656620419551906331853945
1579687200000,19.0,8650.0,8650.01,8620.24,8650.0,40.02036852,8646.2478914435743431779873075491609690954440016736
1579690800000,6.0,8619.56,8650.01,8619.56,8633.0,10.01002407,8633.0169606484472719155009983907061674028522091256
1579694400000,19.0,8633.01,8656.48,8620.6,8656.48,48.02020028,8630.000731871466488602491934463043851344803262449
1579698000000,22.0,8645.0,8645.01,8619.2,8619.2,42.03002,8633.0977878192777448119225258517602418461851790696
1579701600000,2.0,8620.01,8625.01,8620.01,8625.01,0.02,8622.51
1579705200000,1.0,8656.3,8656.3,8656.3,8656.3,0.00010431,8656.3
1579726800000,1.0,8648.52,8648.52,8648.52,8648.52,0.00037441,8648.52
1579734000000,4.0,8664.0,8665.1,8635.0,8662.7,0.02711048,8662.6647424907268333131689295062278498942106521168
1579744800000,7.0,8641.3,8641.3,8589.6,8589.6,0.9928888,8627.3121130174899747081445575778475897804467126631
1579752000000,3.0,8585.67,8585.67,8585.63,8585.63,0.20605131,8585.6300038825280945799373952051069221544866664522
1579755600000,1.0,8585.0,8585.0,8585.0,8585.0,0.00545486,8585.0
1579759200000,11.0,8584.93,8584.93,8500.0,8500.01,10.30589842,8501.6919263346960099379671549295165670767401179178
1579762800000,4.0,8532.87,8579.0,8484.2,8484.2,0.32472271,8488.1357940062153336919367296485053355214977110779
1579766400000,2.0,8538.13,8538.13,8468.0,8468.0,0.0036402,8477.251257073787154551947695181583429481896599088
1579770000000,12.0,8435.01,8502.0,8435.0,8502.0,14.03595,8438.5823453346585019182883951567225588577901745162
1579773600000,10.0,8400.0,8430.0,8387.54,8430.0,4.05665868,8397.6252897830191619670600436120497078645029115439
1579780800000,1.0,8431.3,8431.3,8431.3,8431.3,0.01186,8431.3
1579788000000,1.0,8361.7,8361.7,8361.7,8361.7,0.00001,8361.7
1579791600000,5.0,8355.0,8375.5,8290.6,8375.5,0.00063996,8351.3100506281642602662666416651040690043127695481
1579802400000,1.0,8355.9,8355.9,8355.9,8355.9,0.00437,8355.9
1579827600000,1.0,8412.05,8412.05,8412.05,8412.05,0.00026849,8412.05
1579834800000,4.0,8290.23,8317.79,8272.0,8317.79,0.00007042,8306.6885259869355296790684464640727066174382277762
1579842000000,1.0,8278.97,8278.97,8278.97,8278.97,0.00047489,8278.97
1579845600000,1.0,8321.13,8321.13,8321.13,8321.13,0.00035419,8321.13
1579849200000,7.0,8300.0,8300.01,8300.0,8300.01,10.01,8300.00000999000999000999000999000999000999000999
1579852800000,2.0,8279.8,8279.8,8276.0,8276.0,0.00544372,8276.2469149772581984378329524663281726466460435144
1579856400000,2.0,8327.0,8327.0,8327.0,8327.0,0.24188,8327.0
1579860000000,9.0,8285.0,8285.01,8270.0,8270.01,18.03399,8279.4438418785859368891742759089918537162325142689
1579863600000,4.0,8370.0,8370.01,8370.0,8370.01,10.01,8370.00000999000999000999000999000999000999000999
1579870800000,2.0,8433.0,8433.0,8433.0,8433.0,0.16551643,8433.0
1579874400000,1.0,8405.28,8405.28,8405.28,8405.28,0.00003377,8405.28
1579881600000,1.0,8490.69,8490.69,8490.69,8490.69,0.0004023,8490.69
1579885200000,2.0,8484.7,8484.7,8461.69,8461.69,0.00072022,8476.9741964955152592263475049290494571103273999611
1579896000000,1.0,8521.2,8521.2,8521.2,8521.2,0.00001053,8521.2
1579910400000,4.0,8463.04,8463.04,8462.25,8462.25,0.00024,8462.7429166666666666666666666666666666666666666667
1579914000000,6.0,8399.04,8399.04,8279.0,8279.0,0.00246,8285.7115447154471544715447154471544715447154471545
1579946400000,1.0,8303.0,8303.0,8303.0,8303.0,0.00001,8303.0
1579957200000,2.0,8318.0,8318.5,8318.0,8318.5,0.00572,8318.298951048951048951048951048951048951048951049
1580000400000,2.0,8279.0,8279.0,8277.5,8277.5,0.01082,8278.3317929759704251386321626617375231053604436229
1580029200000,1.0,8368.0,8368.0,8368.0,8368.0,0.00001,8368.0
1580040000000,1.0,8409.84,8409.84,8409.84,8409.84,0.00001,8409.84
1580047200000,1.0,8434.23,8434.23,8434.23,8434.23,0.00007882,8434.23
1580058000000,3.0,8421.87,8451.68,8421.87,8451.68,0.00034798,8423.1022547272831771940916144606011839760905799184
1580061600000,1.0,8493.52,8493.52,8493.52,8493.52,0.00003,8493.52
1580068800000,1.0,8528.59,8528.59,8528.59,8528.59,0.00034313,8528.59
1580072400000,2.0,8535.99,8566.07,8535.99,8566.07,0.00036303,8565.2414183400820868798721868716084070187036884004
1580076000000,1.0,8564.26,8564.26,8564.26,8564.26,0.0000952,8564.26
1580090400000,1.0,8614.2,8614.2,8614.2,8614.2,0.00026553,8614.2
1580097600000,3.0,8631.7,8640.73,8631.7,8640.73,0.00103796,8638.6109400169563374311148791860958033064857990674
1580104800000,1.0,8624.69,8624.69,8624.69,8624.69,0.00025686,8624.69
1580112000000,1.0,8631.42,8631.42,8631.42,8631.42,0.00020342,8631.42
1580115600000,2.0,8641.0,8642.1,8641.0,8642.1,0.02245,8641.8060133630289532293986636971046770601336302895
1580119200000,6.0,8606.91,8620.01,8606.91,8620.01,10.01042854,8619.9994496151110829467046972196856619287149918559
1580126400000,10.0,8644.74,8715.01,8597.0,8715.01,16.04593,8686.1131926039811964778607410103372007730309181207
1580130000000,4.0,8720.0,8720.01,8715.0,8715.0,7.57186,8718.308315262036012287601725335650685564709331657
1580133600000,3.0,8715.0,8744.0,8715.0,8744.0,2.45241,8715.0505339645491577672575140372123747660464604206
1580140800000,2.0,8764.75,8764.75,8758.6,8758.6,0.00047269,8764.3167456472529564831073219234593496794939601007
1580151600000,5.0,8765.72,8847.0,8765.72,8845.7,1.16245646,8841.9963255666367065481317037887165253483988552999
1580162400000,1.0,8916.93,8916.93,8916.93,8916.93,0.00023285,8916.93
1580166000000,1.0,8922.56,8922.56,8922.56,8922.56,0.00047376,8922.56
1580173200000,1.0,9000.0,9000.0,9000.0,9000.0,0.02,9000.0
1580176800000,1.0,9095.09,9095.09,9095.09,9095.09,0.00018413,9095.09
1580187600000,2.0,8949.7,8949.7,8949.7,8949.7,0.00142,8949.7
1580191200000,4.0,9059.9,9059.9,9005.0,9005.0,6.00025176,9005.0023035073448318108572164311985469089716995475
1580194800000,2.0,9005.01,9005.01,8987.3,8987.3,0.01001,9004.9923076923076923076923076923076923076923076923
1580198400000,28.0,9035.0,9035.01,8960.0,8980.0,48.05036793,8994.6943492402369206998910903032496300804080024034
1580202000000,25.0,8980.0,8980.01,8960.0,8975.01,64.06,8974.2159007180768029971901342491414299094598813612
1580205600000,7.0,8960.0,8999.63,8943.1,8943.1,10.54999389,8952.0287283939554964045576333504397887381146151545
1580209200000,1.0,9005.42,9005.42,9005.42,9005.42,0.00018475,9005.42
1580216400000,2.0,9016.0,9030.66,9016.0,9030.66,0.00091457,9016.714429950687208196201493598084345648774834075
1580220000000,3.0,9037.5,9153.3,9037.5,9153.3,0.00602,9141.8451827242524916943521594684385382059800664452
1580223600000,2.0,9153.3,9153.3,9153.3,9153.3,0.00015061,9153.3
1580234400000,2.0,8938.25,9017.7,8938.25,9017.7,0.00028417,8970.3968170461343561952352465073723475384452968294
1580241600000,1.0,8972.0,8972.0,8972.0,8972.0,0.2,8972.0
1580245200000,2.0,9078.2,9083.98,9078.2,9083.98,0.03081828,9078.3093853842589528033362017607731515191633017806
1580248800000,1.0,9057.37,9057.37,9057.37,9057.37,0.00016716,9057.37
1580252400000,1.0,9170.39,9170.39,9170.39,9170.39,0.00020464,9170.39
1580256000000,1.0,9389.16,9389.16,9389.16,9389.16,0.00019732,9389.16
1580263200000,7.0,9315.0,9360.0,9313.8,9313.8,0.12179639,9316.1143543088592363041301963054898425150367757205
1580270400000,2.0,9338.48,9352.95,9338.48,9352.95,0.00096709,9344.2360402858058712219131621669131104654168691642
1580274000000,1.0,9320.84,9320.84,9320.84,9320.84,0.00018413,9320.84
1580281200000,4.0,9345.0,9350.0,9345.0,9350.0,10.01499,9347.498759359719780049705491468289034736929342915
1580284800000,2.0,9350.01,9350.01,9349.39,9349.39,0.01051936,9349.9793894685608249931554771392936452407751041888
1580288400000,5.0,9340.0,9340.01,9340.0,9340.01,2.01001,9340.0000497509962637001805961164372316555639026672
1580292000000,4.0,9375.29,9375.29,9275.01,9275.01,1.02049913,9289.8949247489314371096034153404912750881032108278
1580295600000,2.0,9233.01,9255.0,9233.01,9255.0,1.01,9254.7822772277227722772277227722772277227722772277
1580302800000,1.0,9255.01,9255.01,9255.01,9255.01,0.01,9255.01
1580306400000,3.0,9337.83,9337.83,9305.69,9305.69,0.00139949,9320.3081493258258365547449428005916440989217500661
1580324400000,1.0,9315.5,9315.5,9315.5,9315.5,0.03368,9315.5
1580342400000,1.0,9332.43,9332.43,9332.43,9332.43,0.00056642,9332.43
1580349600000,1.0,9223.4,9223.4,9223.4,9223.4,0.00106,9223.4
1580356800000,2.0,9314.57,9314.57,9305.11,9305.11,0.00069222,9306.5024466210164398601600647193088902372078241022
1580364000000,32.0,9332.0,9332.0,9288.0,9300.0,63.04838,9296.9706955515748382432665200913964799729985132053
1580367600000,3.0,9300.0,9300.01,9300.0,9300.01,5.01,9300.000019960079840319361277445109780439121756487
1580371200000,16.0,9360.0,9360.01,9330.0,9330.0,23.03,9333.067750759878419452887537993920972644376899696
1580374800000,12.0,9330.01,9330.01,9320.0,9320.01,32.02,9320.003129294191130543410368519675202998126171143
1580378400000,1.0,9306.0,9306.0,9306.0,9306.0,0.00495,9306.0
1580382000000,6.0,9355.0,9355.2,9300.0,9300.01,10.13247,9300.5584249447568065831924496198853783924354081483
1580385600000,1.0,9311.43,9311.43,9311.43,9311.43,0.00017031,9311.43
1580389200000,2.0,9360.98,9360.98,9355.34,9355.34,0.00075201,9359.7221917261738540710894801930825387960266485818
1580396400000,1.0,9361.8,9361.8,9361.8,9361.8,0.0003355,9361.8
1580403600000,1.0,9447.44,9447.44,9447.44,9447.44,0.00015677,9447.44
1580418000000,1.0,9533.18,9533.18,9533.18,9533.18,0.00044444,9533.18
1580425200000,1.0,9549.2,9549.2,9549.2,9549.2,0.00056711,9549.2
1580432400000,2.0,9456.11,9471.38,9456.11,9471.38,0.00017707,9467.7485565030778788049923758965380922798893093127
1580436000000,1.0,9441.52,9441.52,9441.52,9441.52,0.00023771,9441.52
1580446800000,2.0,9432.29,9432.29,9407.46,9407.46,0.00079241,9425.7626501432339319291780770055905402506278315518
1580450400000,8.0,9365.0,9365.01,9365.0,9365.01,16.01,9365.0000062460961898813241723922548407245471580262
1580454000000,20.0,9360.01,9360.01,9310.0,9310.0,53.02,9313.971146737080347038853262919652961146737080347
1580457600000,8.0,9310.01,9377.01,9310.01,9377.01,15.04,9358.3012234042553191489361702127659574468085106383
1580461200000,25.0,9360.0,9382.43,9350.0,9350.0,54.04021838,9357.6888564576411321304508762423694706024243124089
1580464800000,7.0,9350.01,9350.01,9330.01,9330.01,10.0414,9344.9830117314318720497141832812157667257553727568
1580468400000,1.0,9330.01,9330.01,9330.01,9330.01,0.0086,9330.01
1580475600000,1.0,9301.68,9301.68,9301.68,9301.68,0.00046207,9301.68
1580493600000,1.0,9304.4,9304.4,9304.4,9304.4,0.00028597,9304.4
1580497200000,1.0,9303.85,9303.85,9303.85,9303.85,0.00027275,9303.85
1580500800000,1.0,9326.02,9326.02,9326.02,9326.02,0.00014638,9326.02
1580504400000,1.0,9282.5,9282.5,9282.5,9282.5,0.1,9282.5
1580508000000,2.0,9299.99,9300.0,9299.99,9300.0,0.10075587,9299.9999249800532713379379285792480378562559183897
1580511600000,1.0,9389.29,9389.29,9389.29,9389.29,0.00061238,9389.29
1580518800000,2.0,9387.94,9410.74,9387.94,9410.74,0.00064398,9401.1035143948569831361222398211124569085996459517
1580522400000,1.0,9434.54,9434.54,9434.54,9434.54,0.00024347,9434.54
1580526000000,2.0,9438.4,9451.13,9438.4,9451.13,0.00057748,9450.2731476414767610999515134723280459929348202535
1580547600000,1.0,9406.93,9406.93,9406.93,9406.93,0.00016409,9406.93
1580551200000,1.0,9366.49,9366.49,9366.49,9366.49,0.00017349,9366.49
1580572800000,2.0,9400.79,9407.4,9400.79,9407.4,0.00637,9406.6289336420722135007849293563579277864992150706
1580576400000,1.0,9340.95,9340.95,9340.95,9340.95,0.00024457,9340.95
1580590800000,2.0,9335.87,9380.93,9335.87,9380.93,0.0008624,9360.8536382189239332096474953617810760667903525046
1580598000000,4.0,9349.6,9399.55,9337.26,9349.02,0.00073046,9350.5878654546450182077047340032308408400186184048
1580605200000,1.0,9394.85,9394.85,9394.85,9394.85,0.000453,9394.85
1580608800000,1.0,9336.53,9336.53,9336.53,9336.53,0.00008555,9336.53
1580612400000,4.0,9331.65,9331.65,9330.77,9330.77,0.00024,9331.3179166666666666666666666666666666666666666667
1580616000000,2.0,9281.24,9281.24,9244.27,9244.27,0.00052606,9250.5787801771661027259247994525339314907044823784
1580619600000,1.0,9287.96,9287.96,9287.96,9287.96,0.0000567,9287.96
1580626800000,4.0,9296.39,9301.4,9296.39,9301.4,0.00361671,9299.0271558405290996513405830160560288217744856513
1580630400000,1.0,9377.9,9377.9,9377.9,9377.9,0.00050559,9377.9
1580634000000,1.0,9355.88,9355.88,9355.88,9355.88,0.00011459,9355.88
1580641200000,4.0,9452.04,9459.0,9452.04,9454.45,0.00516166,9457.9268559339437312802470523048786630657579150893
1580644800000,2.0,9458.8,9458.8,9401.23,9401.23,0.01430473,9457.8231629398108178203992665363135130827355706819
1580655600000,6.0,9431.64,9478.6,9399.58,9429.62,0.00092167,9418.212182668417112415506634695715386201134896438
1580666400000,1.0,9427.83,9427.83,9427.83,9427.83,0.0003149,9427.83
1580677200000,3.0,9463.03,9463.03,9421.08,9455.29,0.00115053,9446.6107986753930797110896717165132591066725769863
1580680800000,1.0,9432.37,9432.37,9432.37,9432.37,0.00027218,9432.37
1580684400000,2.0,9366.4,9402.28,9366.4,9402.28,0.00069394,9398.3726714125140502060696890221056575496440614462
1580691600000,1.0,9364.53,9364.53,9364.53,9364.53,0.00033709,9364.53
1580695200000,2.0,9379.94,9396.2,9379.94,9396.2,0.00055642,9389.5694080011502102728154990834261888501491678948
1580702400000,2.0,9385.83,9385.83,9374.45,9374.45,0.00059882,9382.7017447647039177048194783073377642697304699242
1580713200000,11.0,9360.0,9360.01,9340.0,9340.01,16.05197,9352.1902010781231213365088521844982266974084800806
1580716800000,16.0,9326.0,9370.0,9326.0,9370.0,39.1285594,9369.9993484656631646909034938812493055903305246653
1580720400000,7.0,9370.01,9370.01,9340.0,9340.0,20.01,9340.0149975012493753123438280859570214892553723138
1580724000000,5.0,9340.01,9340.01,9300.0,9300.0,10.01998536,9302.5399415154434916260197010906610745786558714094
1580731200000,3.0,9300.0,9328.81,9300.0,9328.81,0.0111729,9301.0341859320319702136419371873014168210580959285
1580734800000,5.0,9325.0,9325.0,9272.6,9272.6,8.00343645,9324.9801493788958616645228687984397002365152783839
1580738400000,1.0,9324.24,9324.24,9324.24,9324.24,0.00062448,9324.24
1580742000000,1.0,9281.2,9281.2,9281.2,9281.2,0.00246,9281.2
1580749200000,1.0,9284.92,9284.92,9284.92,9284.92,0.00062045,9284.92
1580752800000,1.0,9292.64,9292.64,9292.64,9292.64,0.00056087,9292.64
1580756400000,1.0,9294.76,9294.76,9294.76,9294.76,0.00021333,9294.76
1580774400000,1.0,9284.58,9284.58,9284.58,9284.58,0.00051427,9284.58
1580778000000,2.0,9316.95,9316.95,9303.0,9303.0,0.00043815,9304.0704073947278329339267374186922286888052036974
1580781600000,1.0,9285.13,9285.13,9285.13,9285.13,0.00034657,9285.13
1580788800000,1.0,9292.83,9292.83,9292.83,9292.83,0.00009508,9292.83
1580796000000,1.0,9283.29,9283.29,9283.29,9283.29,0.00043348,9283.29
1580799600000,11.0,9275.0,9275.01,9268.0,9268.0,20.01,9273.2508795602198900549725137431284357821089455272
1580806800000,9.0,9267.95,9268.01,9243.6,9243.6,0.00023,9264.5134782608695652173913043478260869565217391304
1580810400000,3.0,9243.6,9243.6,9238.27,9238.27,0.00016,9238.93625
1580814000000,12.0,9244.5,9252.5,9140.1,9244.6,0.00836107,9242.5897822886305221700093409097161009296657006819
1580817600000,36.0,9223.5,9227.8,9095.01,9095.01,30.04410688,9152.3394924547978442020507151118216232360840276707
1580821200000,4.0,9095.01,9227.0,9095.01,9095.01,0.01002,9095.1417265469061876247504990019960079840319361277
1580824800000,22.0,9094.85,9157.0,9094.8,9157.0,0.00125,9096.7944
1580828400000,4.0,9157.0,9170.24,9147.0,9170.24,0.00060181,9169.2576301490503647330552832289260730130772170619
1580832000000,3.0,9202.0,9207.0,9202.0,9207.0,0.00003,9205.3333333333333333333333333333333333333333333333
1580835600000,16.0,9195.61,9220.5,9195.61,9220.5,0.00023882,9209.8194464450213549953940206012896742316388912151
1580839200000,20.0,9227.6,9227.6,9195.28,9215.9,0.00078452,9202.7671230816295314332330597052975067557232447866
1580842800000,6.0,9215.9,9218.4,9200.47,9200.47,0.00017232,9205.1502460538532961931290622098421541318477251625
1580846400000,13.0,9216.9,9217.2,9148.65,9148.65,0.00016771,9195.9805110011329079959453819092481068511120386381
1580850000000,13.0,9192.0,9193.2,9150.77,9191.0,0.00021157,9174.0606366687148461502103322777331379685210568606
1580853600000,25.0,9192.4,9193.0,9185.0,9192.0,0.00025,9191.196
1580857200000,17.0,9184.5,9203.4,9183.0,9192.3,0.00017,9188.4470588235294117647058823529411764705882352941
1580860800000,13.0,9192.3,9210.5,9191.0,9204.99,0.0001734,9197.6209111880046136101499423298731257208765859285
1580864400000,1.0,9215.35,9215.35,9215.35,9215.35,0.00054083,9215.35
1580868000000,8.0,9209.2,9210.7,9209.2,9210.7,0.00008,9209.7
1580871600000,19.0,9210.7,9215.0,9148.8,9213.0,0.04176,9149.078733237547892720306513409961685823754789272
1580875200000,1.0,9221.0,9221.0,9221.0,9221.0,0.00001,9221.0
1580882400000,12.0,9240.0,9260.01,9240.0,9245.0,30.02,9252.6648967355096602265156562291805463024650233178
1580886000000,31.0,9245.0,9250.01,9240.0,9240.0,62.03,9241.9371320328873125906819280993067870385297436724
1580889600000,1.0,9240.01,9240.01,9240.01,9240.01,0.01,9240.01
1580893200000,5.0,9200.9,9200.9,9200.9,9200.9,0.00038,9200.9
1580900400000,1.0,9344.1,9344.1,9344.1,9344.1,0.00107,9344.1
1580904000000,2.0,9344.1,9386.2,9344.1,9386.2,0.00008799,9368.1571428571428571428571428571428571428571428571
1580907600000,2.0,9413.1,9413.1,9413.1,9413.1,0.02609491,9413.1
1580914800000,2.0,9402.0,9402.0,9402.0,9402.0,0.03015,9402.0
1580918400000,4.0,9428.9,9428.9,9428.9,9428.9,0.12656126,9428.9
1580929200000,3.0,9723.3,9725.0,9723.3,9725.0,0.01028,9723.8614234435797665369649805447470817120622568093
1580943600000,7.0,9635.78,9683.3,9616.19,9663.99,0.02174658,9651.8003502389801062971740843847630294050834659979
1580947200000,8.0,9603.76,9647.2,9570.85,9612.41,0.03037521,9612.1094038856027662030978551259398700453428963948
1580950800000,6.0,9562.9,9609.3,9532.15,9609.3,0.01573395,9583.2134480343461114341916683350334785606920067752
1580954400000,7.0,9616.91,9634.26,9549.2,9549.2,0.12557733,9557.8534626369265853956283351461605370969425771355
1580958000000,4.0,9612.5,9612.5,9582.7,9582.7,0.00566521,9593.6131358060866234437911392516782255203249305851
1580961600000,6.0,9553.7,9686.96,9553.7,9615.56,0.03019519,9600.4727219567089990160684532867652099556253827182
1580965200000,6.0,9649.42,9649.42,9625.71,9634.95,0.02619152,9635.1026868085548299602314031411693555776831585185
1580968800000,5.0,9662.91,9662.91,9590.92,9590.92,0.0164326,9632.8179797171476211920207392621983131093071090393
1580972400000,4.0,9596.04,9655.01,9596.04,9655.01,2.02763929,9654.835196851802965408112603696883384026357074586
1580976000000,15.0,9635.0,9648.98,9585.6,9620.0,20.03887188,9627.4999953362893600176059411983225874090473001218
1580979600000,10.0,9648.82,9648.82,9583.24,9627.53,15.02601894,9600.0163923245660437055192478015071635468070293807
1580983200000,17.0,9652.11,9652.11,9609.84,9650.45,21.04967826,9642.3726866974022813401424407329634880604583644596
1580986800000,24.0,9640.38,9665.27,9635.43,9635.43,34.04327097,9653.5219300179720656261016154641264778558968183662
1580990400000,5.0,9712.64,9726.46,9632.8,9726.46,0.02226473,9693.2468490747473694942628992132399539540789400994
1580994000000,158.0,9726.46,9801.33,9668.32,9796.92,23.42758526,9772.0415822481953908381593058814461870834740908334
1580997600000,279.0,9785.79,9800.8,9705.92,9773.82,45.43101415,9760.5069079056625021433733501632606632004934012683
1581001200000,262.0,9786.46,9800.5,9731.58,9762.73,43.66188352,9772.4337137654523246733264153969324683865585100622
1581004800000,290.0,9779.66,9801.2,9748.5,9759.39,47.10247964,9774.9633409479841133900864842027666974859075593244
1581008400000,274.0,9757.2,9800.55,9748.63,9753.72,43.68139979,9775.6491608395867297365288943273582762627854879923
1581012000000,257.0,9770.83,9800.39,9748.54,9753.85,42.60986437,9773.0764350905583509136149827176743956390115118313
1581015600000,249.0,9800.05,9800.05,9748.31,9766.26,38.17597265,9763.179289034523132182723836900066513433024475933
1581019200000,224.0,9776.0,9784.6,9748.28,9755.69,36.37514923,9760.8305444358117895204577281675113556640658213459
1581022800000,60.0,9784.74,9787.7,9749.83,9750.67,9.67257934,9769.3529928861663904428619553716682152332699294251
1581026400000,7.0,9750.55,9750.55,9749.95,9750.37,0.04571021,9750.3588006180676045898717157501573499662329269544
1581030000000,31.0,9749.87,9750.09,9695.61,9747.01,0.38390509,9745.0768122584673206599058116160950093159744248246
1581033600000,8.0,9742.88,9750.09,9705.6,9710.02,0.12622582,9712.8195103703822244925800442413445997023429913151
1581037200000,24.0,9747.63,9750.15,9743.98,9748.84,0.08237272,9747.4918712262991922568539681583903020320319639803
1581040800000,25.0,9750.15,9771.24,9750.15,9756.06,0.74495443,9752.7388215322110373919113414762833211153600361837
1581044400000,7.0,9766.54,9771.74,9763.0,9771.0,0.04637373,9767.3051340187645030925914305362109107893628569451
1581048000000,9.0,9759.19,9766.86,9727.59,9766.86,0.07157214,9745.8125429657405800636951752455634273335965642497
1581051600000,11.0,9736.25,9770.58,9734.85,9749.92,0.0751359,9757.1992965759377341590371580030318396399058239803
1581055200000,9.0,9718.43,9772.12,9718.43,9727.74,0.05917832,9743.485624563184625721041083964532957339782541985
1581058800000,1.0,9770.0,9770.0,9770.0,9770.0,0.01,9770.0
1581062400000,10.0,9755.5,9770.76,9740.22,9743.73,0.09041276,9753.5976853930794724107526415519225383673720390794
1581066000000,18.0,9740.81,9772.12,9733.7,9745.31,20.09816694,9754.979520442400106763169318166684508592304488043
1581069600000,8.0,9772.12,9772.12,9736.69,9767.63,0.06014917,9756.1689684545938040375286974034720678606205206157
1581073200000,14.0,9772.12,9793.93,9770.77,9770.77,0.85088338,9783.2397632736697712911021954618504829651273715089
1581076800000,12.0,9741.67,9790.22,9708.34,9726.13,0.08847871,9752.6445115757225664795519735764682825958922773625
1581080400000,11.0,9716.61,9768.16,9716.61,9753.17,0.06358197,9747.2704364853747060684027248605225663816330321316
1581084000000,13.0,9779.51,9781.6,9740.34,9781.6,0.08323736,9767.2627633805300888927760323008802777983347862066
1581087600000,9.0,9755.27,9787.98,9755.27,9777.96,0.08847421,9771.4705681214898669341042999988358189352580825531
1581091200000,13.0,9789.77,9791.91,9758.7,9765.14,0.10861237,9778.0843886492855279743918671510436610489210391045
1581094800000,10.0,9783.99,9792.68,9760.39,9766.53,0.06223789,9776.9408423261135620118227015729485687898481134242
1581098400000,9.0,9792.57,9792.57,9755.5,9755.5,0.06111112,9775.9126232607093438968227059166973212076623697946
1581102000000,12.0,9782.0,9789.79,9729.23,9743.03,0.08890944,9760.1363569852650067304439213653803240690752298069
1581105600000,9.0,9758.32,9790.1,9743.08,9766.75,0.07240988,9767.0032565555971091237825556401971664640239702096
1581109200000,17.0,9704.8,9779.39,9704.8,9729.77,0.08721044,9738.5019588388729606226043579186161656792466590009
1581112800000,12.0,9735.99,9773.08,9731.74,9758.35,0.09323991,9747.6098347907028224287217780454743038683756773253
1581116400000,22.0,9761.33,9790.97,9736.2,9772.13,0.0806747,9770.6156342446888553660565208175549459743885009799
1581120000000,23.0,9785.08,9793.23,9764.18,9776.86,0.11213226,9776.3358649375300203527512956574673515008080636206
1581123600000,11.0,9744.98,9786.74,9741.5,9785.83,0.30029504,9746.527041720702413200031542312520379956991630631
1581127200000,5.0,9745.19,9778.76,9745.19,9755.0,0.01538714,9756.3457641056102693547988775042015605239180250521
1581130800000,7.0,9727.87,9727.87,9727.87,9727.87,0.00007,9727.87
1581134400000,1.0,9727.87,9727.87,9727.87,9727.87,0.00088191,9727.87
1581145200000,11.0,9769.66,9792.9,9736.17,9752.85,0.08752228,9776.4254602325259351104655865912085471265145286434
1581148800000,19.0,9772.98,9789.48,9734.6,9734.6,0.05652485,9766.9389633992836778868055377413650810218868338439
1581152400000,15.0,9747.3,9793.92,9746.7,9753.42,0.10416562,9765.2879488289898336898489156019039679310697713891
1581156000000,28.0,9753.3,9791.69,9751.6,9780.89,0.07854343,9773.440288395859462720179141654496117625624447519
1581159600000,18.0,9786.7,9793.23,9774.6,9790.43,0.11809233,9784.0539450758571704021759922934876464881334799644
1581163200000,17.0,9791.48,9798.02,9778.15,9797.92,0.33578324,9793.4554913273813189723227401105546542465907470546
1581166800000,8.0,9791.64,9796.54,9776.21,9776.21,0.05195298,9791.2700654418668573005821802714685471362759171851
1581170400000,9.0,9778.79,9797.43,9775.77,9777.22,0.06676146,9785.7983054759437555739494013462258015328005109535
1581174000000,14.0,9788.36,9796.68,9786.82,9795.26,0.10142088,9791.8529757945306725794530672579453067257945306726
1581177600000,21.0,9798.06,9811.65,9798.06,9810.8,1.38603061,9801.4406233255555589786000469354713601887912129156
1581181200000,18.0,9812.9,9845.61,9812.9,9844.17,1.13566594,9824.6378487548019622742229990625588366240868331404
1581184800000,9.0,9842.83,9842.85,9823.19,9823.19,0.03565659,9833.4376379513576592713997608857156559278383042237
1581188400000,14.0,9820.4,9844.87,9818.8,9842.02,0.10788663,9835.9948788297493396540423961708693653699258193531
1581192000000,16.0,9842.87,9842.87,9830.22,9831.0,0.11721024,9836.6614667395954483157785531366542718451903178425
1581195600000,13.0,9833.73,9845.61,9833.73,9845.31,0.08599381,9841.6458083378326881899987917735009066350240790587
1581199200000,28.0,9845.61,9899.25,9845.61,9868.88,1.41218559,9849.1008917502125198714143514238804830178163763872
1581202800000,14.0,9868.73,9900.0,9856.38,9865.27,0.10056515,9877.9277970907416734325956854834900559488053266962
1581206400000,17.0,9886.51,9898.07,9880.7,9896.14,0.11848055,9889.3754377178363874914490184253871205020570886951
1581210000000,14.0,9899.17,9899.98,9897.14,9898.06,0.08953619,9898.7590136915586870515709904564846907155642874686
1581213600000,11.0,9900.0,9948.04,9900.0,9913.14,0.05337115,9931.8618630271223310721241719543236373958589987287
1581217200000,10.0,9928.55,9946.66,9909.83,9932.14,0.06193885,9932.1357872546874861254285476724220743523652763976
1581220800000,10.0,9950.0,9991.99,9941.05,9991.99,0.0739322,9972.5157176494139224857369319457557059035170061218
1581224400000,13.0,10000.0,10088.31,10000.0,10054.87,0.06444255,10050.891650054195558679785328172147129497513676911
1581228000000,10.0,10094.03,10099.21,10071.31,10091.81,0.04610053,10092.972071876397082636577063213806869465492045319
1581231600000,8.0,10083.29,10098.89,10083.29,10085.5,0.0379548,10090.636840423345663789560213727907932593505959721
1581235200000,10.0,10096.78,10099.86,10093.45,10098.76,0.08813036,10096.909720074898139528761711628092748060940633852
1581238800000,9.0,10091.35,10099.58,10087.99,10096.87,0.0672275,10094.545443062734743966382804655832806515190956082
1581242400000,9.0,10053.57,10099.99,10053.57,10064.48,0.04986361,10067.2429713231753577408454782956949968123046045
1581246000000,14.0,10092.89,10099.59,10082.28,10092.22,0.10846352,10091.536920455836211105816960393688126662310055953
1581249600000,12.0,10094.61,10098.75,10082.43,10082.43,0.04710586,10089.604556163500676985835732539433522708215071331
1581253200000,12.0,10099.65,10099.98,10098.04,10099.12,0.08254911,10099.401822576887867113285655048249460230401030369
1581256800000,14.0,10072.06,10096.29,10061.08,10085.18,0.84992447,10086.805785986724208564085700462301079530043416682
1581260400000,5.0,10080.86,10080.86,10043.93,10072.11,0.02073239,10070.279304831715012113895214203475817308086525481
1581264000000,14.0,10044.99,10092.48,10023.95,10092.48,0.11071003,10072.35004499863291519295948162962289866600162605
1581267600000,11.0,10088.94,10095.88,10063.98,10085.98,0.07961831,10085.76510155264536511764693322427969144283519708
1581271200000,16.0,10066.0,10091.27,10052.23,10086.7,0.08839726,10075.291084056225272140788074200489924687710908687
1581274800000,13.0,10086.1,10099.07,10060.25,10079.37,0.06904832,10081.699039164167933412427702802906718078006821889
1581278400000,18.0,10076.74,10095.24,10042.2,10078.21,0.12027865,10070.274423376052192138837607505571437657472876525
1581282000000,13.0,10086.43,10089.58,10042.52,10071.83,0.08037585,10061.417286515788013439360205832970973246317146257
1581285600000,12.0,10092.44,10095.27,10053.57,10065.79,0.08876594,10070.979628286480152184497792734465494310092362002
1581289200000,13.0,10092.78,10098.0,10087.5,10095.18,0.1039207,10093.476752746084273874213703333407107534879961355
1581292800000,13.0,10100.0,10147.96,10100.0,10138.81,0.06970574,10137.077655733946730929188901803495666210558843504
1581296400000,10.0,10149.05,10149.29,10129.28,10136.86,0.05149027,10140.318050530711918970321965684002045434991892643
1581300000000,11.0,10134.72,10149.17,10122.18,10127.43,0.05849847,10140.182059624807281284450687342762981664306775887
1581303600000,10.0,10114.85,10143.43,10107.95,10117.9,0.06867803,10119.892925181459048839927412012254865202161448137
1581307200000,13.0,10108.6,10111.5,10107.1,10107.85,0.07492439,10108.590337679092215498851575568383005854301916906
1581310800000,15.0,10106.15,10107.1,10040.56,10040.85,0.06515597,10075.938506836748804445701598794400574498392089013
1581314400000,42.0,10084.32,10088.97,9805.4,9805.4,0.06802065,10008.595289917106055293502781875798011339203609492
1581318000000,7.0,9992.6,10019.3,9992.6,10019.0,0.00007,10003.242857142857142857142857142857142857142857143
1581321600000,4.0,9952.1,10019.0,9952.1,10010.2,0.01004,10008.063346613545816733067729083665338645418326693
1581325200000,3.0,9890.0,9924.8,9890.0,9924.8,0.01286228,9890.4667424437969007050071993456836579517783783279
1581328800000,16.0,9892.68,9893.2,9845.1,9888.43,0.04353392,9882.5166548061833163657212582740079459878641757967
1581332400000,16.0,9885.76,9885.76,9856.76,9862.48,0.06840931,9865.2698877755089183036636387649575766807178730497
1581336000000,26.0,9856.05,9856.05,9814.13,9814.13,0.03521664,9842.8507792793406753171228146694289972013230109403
1581339600000,10.0,9865.65,9865.65,9816.78,9859.84,0.08376643,9846.7549529781799224343212430086849827550248948176
1581343200000,2.0,9812.35,9864.02,9812.35,9864.02,0.00575273,9818.5248233621254604335680624677327112518751966458
1581393600000,6.0,9870.47,9983.8,9870.47,9983.8,0.00469059,9960.800769562038037858776827648547410880081183817
1581411600000,19.0,9983.8,9998.0,9983.8,9998.0,0.01707,9990.604006151142355008787346221441124780316344464
1581415200000,17.0,9998.0,10150.0,9998.0,10150.0,0.00606305,10006.502998490858561285161758520876456568888595674
1581418800000,13.0,10150.0,10230.25,10150.0,10230.25,0.04794,10220.702496923237380058406341259908218606591572799
1581487200000,2.0,10200.0,10200.0,10200.0,10200.0,0.10021,10200.0
1581490800000,13.0,10230.25,10355.25,10230.25,10355.25,0.01896236,10350.54064420251487684022452901432100223811804016
1581498000000,14.0,9805.65,9805.65,9655.2,9655.2,0.013,9666.8839923076923076923076923076923076923076923077
1581505200000,6.0,9655.3,9655.3,9655.2,9655.2,0.00734,9655.2047002724795640326975476839237057220708446866
1581580800000,1.0,9655.2,9655.2,9655.2,9655.2,0.00001,9655.2
1581606000000,5.0,10355.0,10407.0,10355.0,10407.0,0.00288,10386.970486111111111111111111111111111111111111111
1581652800000,1.0,9655.2,9655.2,9655.2,9655.2,0.00265,9655.2
1581674400000,1.0,10350.0,10350.0,10350.0,10350.0,0.01099,10350.0
1581922800000,2.0,10349.99,10350.0,10349.99,10350.0,0.00774,10349.998954741602067183462532299741602067183462532
1581926400000,2.0,10350.0,10350.0,10350.0,10350.0,0.00814,10350.0
1581937200000,1.0,10350.0,10350.0,10350.0,10350.0,0.00001,10350.0
1582023600000,1.0,9657.2,9657.2,9657.2,9657.2,0.00677,9657.2
1582027200000,1.0,10349.0,10349.0,10349.0,10349.0,0.00635,10349.0
1582045200000,1.0,10350.0,10350.0,10350.0,10350.0,0.00017,10350.0
1582088400000,19.0,10407.03,10470.0,9590.25,10470.0,0.1348,10463.622532640949554896142433234421364985163204748
1582099200000,6.0,9590.4,9590.4,9590.25,9590.25,0.00364,9590.2582417582417582417582417582417582417582417582
1582110000000,1.0,10470.0,10470.0,10470.0,10470.0,0.00025,10470.0
1582196400000,2.0,10469.99,10470.0,10469.99,10470.0,0.12027,10469.991685374573875446911116654194728527479837033
1582200000000,1.0,10470.0,10470.0,10470.0,10470.0,0.00020378,10470.0
1582207200000,2.0,10469.99,10469.99,9601.21,9601.21,0.00061,9715.1483606557377049180327868852459016393442622951
1582218000000,2.0,10469.99,10470.0,10469.99,10470.0,0.00536,10469.994197761194029850746268656716417910447761194
1582225200000,1.0,9601.21,9601.21,9601.21,9601.21,0.00001,9601.21
1582228800000,14.0,9601.21,9601.21,9351.25,9351.25,0.08026,9515.4202018440069773236979815599302267630201844007
1582279200000,1.0,9353.1,9353.1,9353.1,9353.1,0.0019,9353.1
1582365600000,1.0,9992.25,9992.25,9992.25,9992.25,0.00228191,9992.25
1582376400000,1.0,9992.25,9992.25,9992.25,9992.25,0.00171,9992.25
1582484400000,5.0,9455.24,9455.24,9353.1,9353.1,0.04602,9399.9341428031290743155149934810951760104302477184
1582488000000,1.0,9353.11,9353.11,9353.11,9353.11,0.00001,9353.11
1582506000000,2.0,10180.15,10470.0,10180.15,10470.0,0.11917,10397.032810271041369472182596291012838801711840228
1582534800000,7.0,10280.2,10280.2,10280.2,10280.2,0.00423009,10280.2
1582542000000,3.0,9445.26,10280.2,9445.25,10280.2,0.00809669,9843.9927544465701416257754712110751430522843285343
1582610400000,14.0,9445.26,9445.26,8573.7,8573.7,0.03685,9294.5450927218453188602442333785617367706919945726
1582675200000,2.0,8573.88,8573.88,8573.87,8573.87,0.002,8573.8720072
1582722000000,5.0,10082.0,10082.0,8573.87,8573.87,0.00709,9328.9991211142454160789844851904090267983074753173
1582725600000,3.0,10082.0,10120.4,10082.0,10120.4,0.4904,10116.762805872756933115823817292006525285481239805
1582779600000,3.0,8615.21,8615.21,8615.2,8615.21,0.00358,8615.2012717877094972067039106145251396648044692737
1582815600000,1.0,9000.0,9000.0,9000.0,9000.0,0.00032126,9000.0
1582830000000,4.0,9000.0,9815.5,9000.0,9815.5,0.07811144,9800.1395807067441081613653518613918780654920713278
1582837200000,1.0,9781.8,9781.8,9781.8,9781.8,0.01019138,9781.8
1582873200000,2.0,8615.31,8615.31,8615.3,8615.3,0.00218,8615.3018026146788990825688073394495412844036697248
1582959600000,1.0,9415.0,9415.0,9415.0,9415.0,0.00003177,9415.0
1582977600000,8.0,8645.1,8645.1,8573.87,8573.87,0.01596,8606.6829195551378446115288220551378446115288220551
1583010000000,1.0,9405.2,9405.2,9405.2,9405.2,0.00001272,9405.2
1583035200000,183.0,9380.0,9380.0,9380.0,9380.0,0.00183,9380.0
1583038800000,108.0,9380.0,9380.0,9380.0,9380.0,0.00108,9380.0
1583049600000,1.0,9380.0,9380.0,9380.0,9380.0,0.00158,9380.0
1583150400000,5.0,9395.25,9633.2,9395.25,9633.2,0.18571,9458.6169961768348500350008077109471757040547089548
1583229600000,1.0,9595.4,9595.4,9595.4,9595.4,0.00003,9595.4
1583233200000,2.0,9595.4,9695.15,9595.4,9695.15,0.02281,9607.8195528277071459886014905743095133713283647523
1583244000000,2.0,9200.0,9200.0,9100.0,9100.0,0.01662,9133.935018050541516245487364620938628158844765343
1583341200000,1.0,9608.2,9608.2,9608.2,9608.2,0.00104,9608.2
1583420400000,1.0,9754.15,9754.15,9754.15,9754.15,0.00005008,9754.15
1583503200000,3.0,9754.0,10023.1,9754.0,10023.1,0.05242,10022.997329263639832125143075162151850438763830599
1583589600000,1.0,9235.2,9235.2,9235.2,9235.2,0.00153,9235.2
1583632800000,1.0,9652.7,9652.7,9652.7,9652.7,0.12232,9652.7
1583704800000,1.0,8775.2,8775.2,8775.2,8775.2,0.01441,8775.2
1583715600000,1.0,8897.6,8897.6,8897.6,8897.6,0.06,8897.6
1583730000000,2.0,8771.0,8771.0,8768.16,8768.16,0.03201,8770.8216682286785379568884723523898781630740393627
1583733600000,2.0,8805.5,8805.5,8734.0,8734.0,0.07,8795.2857142857142857142857142857142857142857142857
1583751600000,1.0,8691.1,8691.1,8691.1,8691.1,0.01,8691.1
1583755200000,1.0,8655.0,8655.0,8655.0,8655.0,0.01,8655.0
1583766000000,13.0,8574.0,8574.0,8572.95,8572.95,0.01032,8573.9895348837209302325581395348837209302325581395
1583780400000,2.0,8000.01,8646.0,8000.01,8646.0,0.01920663,8309.6630163646615777989163117111122565489104543587
1583902800000,1.0,8000.01,8000.01,8000.01,8000.01,0.00239,8000.01
1583935200000,1.0,8676.6,8676.6,8676.6,8676.6,0.00013,8676.6
1583996400000,1.0,8297.0,8297.0,8297.0,8297.0,0.0012,8297.0
1584003600000,1.0,8108.1,8108.1,8108.1,8108.1,0.04232,8108.1
1584010800000,26.0,7327.1,7327.1,6797.8,6797.8,1.79712502,7009.0339629715911472870151237447019684807459861641
1584014400000,3.0,6680.2,6680.2,6680.2,6680.2,0.25062568,6680.2
1584018000000,7.0,6550.01,6604.4,6500.77,6604.4,0.26245834,6554.9178868718745992221089259346835768297551527606
1584021600000,2.0,6500.77,6581.8,6500.77,6581.8,0.03486901,6541.6214571735761927281560331079087132098100863776
1584046800000,4.0,6500.77,6500.77,6413.4,6413.4,0.9279536,6494.1656143372901403690874198882357910998998225773
1584050400000,2.0,6400.0,6400.0,6380.0,6380.0,0.0203228,6380.0984116361918633259196567402129627807191922373
1584057600000,77.0,6350.0,6350.0,5664.9,5664.9,3.51854935,5869.8833481998199058938877750854908429805027461104
1584061200000,115.0,5660.23,5660.23,5206.6,5206.6,7.28500212,5391.6345759695125524548234448557717097822889857992
1584064800000,19.0,5201.68,5389.9,5115.0,5389.9,0.91381185,5166.3268855074488254885291758910764836328178497576
1584180000000,1.0,5904.4,5904.4,5904.4,5904.4,0.82557,5904.4
1584270000000,1.0,5111.77,5111.77,5111.77,5111.77,0.04423,5111.77
1584345600000,1.0,5318.4,5318.4,5318.4,5318.4,0.00698696,5318.4
1584349200000,1.0,5390.0,5390.0,5390.0,5390.0,0.00006,5390.0
1584356400000,17.0,5111.77,5111.77,5016.0,5016.0,1.03203751,5057.6948429398656256205261376594732491845184968132
1584644400000,1.0,6886.0,6886.0,6886.0,6886.0,0.0003,6886.0
1584648000000,1.0,6856.4,6856.4,6856.4,6856.4,0.00043623,6856.4
1584727200000,1.0,7072.2,7072.2,7072.2,7072.2,0.14636,7072.2
1584806400000,1.0,6862.4,6862.4,6862.4,6862.4,0.00032,6862.4
1584871200000,1.0,6958.0,6958.0,6958.0,6958.0,0.04912,6958.0
1585263600000,1.0,7448.2,7448.2,7448.2,7448.2,0.00004551,7448.2
1585285200000,1.0,6015.5,6015.5,6015.5,6015.5,0.00188,6015.5
1585429200000,1.0,6885.1,6885.1,6885.1,6885.1,0.00001,6885.1
